[2026-10-03T23:43:07.520+0000][0.005s][info][gc,init] Initializing The Z Garbage Collector
[2026-10-03T23:43:07.520+0000][0.005s][info][gc,init] Version: 25.0.4.1+1-LTS-5 (release)
[2026-10-03T23:43:07.520+0000][0.005s][info][gc,init] NUMA Support: Disabled
[2026-10-03T23:43:07.520+0000][0.005s][info][gc,init] CPUs: 5 total, 4 available
[2026-10-03T23:43:07.520+0000][0.005s][info][gc,init] Memory: 16384M
[2026-10-03T23:43:07.520+0000][0.005s][info][gc,init] Large Page Support: Disabled
[2026-10-03T23:43:07.520+0000][0.005s][info][gc,init] Address Space Size: unlimited
[2026-10-03T23:43:07.520+0000][0.005s][info][gc,init] Reserved Space Type: Contiguous/Unrestricted/Complete
[2026-10-03T23:43:07.520+0000][0.005s][info][gc,init] Reserved Space Size: 48G
[2026-10-03T23:43:07.520+0000][0.005s][info][gc,init] Heap Backing File: /memfd:java_heap
[2026-10-03T23:43:07.520+0000][0.005s][info][gc,init] Heap Backing Filesystem: tmpfs (0x1021994)
[2026-10-03T23:43:07.520+0000][0.005s][info][gc,init] Min Capacity: 512M
[2026-10-03T23:43:07.520+0000][0.005s][info][gc,init] Initial Capacity: 512M
[2026-10-03T23:43:07.520+0000][0.005s][info][gc,init] Max Capacity: 3072M
[2026-10-03T23:43:07.520+0000][0.005s][info][gc,init] Soft Max Capacity: 3072M
[2026-10-03T23:43:07.520+0000][0.005s][info][gc,init] Page Size Medium: Range [4M, 32M]
[2026-10-03T23:43:07.520+0000][0.005s][info][gc,init] Pre-touch: Disabled
[2026-10-03T23:43:07.520+0000][0.005s][info][gc,init] Available space on backing filesystem: N/A
[2026-10-03T23:43:07.521+0000][0.005s][info][gc,init] Uncommit: Enabled
[2026-10-03T23:43:07.521+0000][0.005s][info][gc,init] Uncommit Delay: 300s
[2026-10-03T23:43:07.521+0000][0.005s][info][gc,init] GC Workers for Old Generation: 1 (dynamic)
[2026-10-03T23:43:07.521+0000][0.006s][info][gc,init] GC Workers for Young Generation: 1 (dynamic)
[2026-10-03T23:43:07.556+0000][0.041s][info][gc,init] GC Workers Max: 1 (dynamic)
[2026-10-03T23:43:07.557+0000][0.042s][info][gc,init] Runtime Workers: 3
[2026-10-03T23:43:07.557+0000][0.042s][info][gc     ] Using The Z Garbage Collector
[2026-10-03T23:43:07.560+0000][0.045s][info][gc,metaspace] CDS archive(s) mapped at: [0x0000000076000000-0x0000000076d94000-0x0000000076d94000), size 14237696, SharedBaseAddress: 0x0000000076000000, ArchiveRelocationMode: 1.
[2026-10-03T23:43:07.560+0000][0.045s][info][gc,metaspace] Compressed class space mapped at: 0x0000000077000000-0x00000000b7000000, reserved size: 1073741824
[2026-10-03T23:43:07.560+0000][0.045s][info][gc,metaspace] UseCompressedClassPointers 1, UseCompactObjectHeaders 0
[2026-10-03T23:43:07.560+0000][0.045s][info][gc,metaspace] Narrow klass pointer bits 32, Max shift 3
[2026-10-03T23:43:07.560+0000][0.045s][info][gc,metaspace] Narrow klass base: 0x0000000076000000, Narrow klass shift: 0
[2026-10-03T23:43:07.560+0000][0.045s][info][gc,metaspace] Encoding Range: [0x0000000076000000 - 0x0000000176000000), (4294967296 bytes)
[2026-10-03T23:43:07.560+0000][0.045s][info][gc,metaspace] Klass Range:    [0x0000000076001000 - 0x00000000b7000000), (1090514944 bytes)
[2026-10-03T23:43:07.560+0000][0.045s][info][gc,metaspace] Klass ID Range:  [4096 - 1090519033) (1090514937)
[2026-10-03T23:43:07.560+0000][0.045s][info][gc,metaspace] Protection zone: [0x0000000076000000 - 0x0000000076001000), (4096 bytes)
[2026-10-03T23:43:56.807+0000][49.291s][info][gc          ] GC(0) Major Collection (Metadata GC Threshold)
[2026-10-03T23:43:56.807+0000][49.291s][info][gc,task     ] GC(0) Using 1 Workers for Young Generation
[2026-10-03T23:43:56.807+0000][49.291s][info][gc,task     ] GC(0) Using 1 Workers for Old Generation
[2026-10-03T23:43:56.807+0000][49.292s][info][gc,phases   ] GC(0) Y: Young Generation
[2026-10-03T23:43:56.807+0000][49.292s][info][gc,phases   ] GC(0) Y: Pause Mark Start (Major) 0.020ms
[2026-10-03T23:43:56.843+0000][49.328s][info][gc,phases   ] GC(0) Y: Concurrent Mark 35.502ms
[2026-10-03T23:43:56.843+0000][49.328s][info][gc,phases   ] GC(0) Y: Pause Mark End 0.009ms
[2026-10-03T23:43:56.843+0000][49.328s][info][gc,phases   ] GC(0) Y: Concurrent Mark Free 0.002ms
[2026-10-03T23:43:56.843+0000][49.328s][info][gc,phases   ] GC(0) Y: Concurrent Reset Relocation Set 0.030ms
[2026-10-03T23:43:56.844+0000][49.328s][info][gc,reloc    ] GC(0) Y: Using tenuring threshold: 1 (Computed)
[2026-10-03T23:43:56.845+0000][49.330s][info][gc,phases   ] GC(0) Y: Concurrent Select Relocation Set 1.398ms
[2026-10-03T23:43:56.845+0000][49.330s][info][gc,phases   ] GC(0) Y: Pause Relocate Start 0.005ms
[2026-10-03T23:43:56.859+0000][49.343s][info][gc,phases   ] GC(0) Y: Concurrent Relocate 13.468ms
[2026-10-03T23:43:56.859+0000][49.343s][info][gc,alloc    ] GC(0) Y:                         Mark Start        Mark End      Relocate Start    Relocate End   
[2026-10-03T23:43:56.859+0000][49.343s][info][gc,alloc    ] GC(0) Y: Allocation Stalls:          0                0                0                0         
[2026-10-03T23:43:56.859+0000][49.343s][info][gc,load     ] GC(0) Y: Load: 1.46 (29%) / 1.27 (25%) / 0.97 (19%)
[2026-10-03T23:43:56.859+0000][49.343s][info][gc,mmu      ] GC(0) Y: MMU: 2ms/99.0%, 5ms/99.6%, 10ms/99.8%, 20ms/99.9%, 50ms/99.9%, 100ms/100.0%
[2026-10-03T23:43:56.859+0000][49.343s][info][gc,marking  ] GC(0) Y: Mark: 1 stripe(s), 2 proactive flush(es), 1 terminate flush(es), 0 completion(s), 0 continuation(s) 
[2026-10-03T23:43:56.859+0000][49.343s][info][gc,nmethod  ] GC(0) Y: NMethods: 3970 registered, 0 unregistered
[2026-10-03T23:43:56.859+0000][49.343s][info][gc,metaspace] GC(0) Y: Metaspace: 21M used, 21M committed, 1088M reserved
[2026-10-03T23:43:56.859+0000][49.343s][info][gc,reloc    ] GC(0) Y:                        Candidates     Selected     In-Place         Size        Empty    Relocated 
[2026-10-03T23:43:56.859+0000][49.343s][info][gc,reloc    ] GC(0) Y: Small Pages:                   66           55            0         132M           2M          11M 
[2026-10-03T23:43:56.859+0000][49.343s][info][gc,reloc    ] GC(0) Y: Medium Pages:                   1            0            0          32M           0M           0M 
[2026-10-03T23:43:56.859+0000][49.343s][info][gc,reloc    ] GC(0) Y: Large Pages:                    1            0            0          12M          12M           0M 
[2026-10-03T23:43:56.859+0000][49.343s][info][gc,reloc    ] GC(0) Y: Forwarding Usage: 4M
[2026-10-03T23:43:56.859+0000][49.343s][info][gc,reloc    ] GC(0) Y: Age Table:
[2026-10-03T23:43:56.859+0000][49.343s][info][gc,reloc    ] GC(0) Y:                    Live             Garbage             Small              Medium             Large        
[2026-10-03T23:43:56.859+0000][49.343s][info][gc,reloc    ] GC(0) Y: Eden              20M (1%)          155M (5%)          66 / 55             1 / 0              1 / 0        
[2026-10-03T23:43:56.859+0000][49.343s][info][gc,heap     ] GC(0) Y: Min Capacity: 512M(17%)
[2026-10-03T23:43:56.859+0000][49.343s][info][gc,heap     ] GC(0) Y: Max Capacity: 3072M(100%)
[2026-10-03T23:43:56.859+0000][49.343s][info][gc,heap     ] GC(0) Y: Soft Max Capacity: 3072M(100%)
[2026-10-03T23:43:56.859+0000][49.343s][info][gc,heap     ] GC(0) Y: Heap Statistics:
[2026-10-03T23:43:56.859+0000][49.343s][info][gc,heap     ] GC(0) Y:                Mark Start          Mark End        Relocate Start      Relocate End           High               Low         
[2026-10-03T23:43:56.859+0000][49.343s][info][gc,heap     ] GC(0) Y:  Capacity:      512M (17%)         512M (17%)         512M (17%)         512M (17%)         512M (17%)         512M (17%)    
[2026-10-03T23:43:56.859+0000][49.343s][info][gc,heap     ] GC(0) Y:      Free:     2896M (94%)        2892M (94%)        2906M (95%)        3010M (98%)        3010M (98%)        2892M (94%)    
[2026-10-03T23:43:56.859+0000][49.343s][info][gc,heap     ] GC(0) Y:      Used:      176M (6%)          180M (6%)          166M (5%)           62M (2%)          180M (6%)           62M (2%)     
[2026-10-03T23:43:56.859+0000][49.343s][info][gc,heap     ] GC(0) Y: Young Generation Statistics:
[2026-10-03T23:43:56.859+0000][49.343s][info][gc,heap     ] GC(0) Y:                Mark Start          Mark End        Relocate Start      Relocate End    
[2026-10-03T23:43:56.859+0000][49.343s][info][gc,heap     ] GC(0) Y:      Used:      176M (6%)          180M (6%)          166M (5%)           62M (2%)     
[2026-10-03T23:43:56.859+0000][49.343s][info][gc,heap     ] GC(0) Y:      Live:         -                20M (1%)           20M (1%)           20M (1%)     
[2026-10-03T23:43:56.859+0000][49.343s][info][gc,heap     ] GC(0) Y:   Garbage:         -               155M (5%)          141M (5%)           29M (1%)     
[2026-10-03T23:43:56.859+0000][49.343s][info][gc,heap     ] GC(0) Y: Allocated:         -                 4M (0%)            4M (0%)           12M (0%)     
[2026-10-03T23:43:56.859+0000][49.343s][info][gc,heap     ] GC(0) Y: Reclaimed:         -                  -                14M (0%)          126M (4%)     
[2026-10-03T23:43:56.859+0000][49.343s][info][gc,heap     ] GC(0) Y:  Promoted:         -                  -                 0M (0%)            0M (0%)     
[2026-10-03T23:43:56.859+0000][49.343s][info][gc,heap     ] GC(0) Y: Compacted:         -                  -                  -                15M (1%)     
[2026-10-03T23:43:56.859+0000][49.343s][info][gc,phases   ] GC(0) Y: Young Generation 176M(6%)->62M(2%) 0.052s
[2026-10-03T23:43:56.859+0000][49.343s][info][gc,phases   ] GC(0) O: Old Generation
[2026-10-03T23:43:56.859+0000][49.344s][info][gc,phases   ] GC(0) O: Concurrent Mark 0.565ms
[2026-10-03T23:43:56.859+0000][49.344s][info][gc,phases   ] GC(0) O: Pause Mark End 0.007ms
[2026-10-03T23:43:56.859+0000][49.344s][info][gc,phases   ] GC(0) O: Concurrent Mark Free 0.000ms
[2026-10-03T23:43:56.873+0000][49.358s][info][gc,phases   ] GC(0) O: Concurrent Process Non-Strong 13.903ms
[2026-10-03T23:43:56.873+0000][49.358s][info][gc,phases   ] GC(0) O: Concurrent Reset Relocation Set 0.001ms
[2026-10-03T23:43:56.874+0000][49.359s][info][gc,phases   ] GC(0) O: Concurrent Select Relocation Set 0.607ms
[2026-10-03T23:43:56.874+0000][49.359s][info][gc,task     ] GC(0) O: Using 1 Workers for Old Generation
[2026-10-03T23:43:56.876+0000][49.360s][info][gc,task     ] GC(0) O: Using 1 Workers for Old Generation
[2026-10-03T23:43:56.876+0000][49.360s][info][gc,phases   ] GC(0) O: Concurrent Remap Roots 1.680ms
[2026-10-03T23:43:56.876+0000][49.361s][info][gc,phases   ] GC(0) O: Pause Relocate Start 0.007ms
[2026-10-03T23:43:56.876+0000][49.361s][info][gc,phases   ] GC(0) O: Concurrent Relocate 0.104ms
[2026-10-03T23:43:56.876+0000][49.361s][info][gc,alloc    ] GC(0) O:                         Mark Start        Mark End      Relocate Start    Relocate End   
[2026-10-03T23:43:56.876+0000][49.361s][info][gc,alloc    ] GC(0) O: Allocation Stalls:          0                0                0                0         
[2026-10-03T23:43:56.876+0000][49.361s][info][gc,load     ] GC(0) O: Load: 1.46 (29%) / 1.27 (25%) / 0.97 (19%)
[2026-10-03T23:43:56.876+0000][49.361s][info][gc,mmu      ] GC(0) O: MMU: 2ms/99.0%, 5ms/99.6%, 10ms/99.8%, 20ms/99.9%, 50ms/99.9%, 100ms/100.0%
[2026-10-03T23:43:56.876+0000][49.361s][info][gc,marking  ] GC(0) O: Mark: 1 stripe(s), 1 proactive flush(es), 1 terminate flush(es), 0 completion(s), 0 continuation(s) 
[2026-10-03T23:43:56.876+0000][49.361s][info][gc,nmethod  ] GC(0) O: NMethods: 3319 registered, 673 unregistered
[2026-10-03T23:43:56.876+0000][49.361s][info][gc,metaspace] GC(0) O: Metaspace: 21M used, 21M committed, 1088M reserved
[2026-10-03T23:43:56.876+0000][49.361s][info][gc,ref      ] GC(0) O:                       Encountered   Discovered     Enqueued 
[2026-10-03T23:43:56.876+0000][49.361s][info][gc,ref      ] GC(0) O: Soft References:             2981            0            0 
[2026-10-03T23:43:56.876+0000][49.361s][info][gc,ref      ] GC(0) O: Weak References:             1655            0            0 
[2026-10-03T23:43:56.876+0000][49.361s][info][gc,ref      ] GC(0) O: Final References:              33            0            0 
[2026-10-03T23:43:56.876+0000][49.361s][info][gc,ref      ] GC(0) O: Phantom References:           560            0            0 
[2026-10-03T23:43:56.876+0000][49.361s][info][gc,heap     ] GC(0) O: Min Capacity: 512M(17%)
[2026-10-03T23:43:56.876+0000][49.361s][info][gc,heap     ] GC(0) O: Max Capacity: 3072M(100%)
[2026-10-03T23:43:56.876+0000][49.361s][info][gc,heap     ] GC(0) O: Soft Max Capacity: 3072M(100%)
[2026-10-03T23:43:56.876+0000][49.361s][info][gc,heap     ] GC(0) O: Heap Statistics:
[2026-10-03T23:43:56.876+0000][49.361s][info][gc,heap     ] GC(0) O:                Mark Start          Mark End        Relocate Start      Relocate End           High               Low         
[2026-10-03T23:43:56.876+0000][49.361s][info][gc,heap     ] GC(0) O:  Capacity:      512M (17%)         512M (17%)         512M (17%)         512M (17%)         512M (17%)         512M (17%)    
[2026-10-03T23:43:56.876+0000][49.361s][info][gc,heap     ] GC(0) O:      Free:     2896M (94%)        3010M (98%)        3008M (98%)        3008M (98%)        3010M (98%)        2892M (94%)    
[2026-10-03T23:43:56.876+0000][49.361s][info][gc,heap     ] GC(0) O:      Used:      176M (6%)           62M (2%)           64M (2%)           64M (2%)          180M (6%)           62M (2%)     
[2026-10-03T23:43:56.876+0000][49.361s][info][gc,heap     ] GC(0) O: Old Generation Statistics:
[2026-10-03T23:43:56.876+0000][49.361s][info][gc,heap     ] GC(0) O:                Mark Start          Mark End        Relocate Start      Relocate End    
[2026-10-03T23:43:56.876+0000][49.361s][info][gc,heap     ] GC(0) O:      Used:        0M (0%)            0M (0%)            0M (0%)            0M (0%)     
[2026-10-03T23:43:56.876+0000][49.361s][info][gc,heap     ] GC(0) O:      Live:         -                 0M (0%)            0M (0%)            0M (0%)     
[2026-10-03T23:43:56.876+0000][49.361s][info][gc,heap     ] GC(0) O:   Garbage:         -                 0M (0%)            0M (0%)            0M (0%)     
[2026-10-03T23:43:56.876+0000][49.361s][info][gc,heap     ] GC(0) O: Allocated:         -                 0M (0%)            0M (0%)            0M (0%)     
[2026-10-03T23:43:56.876+0000][49.361s][info][gc,heap     ] GC(0) O: Reclaimed:         -                  -                 0M (0%)            0M (0%)     
[2026-10-03T23:43:56.876+0000][49.361s][info][gc,heap     ] GC(0) O: Compacted:         -                  -                  -                 0M (0%)     
[2026-10-03T23:43:56.876+0000][49.361s][info][gc,phases   ] GC(0) O: Old Generation 62M(2%)->64M(2%) 0.017s
[2026-10-03T23:43:56.876+0000][49.361s][info][gc          ] GC(0) Major Collection (Metadata GC Threshold) 176M(6%)->64M(2%) 0.069s
[2026-10-03T23:43:57.479+0000][49.964s][info][gc          ] GC(1) Major Collection (Warmup)
[2026-10-03T23:43:57.480+0000][49.964s][info][gc,task     ] GC(1) Using 1 Workers for Young Generation
[2026-10-03T23:43:57.480+0000][49.964s][info][gc,task     ] GC(1) Using 1 Workers for Old Generation
[2026-10-03T23:43:57.480+0000][49.964s][info][gc,phases   ] GC(1) Y: Young Generation
[2026-10-03T23:43:57.480+0000][49.964s][info][gc,phases   ] GC(1) Y: Pause Mark Start (Major) 0.017ms
[2026-10-03T23:43:57.576+0000][50.060s][info][gc,phases   ] GC(1) Y: Concurrent Mark 95.792ms
[2026-10-03T23:43:57.576+0000][50.060s][info][gc,phases   ] GC(1) Y: Pause Mark End 0.014ms
[2026-10-03T23:43:57.576+0000][50.061s][info][gc,phases   ] GC(1) Y: Concurrent Mark Free 0.001ms
[2026-10-03T23:43:57.576+0000][50.061s][info][gc,phases   ] GC(1) Y: Concurrent Reset Relocation Set 0.003ms
[2026-10-03T23:43:57.576+0000][50.061s][info][gc,reloc    ] GC(1) Y: Using tenuring threshold: 2 (Computed)
[2026-10-03T23:43:57.579+0000][50.064s][info][gc,phases   ] GC(1) Y: Concurrent Select Relocation Set 3.518ms
[2026-10-03T23:43:57.580+0000][50.064s][info][gc,phases   ] GC(1) Y: Pause Relocate Start 0.008ms
[2026-10-03T23:43:57.624+0000][50.109s][info][gc,phases   ] GC(1) Y: Concurrent Relocate 44.320ms
[2026-10-03T23:43:57.624+0000][50.109s][info][gc,alloc    ] GC(1) Y:                         Mark Start        Mark End      Relocate Start    Relocate End   
[2026-10-03T23:43:57.624+0000][50.109s][info][gc,alloc    ] GC(1) Y: Allocation Stalls:          0                0                0                0         
[2026-10-03T23:43:57.624+0000][50.109s][info][gc,load     ] GC(1) Y: Load: 1.46 (29%) / 1.27 (25%) / 0.97 (19%)
[2026-10-03T23:43:57.624+0000][50.109s][info][gc,mmu      ] GC(1) Y: MMU: 2ms/99.0%, 5ms/99.6%, 10ms/99.8%, 20ms/99.9%, 50ms/99.9%, 100ms/100.0%
[2026-10-03T23:43:57.624+0000][50.109s][info][gc,marking  ] GC(1) Y: Mark: 1 stripe(s), 2 proactive flush(es), 1 terminate flush(es), 0 completion(s), 0 continuation(s) 
[2026-10-03T23:43:57.624+0000][50.109s][info][gc,nmethod  ] GC(1) Y: NMethods: 4048 registered, 673 unregistered
[2026-10-03T23:43:57.624+0000][50.109s][info][gc,metaspace] GC(1) Y: Metaspace: 23M used, 24M committed, 1088M reserved
[2026-10-03T23:43:57.624+0000][50.109s][info][gc,reloc    ] GC(1) Y:                        Candidates     Selected     In-Place         Size        Empty    Relocated 
[2026-10-03T23:43:57.624+0000][50.109s][info][gc,reloc    ] GC(1) Y: Small Pages:                  122           93            0         244M          10M          18M 
[2026-10-03T23:43:57.624+0000][50.109s][info][gc,reloc    ] GC(1) Y: Medium Pages:                   2            1            0          64M           0M           3M 
[2026-10-03T23:43:57.624+0000][50.109s][info][gc,reloc    ] GC(1) Y: Large Pages:                    0            0            0           0M           0M           0M 
[2026-10-03T23:43:57.624+0000][50.109s][info][gc,reloc    ] GC(1) Y: Forwarding Usage: 9M
[2026-10-03T23:43:57.624+0000][50.109s][info][gc,reloc    ] GC(1) Y: Age Table:
[2026-10-03T23:43:57.624+0000][50.109s][info][gc,reloc    ] GC(1) Y:                    Live             Garbage             Small              Medium             Large        
[2026-10-03T23:43:57.624+0000][50.109s][info][gc,reloc    ] GC(1) Y: Eden              25M (1%)          228M (7%)         111 / 91             1 / 0              0 / 0        
[2026-10-03T23:43:57.624+0000][50.109s][info][gc,reloc    ] GC(1) Y: Survivor 1        20M (1%)           33M (1%)          11 / 2              1 / 1              0 / 0        
[2026-10-03T23:43:57.624+0000][50.109s][info][gc,heap     ] GC(1) Y: Min Capacity: 512M(17%)
[2026-10-03T23:43:57.624+0000][50.109s][info][gc,heap     ] GC(1) Y: Max Capacity: 3072M(100%)
[2026-10-03T23:43:57.624+0000][50.109s][info][gc,heap     ] GC(1) Y: Soft Max Capacity: 3072M(100%)
[2026-10-03T23:43:57.624+0000][50.109s][info][gc,heap     ] GC(1) Y: Heap Statistics:
[2026-10-03T23:43:57.624+0000][50.109s][info][gc,heap     ] GC(1) Y:                Mark Start          Mark End        Relocate Start      Relocate End           High               Low         
[2026-10-03T23:43:57.624+0000][50.109s][info][gc,heap     ] GC(1) Y:  Capacity:      512M (17%)         512M (17%)         512M (17%)         512M (17%)         512M (17%)         512M (17%)    
[2026-10-03T23:43:57.624+0000][50.109s][info][gc,heap     ] GC(1) Y:      Free:     2764M (90%)        2716M (88%)        2724M (89%)        2888M (94%)        2890M (94%)        2688M (88%)    
[2026-10-03T23:43:57.624+0000][50.109s][info][gc,heap     ] GC(1) Y:      Used:      308M (10%)         356M (12%)         348M (11%)         184M (6%)          384M (12%)         182M (6%)     
[2026-10-03T23:43:57.624+0000][50.109s][info][gc,heap     ] GC(1) Y: Young Generation Statistics:
[2026-10-03T23:43:57.624+0000][50.109s][info][gc,heap     ] GC(1) Y:                Mark Start          Mark End        Relocate Start      Relocate End    
[2026-10-03T23:43:57.624+0000][50.109s][info][gc,heap     ] GC(1) Y:      Used:      308M (10%)         356M (12%)         348M (11%)         184M (6%)     
[2026-10-03T23:43:57.624+0000][50.109s][info][gc,heap     ] GC(1) Y:      Live:         -                45M (1%)           45M (1%)           45M (1%)     
[2026-10-03T23:43:57.624+0000][50.109s][info][gc,heap     ] GC(1) Y:   Garbage:         -               262M (9%)          252M (8%)            2M (0%)     
[2026-10-03T23:43:57.624+0000][50.109s][info][gc,heap     ] GC(1) Y: Allocated:         -                48M (2%)           50M (2%)          135M (4%)     
[2026-10-03T23:43:57.624+0000][50.109s][info][gc,heap     ] GC(1) Y: Reclaimed:         -                  -                10M (0%)          259M (8%)     
[2026-10-03T23:43:57.624+0000][50.109s][info][gc,heap     ] GC(1) Y:  Promoted:         -                  -                 0M (0%)            0M (0%)     
[2026-10-03T23:43:57.624+0000][50.109s][info][gc,heap     ] GC(1) Y: Compacted:         -                  -                  -                28M (1%)     
[2026-10-03T23:43:57.624+0000][50.109s][info][gc,phases   ] GC(1) Y: Young Generation 308M(10%)->184M(6%) 0.144s
[2026-10-03T23:43:57.624+0000][50.109s][info][gc,phases   ] GC(1) O: Old Generation
[2026-10-03T23:43:57.629+0000][50.114s][info][gc,phases   ] GC(1) O: Concurrent Mark 4.560ms
[2026-10-03T23:43:57.629+0000][50.114s][info][gc,phases   ] GC(1) O: Pause Mark End 0.014ms
[2026-10-03T23:43:57.629+0000][50.114s][info][gc,phases   ] GC(1) O: Concurrent Mark Free 0.001ms
[2026-10-03T23:43:57.640+0000][50.125s][info][gc,phases   ] GC(1) O: Concurrent Process Non-Strong 10.759ms
[2026-10-03T23:43:57.640+0000][50.125s][info][gc,phases   ] GC(1) O: Concurrent Reset Relocation Set 0.001ms
[2026-10-03T23:43:57.640+0000][50.125s][info][gc,phases   ] GC(1) O: Concurrent Select Relocation Set 0.136ms
[2026-10-03T23:43:57.640+0000][50.125s][info][gc,task     ] GC(1) O: Using 1 Workers for Old Generation
[2026-10-03T23:43:57.642+0000][50.127s][info][gc,task     ] GC(1) O: Using 1 Workers for Old Generation
[2026-10-03T23:43:57.642+0000][50.127s][info][gc,phases   ] GC(1) O: Concurrent Remap Roots 2.475ms
[2026-10-03T23:43:57.643+0000][50.128s][info][gc,phases   ] GC(1) O: Pause Relocate Start 0.009ms
[2026-10-03T23:43:57.643+0000][50.128s][info][gc,phases   ] GC(1) O: Concurrent Relocate 0.020ms
[2026-10-03T23:43:57.643+0000][50.128s][info][gc,alloc    ] GC(1) O:                         Mark Start        Mark End      Relocate Start    Relocate End   
[2026-10-03T23:43:57.643+0000][50.128s][info][gc,alloc    ] GC(1) O: Allocation Stalls:          0                0                0                0         
[2026-10-03T23:43:57.643+0000][50.128s][info][gc,load     ] GC(1) O: Load: 1.46 (29%) / 1.27 (25%) / 0.97 (19%)
[2026-10-03T23:43:57.643+0000][50.128s][info][gc,mmu      ] GC(1) O: MMU: 2ms/99.0%, 5ms/99.6%, 10ms/99.8%, 20ms/99.9%, 50ms/99.9%, 100ms/100.0%
[2026-10-03T23:43:57.643+0000][50.128s][info][gc,marking  ] GC(1) O: Mark: 1 stripe(s), 1 proactive flush(es), 1 terminate flush(es), 0 completion(s), 0 continuation(s) 
[2026-10-03T23:43:57.643+0000][50.128s][info][gc,nmethod  ] GC(1) O: NMethods: 3892 registered, 830 unregistered
[2026-10-03T23:43:57.643+0000][50.128s][info][gc,metaspace] GC(1) O: Metaspace: 23M used, 24M committed, 1088M reserved
[2026-10-03T23:43:57.643+0000][50.128s][info][gc,ref      ] GC(1) O:                       Encountered   Discovered     Enqueued 
[2026-10-03T23:43:57.643+0000][50.128s][info][gc,ref      ] GC(1) O: Soft References:             3075            0            0 
[2026-10-03T23:43:57.643+0000][50.128s][info][gc,ref      ] GC(1) O: Weak References:             1783            0            0 
[2026-10-03T23:43:57.643+0000][50.128s][info][gc,ref      ] GC(1) O: Final References:              33            0            0 
[2026-10-03T23:43:57.643+0000][50.128s][info][gc,ref      ] GC(1) O: Phantom References:           577            0            0 
[2026-10-03T23:43:57.643+0000][50.128s][info][gc,heap     ] GC(1) O: Min Capacity: 512M(17%)
[2026-10-03T23:43:57.643+0000][50.128s][info][gc,heap     ] GC(1) O: Max Capacity: 3072M(100%)
[2026-10-03T23:43:57.643+0000][50.128s][info][gc,heap     ] GC(1) O: Soft Max Capacity: 3072M(100%)
[2026-10-03T23:43:57.643+0000][50.128s][info][gc,heap     ] GC(1) O: Heap Statistics:
[2026-10-03T23:43:57.643+0000][50.128s][info][gc,heap     ] GC(1) O:                Mark Start          Mark End        Relocate Start      Relocate End           High               Low         
[2026-10-03T23:43:57.643+0000][50.128s][info][gc,heap     ] GC(1) O:  Capacity:      512M (17%)         512M (17%)         512M (17%)         512M (17%)         512M (17%)         512M (17%)    
[2026-10-03T23:43:57.643+0000][50.128s][info][gc,heap     ] GC(1) O:      Free:     2764M (90%)        2886M (94%)        2876M (94%)        2876M (94%)        2890M (94%)        2688M (88%)    
[2026-10-03T23:43:57.643+0000][50.128s][info][gc,heap     ] GC(1) O:      Used:      308M (10%)         186M (6%)          196M (6%)          196M (6%)          384M (12%)         182M (6%)     
[2026-10-03T23:43:57.643+0000][50.128s][info][gc,heap     ] GC(1) O: Old Generation Statistics:
[2026-10-03T23:43:57.643+0000][50.128s][info][gc,heap     ] GC(1) O:                Mark Start          Mark End        Relocate Start      Relocate End    
[2026-10-03T23:43:57.643+0000][50.128s][info][gc,heap     ] GC(1) O:      Used:        0M (0%)            0M (0%)            0M (0%)            0M (0%)     
[2026-10-03T23:43:57.643+0000][50.128s][info][gc,heap     ] GC(1) O:      Live:         -                 0M (0%)            0M (0%)            0M (0%)     
[2026-10-03T23:43:57.643+0000][50.128s][info][gc,heap     ] GC(1) O:   Garbage:         -                 0M (0%)            0M (0%)            0M (0%)     
[2026-10-03T23:43:57.643+0000][50.128s][info][gc,heap     ] GC(1) O: Allocated:         -                 0M (0%)            0M (0%)            0M (0%)     
[2026-10-03T23:43:57.643+0000][50.128s][info][gc,heap     ] GC(1) O: Reclaimed:         -                  -                 0M (0%)            0M (0%)     
[2026-10-03T23:43:57.643+0000][50.128s][info][gc,heap     ] GC(1) O: Compacted:         -                  -                  -                 0M (0%)     
[2026-10-03T23:43:57.643+0000][50.128s][info][gc,phases   ] GC(1) O: Old Generation 184M(6%)->196M(6%) 0.019s
[2026-10-03T23:43:57.643+0000][50.128s][info][gc          ] GC(1) Major Collection (Warmup) 308M(10%)->196M(6%) 0.164s
[2026-10-03T23:43:59.101+0000][51.586s][info][gc          ] GC(2) Major Collection (Metadata GC Threshold)
[2026-10-03T23:43:59.101+0000][51.586s][info][gc,task     ] GC(2) Using 1 Workers for Young Generation
[2026-10-03T23:43:59.101+0000][51.586s][info][gc,task     ] GC(2) Using 1 Workers for Old Generation
[2026-10-03T23:43:59.101+0000][51.586s][info][gc,phases   ] GC(2) Y: Young Generation
[2026-10-03T23:43:59.101+0000][51.586s][info][gc,phases   ] GC(2) Y: Pause Mark Start (Major) 0.012ms
[2026-10-03T23:43:59.271+0000][51.756s][info][gc,phases   ] GC(2) Y: Concurrent Mark 169.893ms
[2026-10-03T23:43:59.271+0000][51.756s][info][gc,phases   ] GC(2) Y: Pause Mark End 0.015ms
[2026-10-03T23:43:59.271+0000][51.756s][info][gc,phases   ] GC(2) Y: Concurrent Mark Free 0.001ms
[2026-10-03T23:43:59.271+0000][51.756s][info][gc,phases   ] GC(2) Y: Concurrent Reset Relocation Set 0.006ms
[2026-10-03T23:43:59.271+0000][51.756s][info][gc,reloc    ] GC(2) Y: Using tenuring threshold: 3 (Computed)
[2026-10-03T23:43:59.273+0000][51.758s][info][gc,phases   ] GC(2) Y: Concurrent Select Relocation Set 1.893ms
[2026-10-03T23:43:59.273+0000][51.758s][info][gc,phases   ] GC(2) Y: Pause Relocate Start 0.006ms
[2026-10-03T23:43:59.313+0000][51.798s][info][gc,phases   ] GC(2) Y: Concurrent Relocate 39.949ms
[2026-10-03T23:43:59.313+0000][51.798s][info][gc,alloc    ] GC(2) Y:                         Mark Start        Mark End      Relocate Start    Relocate End   
[2026-10-03T23:43:59.313+0000][51.798s][info][gc,alloc    ] GC(2) Y: Allocation Stalls:          0                0                0                0         
[2026-10-03T23:43:59.313+0000][51.798s][info][gc,load     ] GC(2) Y: Load: 1.46 (29%) / 1.27 (25%) / 0.97 (19%)
[2026-10-03T23:43:59.313+0000][51.798s][info][gc,mmu      ] GC(2) Y: MMU: 2ms/99.0%, 5ms/99.6%, 10ms/99.8%, 20ms/99.9%, 50ms/99.9%, 100ms/100.0%
[2026-10-03T23:43:59.313+0000][51.798s][info][gc,marking  ] GC(2) Y: Mark: 1 stripe(s), 2 proactive flush(es), 1 terminate flush(es), 0 completion(s), 0 continuation(s) 
[2026-10-03T23:43:59.313+0000][51.798s][info][gc,nmethod  ] GC(2) Y: NMethods: 5917 registered, 0 unregistered
[2026-10-03T23:43:59.313+0000][51.798s][info][gc,metaspace] GC(2) Y: Metaspace: 42M used, 43M committed, 1088M reserved
[2026-10-03T23:43:59.313+0000][51.798s][info][gc,reloc    ] GC(2) Y:                        Candidates     Selected     In-Place         Size        Empty    Relocated 
[2026-10-03T23:43:59.313+0000][51.798s][info][gc,reloc    ] GC(2) Y: Small Pages:                  237          192            0         474M           4M          25M 
[2026-10-03T23:43:59.313+0000][51.798s][info][gc,reloc    ] GC(2) Y: Medium Pages:                   3            2            0          96M           0M           3M 
[2026-10-03T23:43:59.313+0000][51.798s][info][gc,reloc    ] GC(2) Y: Large Pages:                    1            0            0          12M           0M           0M 
[2026-10-03T23:43:59.313+0000][51.798s][info][gc,reloc    ] GC(2) Y: Forwarding Usage: 14M
[2026-10-03T23:43:59.313+0000][51.798s][info][gc,reloc    ] GC(2) Y: Age Table:
[2026-10-03T23:43:59.313+0000][51.798s][info][gc,reloc    ] GC(2) Y:                    Live             Garbage             Small              Medium             Large        
[2026-10-03T23:43:59.313+0000][51.798s][info][gc,reloc    ] GC(2) Y: Eden              47M (2%)          420M (14%)        212 / 189            1 / 1              1 / 0        
[2026-10-03T23:43:59.313+0000][51.798s][info][gc,reloc    ] GC(2) Y: Survivor 1        22M (1%)           39M (1%)          15 / 2              1 / 0              0 / 0        
[2026-10-03T23:43:59.313+0000][51.798s][info][gc,reloc    ] GC(2) Y: Survivor 2        20M (1%)           31M (1%)          10 / 1              1 / 1              0 / 0        
[2026-10-03T23:43:59.313+0000][51.798s][info][gc,heap     ] GC(2) Y: Min Capacity: 512M(17%)
[2026-10-03T23:43:59.313+0000][51.798s][info][gc,heap     ] GC(2) Y: Max Capacity: 3072M(100%)
[2026-10-03T23:43:59.313+0000][51.798s][info][gc,heap     ] GC(2) Y: Soft Max Capacity: 3072M(100%)
[2026-10-03T23:43:59.313+0000][51.798s][info][gc,heap     ] GC(2) Y: Heap Statistics:
[2026-10-03T23:43:59.313+0000][51.798s][info][gc,heap     ] GC(2) Y:                Mark Start          Mark End        Relocate Start      Relocate End           High               Low         
[2026-10-03T23:43:59.313+0000][51.798s][info][gc,heap     ] GC(2) Y:  Capacity:      582M (19%)         612M (20%)         612M (20%)         646M (21%)         646M (21%)         582M (19%)    
[2026-10-03T23:43:59.313+0000][51.798s][info][gc,heap     ] GC(2) Y:      Free:     2490M (81%)        2460M (80%)        2464M (80%)        2840M (92%)        2840M (92%)        2426M (79%)    
[2026-10-03T23:43:59.313+0000][51.798s][info][gc,heap     ] GC(2) Y:      Used:      582M (19%)         612M (20%)         608M (20%)         232M (8%)          646M (21%)         232M (8%)     
[2026-10-03T23:43:59.313+0000][51.798s][info][gc,heap     ] GC(2) Y: Young Generation Statistics:
[2026-10-03T23:43:59.313+0000][51.798s][info][gc,heap     ] GC(2) Y:                Mark Start          Mark End        Relocate Start      Relocate End    
[2026-10-03T23:43:59.313+0000][51.798s][info][gc,heap     ] GC(2) Y:      Used:      582M (19%)         612M (20%)         608M (20%)         232M (8%)     
[2026-10-03T23:43:59.313+0000][51.798s][info][gc,heap     ] GC(2) Y:      Live:         -                90M (3%)           90M (3%)           90M (3%)     
[2026-10-03T23:43:59.313+0000][51.798s][info][gc,heap     ] GC(2) Y:   Garbage:         -               491M (16%)         487M (16%)           6M (0%)     
[2026-10-03T23:43:59.313+0000][51.798s][info][gc,heap     ] GC(2) Y: Allocated:         -                30M (1%)           30M (1%)          135M (4%)     
[2026-10-03T23:43:59.313+0000][51.798s][info][gc,heap     ] GC(2) Y: Reclaimed:         -                  -                 4M (0%)          485M (16%)    
[2026-10-03T23:43:59.313+0000][51.798s][info][gc,heap     ] GC(2) Y:  Promoted:         -                  -                 0M (0%)            0M (0%)     
[2026-10-03T23:43:59.313+0000][51.798s][info][gc,heap     ] GC(2) Y: Compacted:         -                  -                  -                36M (1%)     
[2026-10-03T23:43:59.313+0000][51.798s][info][gc,phases   ] GC(2) Y: Young Generation 582M(19%)->232M(8%) 0.212s
[2026-10-03T23:43:59.313+0000][51.798s][info][gc,phases   ] GC(2) O: Old Generation
[2026-10-03T23:43:59.315+0000][51.800s][info][gc,phases   ] GC(2) O: Concurrent Mark 1.724ms
[2026-10-03T23:43:59.315+0000][51.800s][info][gc,phases   ] GC(2) O: Pause Mark End 0.012ms
[2026-10-03T23:43:59.315+0000][51.800s][info][gc,phases   ] GC(2) O: Concurrent Mark Free 0.000ms
[2026-10-03T23:43:59.333+0000][51.818s][info][gc,phases   ] GC(2) O: Concurrent Process Non-Strong 17.645ms
[2026-10-03T23:43:59.333+0000][51.818s][info][gc,phases   ] GC(2) O: Concurrent Reset Relocation Set 0.000ms
[2026-10-03T23:43:59.333+0000][51.818s][info][gc,phases   ] GC(2) O: Concurrent Select Relocation Set 0.072ms
[2026-10-03T23:43:59.333+0000][51.818s][info][gc,task     ] GC(2) O: Using 1 Workers for Old Generation
[2026-10-03T23:43:59.336+0000][51.821s][info][gc,task     ] GC(2) O: Using 1 Workers for Old Generation
[2026-10-03T23:43:59.336+0000][51.821s][info][gc,phases   ] GC(2) O: Concurrent Remap Roots 2.743ms
[2026-10-03T23:43:59.336+0000][51.821s][info][gc,phases   ] GC(2) O: Pause Relocate Start 0.026ms
[2026-10-03T23:43:59.337+0000][51.821s][info][gc,phases   ] GC(2) O: Concurrent Relocate 0.016ms
[2026-10-03T23:43:59.337+0000][51.821s][info][gc,alloc    ] GC(2) O:                         Mark Start        Mark End      Relocate Start    Relocate End   
[2026-10-03T23:43:59.337+0000][51.821s][info][gc,alloc    ] GC(2) O: Allocation Stalls:          0                0                0                0         
[2026-10-03T23:43:59.337+0000][51.821s][info][gc,load     ] GC(2) O: Load: 1.46 (29%) / 1.27 (25%) / 0.97 (19%)
[2026-10-03T23:43:59.337+0000][51.821s][info][gc,mmu      ] GC(2) O: MMU: 2ms/98.7%, 5ms/99.5%, 10ms/99.7%, 20ms/99.9%, 50ms/99.9%, 100ms/99.9%
[2026-10-03T23:43:59.337+0000][51.821s][info][gc,marking  ] GC(2) O: Mark: 1 stripe(s), 1 proactive flush(es), 1 terminate flush(es), 0 completion(s), 0 continuation(s) 
[2026-10-03T23:43:59.337+0000][51.821s][info][gc,nmethod  ] GC(2) O: NMethods: 5491 registered, 468 unregistered
[2026-10-03T23:43:59.337+0000][51.821s][info][gc,metaspace] GC(2) O: Metaspace: 43M used, 43M committed, 1088M reserved
[2026-10-03T23:43:59.337+0000][51.821s][info][gc,ref      ] GC(2) O:                       Encountered   Discovered     Enqueued 
[2026-10-03T23:43:59.337+0000][51.821s][info][gc,ref      ] GC(2) O: Soft References:             3405            0            0 
[2026-10-03T23:43:59.337+0000][51.821s][info][gc,ref      ] GC(2) O: Weak References:             8486            0            0 
[2026-10-03T23:43:59.337+0000][51.821s][info][gc,ref      ] GC(2) O: Final References:              34            0            0 
[2026-10-03T23:43:59.337+0000][51.821s][info][gc,ref      ] GC(2) O: Phantom References:           620            0            0 
[2026-10-03T23:43:59.337+0000][51.821s][info][gc,heap     ] GC(2) O: Min Capacity: 512M(17%)
[2026-10-03T23:43:59.337+0000][51.821s][info][gc,heap     ] GC(2) O: Max Capacity: 3072M(100%)
[2026-10-03T23:43:59.337+0000][51.821s][info][gc,heap     ] GC(2) O: Soft Max Capacity: 3072M(100%)
[2026-10-03T23:43:59.337+0000][51.821s][info][gc,heap     ] GC(2) O: Heap Statistics:
[2026-10-03T23:43:59.337+0000][51.821s][info][gc,heap     ] GC(2) O:                Mark Start          Mark End        Relocate Start      Relocate End           High               Low         
[2026-10-03T23:43:59.337+0000][51.821s][info][gc,heap     ] GC(2) O:  Capacity:      582M (19%)         646M (21%)         646M (21%)         646M (21%)         646M (21%)         582M (19%)    
[2026-10-03T23:43:59.337+0000][51.821s][info][gc,heap     ] GC(2) O:      Free:     2490M (81%)        2840M (92%)        2836M (92%)        2836M (92%)        2840M (92%)        2426M (79%)    
[2026-10-03T23:43:59.337+0000][51.821s][info][gc,heap     ] GC(2) O:      Used:      582M (19%)         232M (8%)          236M (8%)          236M (8%)          646M (21%)         232M (8%)     
[2026-10-03T23:43:59.337+0000][51.821s][info][gc,heap     ] GC(2) O: Old Generation Statistics:
[2026-10-03T23:43:59.337+0000][51.821s][info][gc,heap     ] GC(2) O:                Mark Start          Mark End        Relocate Start      Relocate End    
[2026-10-03T23:43:59.337+0000][51.821s][info][gc,heap     ] GC(2) O:      Used:        0M (0%)            0M (0%)            0M (0%)            0M (0%)     
[2026-10-03T23:43:59.337+0000][51.821s][info][gc,heap     ] GC(2) O:      Live:         -                 0M (0%)            0M (0%)            0M (0%)     
[2026-10-03T23:43:59.337+0000][51.821s][info][gc,heap     ] GC(2) O:   Garbage:         -                 0M (0%)            0M (0%)            0M (0%)     
[2026-10-03T23:43:59.337+0000][51.821s][info][gc,heap     ] GC(2) O: Allocated:         -                 0M (0%)            0M (0%)            0M (0%)     
[2026-10-03T23:43:59.337+0000][51.821s][info][gc,heap     ] GC(2) O: Reclaimed:         -                  -                 0M (0%)            0M (0%)     
[2026-10-03T23:43:59.337+0000][51.821s][info][gc,heap     ] GC(2) O: Compacted:         -                  -                  -                 0M (0%)     
[2026-10-03T23:43:59.337+0000][51.821s][info][gc,phases   ] GC(2) O: Old Generation 232M(8%)->236M(8%) 0.023s
[2026-10-03T23:43:59.337+0000][51.821s][info][gc          ] GC(2) Major Collection (Metadata GC Threshold) 582M(19%)->236M(8%) 0.236s
[2026-10-03T23:44:00.425+0000][52.909s][info][gc          ] GC(3) Major Collection (Warmup)
[2026-10-03T23:44:00.425+0000][52.909s][info][gc,task     ] GC(3) Using 1 Workers for Young Generation
[2026-10-03T23:44:00.425+0000][52.909s][info][gc,task     ] GC(3) Using 1 Workers for Old Generation
[2026-10-03T23:44:00.425+0000][52.909s][info][gc,phases   ] GC(3) Y: Young Generation
[2026-10-03T23:44:00.425+0000][52.909s][info][gc,phases   ] GC(3) Y: Pause Mark Start (Major) 0.015ms
[2026-10-03T23:44:00.686+0000][53.170s][info][gc,phases   ] GC(3) Y: Concurrent Mark 260.841ms
[2026-10-03T23:44:00.686+0000][53.171s][info][gc,phases   ] GC(3) Y: Pause Mark End 0.013ms
[2026-10-03T23:44:00.686+0000][53.171s][info][gc,phases   ] GC(3) Y: Concurrent Mark Free 0.002ms
[2026-10-03T23:44:00.686+0000][53.171s][info][gc,phases   ] GC(3) Y: Concurrent Reset Relocation Set 0.011ms
[2026-10-03T23:44:00.686+0000][53.171s][info][gc,reloc    ] GC(3) Y: Using tenuring threshold: 4 (Computed)
[2026-10-03T23:44:00.687+0000][53.171s][info][gc,phases   ] GC(3) Y: Concurrent Select Relocation Set 0.785ms
[2026-10-03T23:44:00.687+0000][53.172s][info][gc,phases   ] GC(3) Y: Pause Relocate Start 0.006ms
[2026-10-03T23:44:00.724+0000][53.209s][info][gc,phases   ] GC(3) Y: Concurrent Relocate 37.508ms
[2026-10-03T23:44:00.725+0000][53.209s][info][gc,alloc    ] GC(3) Y:                         Mark Start        Mark End      Relocate Start    Relocate End   
[2026-10-03T23:44:00.725+0000][53.209s][info][gc,alloc    ] GC(3) Y: Allocation Stalls:          0                0                0                0         
[2026-10-03T23:44:00.725+0000][53.209s][info][gc,load     ] GC(3) Y: Load: 1.66 (33%) / 1.32 (26%) / 0.99 (20%)
[2026-10-03T23:44:00.725+0000][53.209s][info][gc,mmu      ] GC(3) Y: MMU: 2ms/98.7%, 5ms/99.5%, 10ms/99.7%, 20ms/99.9%, 50ms/99.9%, 100ms/99.9%
[2026-10-03T23:44:00.725+0000][53.209s][info][gc,marking  ] GC(3) Y: Mark: 1 stripe(s), 2 proactive flush(es), 1 terminate flush(es), 0 completion(s), 0 continuation(s) 
[2026-10-03T23:44:00.725+0000][53.209s][info][gc,nmethod  ] GC(3) Y: NMethods: 7105 registered, 468 unregistered
[2026-10-03T23:44:00.725+0000][53.209s][info][gc,metaspace] GC(3) Y: Metaspace: 51M used, 52M committed, 1088M reserved
[2026-10-03T23:44:00.725+0000][53.209s][info][gc,reloc    ] GC(3) Y:                        Candidates     Selected     In-Place         Size        Empty    Relocated 
[2026-10-03T23:44:00.725+0000][53.209s][info][gc,reloc    ] GC(3) Y: Small Pages:                  254          198            0         508M           0M          25M 
[2026-10-03T23:44:00.725+0000][53.209s][info][gc,reloc    ] GC(3) Y: Medium Pages:                   3            2            0          96M           0M           3M 
[2026-10-03T23:44:00.725+0000][53.209s][info][gc,reloc    ] GC(3) Y: Large Pages:                    1            0            0          12M           0M           0M 
[2026-10-03T23:44:00.725+0000][53.209s][info][gc,reloc    ] GC(3) Y: Forwarding Usage: 11M
[2026-10-03T23:44:00.725+0000][53.209s][info][gc,reloc    ] GC(3) Y: Age Table:
[2026-10-03T23:44:00.725+0000][53.209s][info][gc,reloc    ] GC(3) Y:                    Live             Garbage             Small              Medium             Large        
[2026-10-03T23:44:00.725+0000][53.209s][info][gc,reloc    ] GC(3) Y: Eden              27M (1%)          390M (13%)        209 / 193            0 / 0              0 / 0        
[2026-10-03T23:44:00.725+0000][53.209s][info][gc,reloc    ] GC(3) Y: Survivor 1        46M (2%)           37M (1%)          20 / 1              1 / 0              1 / 0        
[2026-10-03T23:44:00.725+0000][53.209s][info][gc,reloc    ] GC(3) Y: Survivor 2        22M (1%)           37M (1%)          14 / 2              1 / 1              0 / 0        
[2026-10-03T23:44:00.725+0000][53.209s][info][gc,reloc    ] GC(3) Y: Survivor 3        20M (1%)           33M (1%)          11 / 2              1 / 1              0 / 0        
[2026-10-03T23:44:00.725+0000][53.209s][info][gc,heap     ] GC(3) Y: Min Capacity: 512M(17%)
[2026-10-03T23:44:00.725+0000][53.209s][info][gc,heap     ] GC(3) Y: Max Capacity: 3072M(100%)
[2026-10-03T23:44:00.725+0000][53.209s][info][gc,heap     ] GC(3) Y: Soft Max Capacity: 3072M(100%)
[2026-10-03T23:44:00.725+0000][53.209s][info][gc,heap     ] GC(3) Y: Heap Statistics:
[2026-10-03T23:44:00.725+0000][53.209s][info][gc,heap     ] GC(3) Y:                Mark Start          Mark End        Relocate Start      Relocate End           High               Low         
[2026-10-03T23:44:00.725+0000][53.209s][info][gc,heap     ] GC(3) Y:  Capacity:      646M (21%)         664M (22%)         666M (22%)         704M (23%)         704M (23%)         646M (21%)    
[2026-10-03T23:44:00.725+0000][53.209s][info][gc,heap     ] GC(3) Y:      Free:     2456M (80%)        2408M (78%)        2406M (78%)        2790M (91%)        2790M (91%)        2368M (77%)    
[2026-10-03T23:44:00.725+0000][53.209s][info][gc,heap     ] GC(3) Y:      Used:      616M (20%)         664M (22%)         666M (22%)         282M (9%)          704M (23%)         282M (9%)     
[2026-10-03T23:44:00.725+0000][53.209s][info][gc,heap     ] GC(3) Y: Young Generation Statistics:
[2026-10-03T23:44:00.725+0000][53.209s][info][gc,heap     ] GC(3) Y:                Mark Start          Mark End        Relocate Start      Relocate End    
[2026-10-03T23:44:00.725+0000][53.209s][info][gc,heap     ] GC(3) Y:      Used:      616M (20%)         664M (22%)         666M (22%)         282M (9%)     
[2026-10-03T23:44:00.725+0000][53.209s][info][gc,heap     ] GC(3) Y:      Live:         -               116M (4%)          116M (4%)          116M (4%)     
[2026-10-03T23:44:00.725+0000][53.209s][info][gc,heap     ] GC(3) Y:   Garbage:         -               499M (16%)         499M (16%)           6M (0%)     
[2026-10-03T23:44:00.725+0000][53.209s][info][gc,heap     ] GC(3) Y: Allocated:         -                48M (2%)           50M (2%)          158M (5%)     
[2026-10-03T23:44:00.725+0000][53.209s][info][gc,heap     ] GC(3) Y: Reclaimed:         -                  -                 0M (0%)          492M (16%)    
[2026-10-03T23:44:00.725+0000][53.209s][info][gc,heap     ] GC(3) Y:  Promoted:         -                  -                 0M (0%)            0M (0%)     
[2026-10-03T23:44:00.725+0000][53.209s][info][gc,heap     ] GC(3) Y: Compacted:         -                  -                  -                33M (1%)     
[2026-10-03T23:44:00.725+0000][53.209s][info][gc,phases   ] GC(3) Y: Young Generation 616M(20%)->282M(9%) 0.300s
[2026-10-03T23:44:00.725+0000][53.209s][info][gc,phases   ] GC(3) O: Old Generation
[2026-10-03T23:44:00.726+0000][53.211s][info][gc,phases   ] GC(3) O: Concurrent Mark 1.222ms
[2026-10-03T23:44:00.726+0000][53.211s][info][gc,phases   ] GC(3) O: Pause Mark End 0.010ms
[2026-10-03T23:44:00.726+0000][53.211s][info][gc,phases   ] GC(3) O: Concurrent Mark Free 0.000ms
[2026-10-03T23:44:00.743+0000][53.228s][info][gc,phases   ] GC(3) O: Concurrent Process Non-Strong 16.761ms
[2026-10-03T23:44:00.743+0000][53.228s][info][gc,phases   ] GC(3) O: Concurrent Reset Relocation Set 0.000ms
[2026-10-03T23:44:00.743+0000][53.228s][info][gc,phases   ] GC(3) O: Concurrent Select Relocation Set 0.298ms
[2026-10-03T23:44:00.743+0000][53.228s][info][gc,task     ] GC(3) O: Using 1 Workers for Old Generation
[2026-10-03T23:44:00.747+0000][53.232s][info][gc,task     ] GC(3) O: Using 1 Workers for Old Generation
[2026-10-03T23:44:00.747+0000][53.232s][info][gc,phases   ] GC(3) O: Concurrent Remap Roots 3.805ms
[2026-10-03T23:44:00.747+0000][53.232s][info][gc,phases   ] GC(3) O: Pause Relocate Start 0.008ms
[2026-10-03T23:44:00.747+0000][53.232s][info][gc,phases   ] GC(3) O: Concurrent Relocate 0.094ms
[2026-10-03T23:44:00.747+0000][53.232s][info][gc,alloc    ] GC(3) O:                         Mark Start        Mark End      Relocate Start    Relocate End   
[2026-10-03T23:44:00.747+0000][53.232s][info][gc,alloc    ] GC(3) O: Allocation Stalls:          0                0                0                0         
[2026-10-03T23:44:00.747+0000][53.232s][info][gc,load     ] GC(3) O: Load: 1.66 (33%) / 1.32 (26%) / 0.99 (20%)
[2026-10-03T23:44:00.747+0000][53.232s][info][gc,mmu      ] GC(3) O: MMU: 2ms/98.7%, 5ms/99.5%, 10ms/99.7%, 20ms/99.9%, 50ms/99.9%, 100ms/99.9%
[2026-10-03T23:44:00.747+0000][53.232s][info][gc,marking  ] GC(3) O: Mark: 1 stripe(s), 1 proactive flush(es), 1 terminate flush(es), 0 completion(s), 0 continuation(s) 
[2026-10-03T23:44:00.747+0000][53.232s][info][gc,nmethod  ] GC(3) O: NMethods: 6441 registered, 1150 unregistered
[2026-10-03T23:44:00.747+0000][53.232s][info][gc,metaspace] GC(3) O: Metaspace: 51M used, 52M committed, 1088M reserved
[2026-10-03T23:44:00.747+0000][53.232s][info][gc,ref      ] GC(3) O:                       Encountered   Discovered     Enqueued 
[2026-10-03T23:44:00.747+0000][53.232s][info][gc,ref      ] GC(3) O: Soft References:             3484            0            0 
[2026-10-03T23:44:00.747+0000][53.232s][info][gc,ref      ] GC(3) O: Weak References:            13007            0            0 
[2026-10-03T23:44:00.747+0000][53.232s][info][gc,ref      ] GC(3) O: Final References:              34            0            0 
[2026-10-03T23:44:00.747+0000][53.232s][info][gc,ref      ] GC(3) O: Phantom References:           620            0            0 
[2026-10-03T23:44:00.747+0000][53.232s][info][gc,heap     ] GC(3) O: Min Capacity: 512M(17%)
[2026-10-03T23:44:00.747+0000][53.232s][info][gc,heap     ] GC(3) O: Max Capacity: 3072M(100%)
[2026-10-03T23:44:00.747+0000][53.232s][info][gc,heap     ] GC(3) O: Soft Max Capacity: 3072M(100%)
[2026-10-03T23:44:00.747+0000][53.232s][info][gc,heap     ] GC(3) O: Heap Statistics:
[2026-10-03T23:44:00.747+0000][53.232s][info][gc,heap     ] GC(3) O:                Mark Start          Mark End        Relocate Start      Relocate End           High               Low         
[2026-10-03T23:44:00.747+0000][53.232s][info][gc,heap     ] GC(3) O:  Capacity:      646M (21%)         704M (23%)         704M (23%)         704M (23%)         704M (23%)         646M (21%)    
[2026-10-03T23:44:00.747+0000][53.232s][info][gc,heap     ] GC(3) O:      Free:     2456M (80%)        2788M (91%)        2784M (91%)        2784M (91%)        2790M (91%)        2368M (77%)    
[2026-10-03T23:44:00.747+0000][53.232s][info][gc,heap     ] GC(3) O:      Used:      616M (20%)         284M (9%)          288M (9%)          288M (9%)          704M (23%)         282M (9%)     
[2026-10-03T23:44:00.747+0000][53.232s][info][gc,heap     ] GC(3) O: Old Generation Statistics:
[2026-10-03T23:44:00.747+0000][53.232s][info][gc,heap     ] GC(3) O:                Mark Start          Mark End        Relocate Start      Relocate End    
[2026-10-03T23:44:00.747+0000][53.232s][info][gc,heap     ] GC(3) O:      Used:        0M (0%)            0M (0%)            0M (0%)            0M (0%)     
[2026-10-03T23:44:00.747+0000][53.232s][info][gc,heap     ] GC(3) O:      Live:         -                 0M (0%)            0M (0%)            0M (0%)     
[2026-10-03T23:44:00.747+0000][53.232s][info][gc,heap     ] GC(3) O:   Garbage:         -                 0M (0%)            0M (0%)            0M (0%)     
[2026-10-03T23:44:00.747+0000][53.232s][info][gc,heap     ] GC(3) O: Allocated:         -                 0M (0%)            0M (0%)            0M (0%)     
[2026-10-03T23:44:00.747+0000][53.232s][info][gc,heap     ] GC(3) O: Reclaimed:         -                  -                 0M (0%)            0M (0%)     
[2026-10-03T23:44:00.747+0000][53.232s][info][gc,heap     ] GC(3) O: Compacted:         -                  -                  -                 0M (0%)     
[2026-10-03T23:44:00.747+0000][53.232s][info][gc,phases   ] GC(3) O: Old Generation 282M(9%)->288M(9%) 0.023s
[2026-10-03T23:44:00.747+0000][53.232s][info][gc          ] GC(3) Major Collection (Warmup) 616M(20%)->288M(9%) 0.323s
[2026-10-03T23:44:03.355+0000][55.839s][info][gc          ] GC(4) Major Collection (Warmup)
[2026-10-03T23:44:03.355+0000][55.840s][info][gc,task     ] GC(4) Using 1 Workers for Young Generation
[2026-10-03T23:44:03.355+0000][55.840s][info][gc,task     ] GC(4) Using 1 Workers for Old Generation
[2026-10-03T23:44:03.355+0000][55.840s][info][gc,phases   ] GC(4) Y: Young Generation
[2026-10-03T23:44:03.355+0000][55.840s][info][gc,phases   ] GC(4) Y: Pause Mark Start (Major) 0.012ms
[2026-10-03T23:44:03.704+0000][56.188s][info][gc,phases   ] GC(4) Y: Concurrent Mark 348.758ms
[2026-10-03T23:44:03.704+0000][56.189s][info][gc,phases   ] GC(4) Y: Pause Mark End 0.012ms
[2026-10-03T23:44:03.704+0000][56.189s][info][gc,phases   ] GC(4) Y: Concurrent Mark Free 0.002ms
[2026-10-03T23:44:03.704+0000][56.189s][info][gc,phases   ] GC(4) Y: Concurrent Reset Relocation Set 0.019ms
[2026-10-03T23:44:03.704+0000][56.189s][info][gc,reloc    ] GC(4) Y: Using tenuring threshold: 3 (Computed)
[2026-10-03T23:44:03.733+0000][56.218s][info][gc,phases   ] GC(4) Y: Concurrent Select Relocation Set 29.321ms
[2026-10-03T23:44:03.733+0000][56.218s][info][gc,phases   ] GC(4) Y: Pause Relocate Start 0.008ms
[2026-10-03T23:44:03.837+0000][56.322s][info][gc,phases   ] GC(4) Y: Concurrent Relocate 103.830ms
[2026-10-03T23:44:03.837+0000][56.322s][info][gc,alloc    ] GC(4) Y:                         Mark Start        Mark End      Relocate Start    Relocate End   
[2026-10-03T23:44:03.837+0000][56.322s][info][gc,alloc    ] GC(4) Y: Allocation Stalls:          0                0                0                0         
[2026-10-03T23:44:03.837+0000][56.322s][info][gc,load     ] GC(4) Y: Load: 1.66 (33%) / 1.32 (26%) / 0.99 (20%)
[2026-10-03T23:44:03.837+0000][56.322s][info][gc,mmu      ] GC(4) Y: MMU: 2ms/98.7%, 5ms/99.5%, 10ms/99.7%, 20ms/99.9%, 50ms/99.9%, 100ms/99.9%
[2026-10-03T23:44:03.837+0000][56.322s][info][gc,marking  ] GC(4) Y: Mark: 1 stripe(s), 2 proactive flush(es), 1 terminate flush(es), 0 completion(s), 0 continuation(s) 
[2026-10-03T23:44:03.837+0000][56.322s][info][gc,nmethod  ] GC(4) Y: NMethods: 9324 registered, 1150 unregistered
[2026-10-03T23:44:03.837+0000][56.322s][info][gc,metaspace] GC(4) Y: Metaspace: 89M used, 90M committed, 1152M reserved
[2026-10-03T23:44:03.837+0000][56.322s][info][gc,reloc    ] GC(4) Y:                        Candidates     Selected     In-Place         Size        Empty    Relocated 
[2026-10-03T23:44:03.837+0000][56.322s][info][gc,reloc    ] GC(4) Y: Small Pages:                  405          325            0         810M           0M          39M 
[2026-10-03T23:44:03.837+0000][56.322s][info][gc,reloc    ] GC(4) Y: Medium Pages:                   4            3            0         100M           0M           4M 
[2026-10-03T23:44:03.837+0000][56.322s][info][gc,reloc    ] GC(4) Y: Large Pages:                    1            0            0          12M           0M           0M 
[2026-10-03T23:44:03.837+0000][56.322s][info][gc,reloc    ] GC(4) Y: Forwarding Usage: 20M
[2026-10-03T23:44:03.837+0000][56.322s][info][gc,reloc    ] GC(4) Y: Age Table:
[2026-10-03T23:44:03.837+0000][56.322s][info][gc,reloc    ] GC(4) Y:                    Live             Garbage             Small              Medium             Large        
[2026-10-03T23:44:03.837+0000][56.322s][info][gc,reloc    ] GC(4) Y: Eden              46M (2%)          647M (21%)        345 / 319            1 / 1              0 / 0        
[2026-10-03T23:44:03.837+0000][56.322s][info][gc,reloc    ] GC(4) Y: Survivor 1        26M (1%)            3M (0%)          15 / 2              0 / 0              0 / 0        
[2026-10-03T23:44:03.837+0000][56.322s][info][gc,reloc    ] GC(4) Y: Survivor 2        46M (1%)           37M (1%)          20 / 1              1 / 1              1 / 0        
[2026-10-03T23:44:03.837+0000][56.322s][info][gc,reloc    ] GC(4) Y: Survivor 3        21M (1%)           38M (1%)          14 / 1              1 / 0              0 / 0        
[2026-10-03T23:44:03.837+0000][56.322s][info][gc,reloc    ] GC(4) Y: Survivor 4        20M (1%)           33M (1%)          11 / 2              1 / 1              0 / 0        
[2026-10-03T23:44:03.837+0000][56.322s][info][gc,heap     ] GC(4) Y: Min Capacity: 512M(17%)
[2026-10-03T23:44:03.837+0000][56.322s][info][gc,heap     ] GC(4) Y: Max Capacity: 3072M(100%)
[2026-10-03T23:44:03.837+0000][56.322s][info][gc,heap     ] GC(4) Y: Soft Max Capacity: 3072M(100%)
[2026-10-03T23:44:03.837+0000][56.322s][info][gc,heap     ] GC(4) Y: Heap Statistics:
[2026-10-03T23:44:03.837+0000][56.322s][info][gc,heap     ] GC(4) Y:                Mark Start          Mark End        Relocate Start      Relocate End           High               Low         
[2026-10-03T23:44:03.837+0000][56.322s][info][gc,heap     ] GC(4) Y:  Capacity:      922M (30%)        1014M (33%)        1020M (33%)        1062M (35%)        1062M (35%)         922M (30%)    
[2026-10-03T23:44:03.837+0000][56.322s][info][gc,heap     ] GC(4) Y:      Free:     2150M (70%)        2058M (67%)        2052M (67%)        2668M (87%)        2676M (87%)        2010M (65%)    
[2026-10-03T23:44:03.837+0000][56.322s][info][gc,heap     ] GC(4) Y:      Used:      922M (30%)        1014M (33%)        1020M (33%)         404M (13%)        1062M (35%)         396M (13%)    
[2026-10-03T23:44:03.837+0000][56.322s][info][gc,heap     ] GC(4) Y: Young Generation Statistics:
[2026-10-03T23:44:03.837+0000][56.322s][info][gc,heap     ] GC(4) Y:                Mark Start          Mark End        Relocate Start      Relocate End    
[2026-10-03T23:44:03.837+0000][56.322s][info][gc,heap     ] GC(4) Y:      Used:      922M (30%)        1014M (33%)         976M (32%)         322M (10%)    
[2026-10-03T23:44:03.837+0000][56.322s][info][gc,heap     ] GC(4) Y:      Live:         -               160M (5%)          122M (4%)          118M (4%)     
[2026-10-03T23:44:03.838+0000][56.322s][info][gc,heap     ] GC(4) Y:   Garbage:         -               761M (25%)         755M (25%)           3M (0%)     
[2026-10-03T23:44:03.838+0000][56.322s][info][gc,heap     ] GC(4) Y: Allocated:         -                92M (3%)           98M (3%)          199M (7%)     
[2026-10-03T23:44:03.838+0000][56.322s][info][gc,heap     ] GC(4) Y: Reclaimed:         -                  -                 5M (0%)          757M (25%)    
[2026-10-03T23:44:03.838+0000][56.322s][info][gc,heap     ] GC(4) Y:  Promoted:         -                  -                38M (1%)           41M (1%)     
[2026-10-03T23:44:03.838+0000][56.322s][info][gc,heap     ] GC(4) Y: Compacted:         -                  -                  -                48M (2%)     
[2026-10-03T23:44:03.838+0000][56.322s][info][gc,phases   ] GC(4) Y: Young Generation 922M(30%)->404M(13%) 0.483s
[2026-10-03T23:44:03.838+0000][56.322s][info][gc,phases   ] GC(4) O: Old Generation
[2026-10-03T23:44:03.841+0000][56.325s][info][gc,phases   ] GC(4) O: Concurrent Mark 3.177ms
[2026-10-03T23:44:03.841+0000][56.326s][info][gc,phases   ] GC(4) O: Pause Mark End 0.012ms
[2026-10-03T23:44:03.841+0000][56.326s][info][gc,phases   ] GC(4) O: Concurrent Mark Free 0.000ms
[2026-10-03T23:44:03.872+0000][56.357s][info][gc,phases   ] GC(4) O: Concurrent Process Non-Strong 31.396ms
[2026-10-03T23:44:03.872+0000][56.357s][info][gc,phases   ] GC(4) O: Concurrent Reset Relocation Set 0.000ms
[2026-10-03T23:44:03.876+0000][56.361s][info][gc,phases   ] GC(4) O: Concurrent Select Relocation Set 3.824ms
[2026-10-03T23:44:03.876+0000][56.361s][info][gc,task     ] GC(4) O: Using 1 Workers for Old Generation
[2026-10-03T23:44:03.883+0000][56.367s][info][gc,task     ] GC(4) O: Using 1 Workers for Old Generation
[2026-10-03T23:44:03.883+0000][56.367s][info][gc,phases   ] GC(4) O: Concurrent Remap Roots 6.424ms
[2026-10-03T23:44:03.883+0000][56.367s][info][gc,phases   ] GC(4) O: Pause Relocate Start 0.008ms
[2026-10-03T23:44:03.883+0000][56.367s][info][gc,phases   ] GC(4) O: Concurrent Relocate 0.085ms
[2026-10-03T23:44:03.883+0000][56.368s][info][gc,alloc    ] GC(4) O:                         Mark Start        Mark End      Relocate Start    Relocate End   
[2026-10-03T23:44:03.883+0000][56.368s][info][gc,alloc    ] GC(4) O: Allocation Stalls:          0                0                0                0         
[2026-10-03T23:44:03.883+0000][56.368s][info][gc,load     ] GC(4) O: Load: 1.66 (33%) / 1.32 (26%) / 0.99 (20%)
[2026-10-03T23:44:03.883+0000][56.368s][info][gc,mmu      ] GC(4) O: MMU: 2ms/98.7%, 5ms/99.5%, 10ms/99.7%, 20ms/99.9%, 50ms/99.9%, 100ms/99.9%
[2026-10-03T23:44:03.883+0000][56.368s][info][gc,marking  ] GC(4) O: Mark: 1 stripe(s), 1 proactive flush(es), 1 terminate flush(es), 0 completion(s), 0 continuation(s) 
[2026-10-03T23:44:03.883+0000][56.368s][info][gc,nmethod  ] GC(4) O: NMethods: 8629 registered, 1988 unregistered
[2026-10-03T23:44:03.883+0000][56.368s][info][gc,metaspace] GC(4) O: Metaspace: 89M used, 90M committed, 1152M reserved
[2026-10-03T23:44:03.883+0000][56.368s][info][gc,ref      ] GC(4) O:                       Encountered   Discovered     Enqueued 
[2026-10-03T23:44:03.883+0000][56.368s][info][gc,ref      ] GC(4) O: Soft References:             3898            0            0 
[2026-10-03T23:44:03.883+0000][56.368s][info][gc,ref      ] GC(4) O: Weak References:            29592            0            0 
[2026-10-03T23:44:03.883+0000][56.368s][info][gc,ref      ] GC(4) O: Final References:              36            0            0 
[2026-10-03T23:44:03.883+0000][56.368s][info][gc,ref      ] GC(4) O: Phantom References:           631            0            0 
[2026-10-03T23:44:03.883+0000][56.368s][info][gc,heap     ] GC(4) O: Min Capacity: 512M(17%)
[2026-10-03T23:44:03.883+0000][56.368s][info][gc,heap     ] GC(4) O: Max Capacity: 3072M(100%)
[2026-10-03T23:44:03.883+0000][56.368s][info][gc,heap     ] GC(4) O: Soft Max Capacity: 3072M(100%)
[2026-10-03T23:44:03.883+0000][56.368s][info][gc,heap     ] GC(4) O: Heap Statistics:
[2026-10-03T23:44:03.883+0000][56.368s][info][gc,heap     ] GC(4) O:                Mark Start          Mark End        Relocate Start      Relocate End           High               Low         
[2026-10-03T23:44:03.883+0000][56.368s][info][gc,heap     ] GC(4) O:  Capacity:      922M (30%)        1062M (35%)        1062M (35%)        1062M (35%)        1062M (35%)         922M (30%)    
[2026-10-03T23:44:03.883+0000][56.368s][info][gc,heap     ] GC(4) O:      Free:     2150M (70%)        2668M (87%)        2662M (87%)        2662M (87%)        2676M (87%)        2010M (65%)    
[2026-10-03T23:44:03.883+0000][56.368s][info][gc,heap     ] GC(4) O:      Used:      922M (30%)         404M (13%)         410M (13%)         410M (13%)        1062M (35%)         396M (13%)    
[2026-10-03T23:44:03.883+0000][56.368s][info][gc,heap     ] GC(4) O: Old Generation Statistics:
[2026-10-03T23:44:03.883+0000][56.368s][info][gc,heap     ] GC(4) O:                Mark Start          Mark End        Relocate Start      Relocate End    
[2026-10-03T23:44:03.883+0000][56.368s][info][gc,heap     ] GC(4) O:      Used:        0M (0%)           82M (3%)           82M (3%)           82M (3%)     
[2026-10-03T23:44:03.883+0000][56.368s][info][gc,heap     ] GC(4) O:      Live:         -                 0M (0%)            0M (0%)            0M (0%)     
[2026-10-03T23:44:03.883+0000][56.368s][info][gc,heap     ] GC(4) O:   Garbage:         -                 0M (0%)            0M (0%)            0M (0%)     
[2026-10-03T23:44:03.883+0000][56.368s][info][gc,heap     ] GC(4) O: Allocated:         -                82M (3%)           82M (3%)           82M (3%)     
[2026-10-03T23:44:03.883+0000][56.368s][info][gc,heap     ] GC(4) O: Reclaimed:         -                  -                 0M (0%)            0M (0%)     
[2026-10-03T23:44:03.883+0000][56.368s][info][gc,heap     ] GC(4) O: Compacted:         -                  -                  -                 0M (0%)     
[2026-10-03T23:44:03.883+0000][56.368s][info][gc,phases   ] GC(4) O: Old Generation 404M(13%)->410M(13%) 0.045s
[2026-10-03T23:44:03.883+0000][56.368s][info][gc          ] GC(4) Major Collection (Warmup) 922M(30%)->410M(13%) 0.528s
[2026-10-03T23:44:09.251+0000][61.735s][info][gc          ] GC(5) Minor Collection (Allocation Rate)
[2026-10-03T23:44:09.251+0000][61.736s][info][gc,task     ] GC(5) Using 1 Workers for Young Generation
[2026-10-03T23:44:09.251+0000][61.736s][info][gc,phases   ] GC(5) y: Young Generation
[2026-10-03T23:44:09.251+0000][61.736s][info][gc,phases   ] GC(5) y: Pause Mark Start 0.010ms
[2026-10-03T23:44:09.655+0000][62.140s][info][gc,phases   ] GC(5) y: Concurrent Mark 403.872ms
[2026-10-03T23:44:09.655+0000][62.140s][info][gc,phases   ] GC(5) y: Pause Mark End 0.014ms
[2026-10-03T23:44:09.655+0000][62.140s][info][gc,phases   ] GC(5) y: Concurrent Mark Free 0.002ms
[2026-10-03T23:44:09.655+0000][62.140s][info][gc,phases   ] GC(5) y: Concurrent Reset Relocation Set 0.065ms
[2026-10-03T23:44:09.655+0000][62.140s][info][gc,reloc    ] GC(5) y: Using tenuring threshold: 4 (Computed)
[2026-10-03T23:44:09.660+0000][62.145s][info][gc,phases   ] GC(5) y: Concurrent Select Relocation Set 5.109ms
[2026-10-03T23:44:09.660+0000][62.145s][info][gc,phases   ] GC(5) y: Pause Relocate Start 0.008ms
[2026-10-03T23:44:09.736+0000][62.220s][info][gc,phases   ] GC(5) y: Concurrent Relocate 75.319ms
[2026-10-03T23:44:09.736+0000][62.220s][info][gc,alloc    ] GC(5) y:                         Mark Start        Mark End      Relocate Start    Relocate End   
[2026-10-03T23:44:09.736+0000][62.220s][info][gc,alloc    ] GC(5) y: Allocation Stalls:          0                0                0                0         
[2026-10-03T23:44:09.736+0000][62.220s][info][gc,load     ] GC(5) y: Load: 1.85 (37%) / 1.36 (27%) / 1.01 (20%)
[2026-10-03T23:44:09.736+0000][62.220s][info][gc,mmu      ] GC(5) y: MMU: 2ms/98.7%, 5ms/99.5%, 10ms/99.7%, 20ms/99.9%, 50ms/99.9%, 100ms/99.9%
[2026-10-03T23:44:09.736+0000][62.220s][info][gc,marking  ] GC(5) y: Mark: 1 stripe(s), 2 proactive flush(es), 1 terminate flush(es), 0 completion(s), 0 continuation(s) 
[2026-10-03T23:44:09.736+0000][62.220s][info][gc,nmethod  ] GC(5) y: NMethods: 14178 registered, 0 unregistered
[2026-10-03T23:44:09.736+0000][62.220s][info][gc,metaspace] GC(5) y: Metaspace: 108M used, 109M committed, 1152M reserved
[2026-10-03T23:44:09.736+0000][62.220s][info][gc,reloc    ] GC(5) y:                        Candidates     Selected     In-Place         Size        Empty    Relocated 
[2026-10-03T23:44:09.736+0000][62.220s][info][gc,reloc    ] GC(5) y: Small Pages:                  642          547            0        1284M          24M          39M 
[2026-10-03T23:44:09.736+0000][62.220s][info][gc,reloc    ] GC(5) y: Medium Pages:                   4            2            0         100M          32M           3M 
[2026-10-03T23:44:09.736+0000][62.220s][info][gc,reloc    ] GC(5) y: Large Pages:                    1            0            0          12M           0M           0M 
[2026-10-03T23:44:09.736+0000][62.220s][info][gc,reloc    ] GC(5) y: Forwarding Usage: 22M
[2026-10-03T23:44:09.736+0000][62.220s][info][gc,reloc    ] GC(5) y: Age Table:
[2026-10-03T23:44:09.736+0000][62.220s][info][gc,reloc    ] GC(5) y:                    Live             Garbage             Small              Medium             Large        
[2026-10-03T23:44:09.736+0000][62.220s][info][gc,reloc    ] GC(5) y: Eden              51M (2%)         1146M (37%)        583 / 542            1 / 1              0 / 0        
[2026-10-03T23:44:09.736+0000][62.220s][info][gc,reloc    ] GC(5) y: Survivor 1        45M (1%)           38M (1%)          24 / 1              2 / 1              0 / 0        
[2026-10-03T23:44:09.736+0000][62.220s][info][gc,reloc    ] GC(5) y: Survivor 2        26M (1%)            3M (0%)          15 / 2              0 / 0              0 / 0        
[2026-10-03T23:44:09.736+0000][62.220s][info][gc,reloc    ] GC(5) y: Survivor 3        45M (1%)           38M (1%)          20 / 2              1 / 0              1 / 0        
[2026-10-03T23:44:09.736+0000][62.220s][info][gc,heap     ] GC(5) y: Min Capacity: 512M(17%)
[2026-10-03T23:44:09.736+0000][62.220s][info][gc,heap     ] GC(5) y: Max Capacity: 3072M(100%)
[2026-10-03T23:44:09.736+0000][62.220s][info][gc,heap     ] GC(5) y: Soft Max Capacity: 3072M(100%)
[2026-10-03T23:44:09.736+0000][62.220s][info][gc,heap     ] GC(5) y: Heap Statistics:
[2026-10-03T23:44:09.736+0000][62.221s][info][gc,heap     ] GC(5) y:                Mark Start          Mark End        Relocate Start      Relocate End           High               Low         
[2026-10-03T23:44:09.736+0000][62.221s][info][gc,heap     ] GC(5) y:  Capacity:     1478M (48%)        1548M (50%)        1548M (50%)        1548M (50%)        1548M (50%)        1478M (48%)    
[2026-10-03T23:44:09.736+0000][62.221s][info][gc,heap     ] GC(5) y:      Free:     1594M (52%)        1524M (50%)        1580M (51%)        2654M (86%)        2654M (86%)        1524M (50%)    
[2026-10-03T23:44:09.736+0000][62.221s][info][gc,heap     ] GC(5) y:      Used:     1478M (48%)        1548M (50%)        1492M (49%)         418M (14%)        1548M (50%)         418M (14%)    
[2026-10-03T23:44:09.736+0000][62.221s][info][gc,heap     ] GC(5) y: Young Generation Statistics:
[2026-10-03T23:44:09.736+0000][62.221s][info][gc,heap     ] GC(5) y:                Mark Start          Mark End        Relocate Start      Relocate End    
[2026-10-03T23:44:09.736+0000][62.221s][info][gc,heap     ] GC(5) y:      Used:     1396M (45%)        1466M (48%)        1410M (46%)         336M (11%)    
[2026-10-03T23:44:09.736+0000][62.221s][info][gc,heap     ] GC(5) y:      Live:         -               169M (6%)          169M (6%)          169M (6%)     
[2026-10-03T23:44:09.736+0000][62.221s][info][gc,heap     ] GC(5) y:   Garbage:         -              1226M (40%)        1170M (38%)           4M (0%)     
[2026-10-03T23:44:09.736+0000][62.221s][info][gc,heap     ] GC(5) y: Allocated:         -                70M (2%)           70M (2%)          162M (5%)     
[2026-10-03T23:44:09.736+0000][62.221s][info][gc,heap     ] GC(5) y: Reclaimed:         -                  -                56M (2%)         1222M (40%)    
[2026-10-03T23:44:09.736+0000][62.221s][info][gc,heap     ] GC(5) y:  Promoted:         -                  -                 0M (0%)            0M (0%)     
[2026-10-03T23:44:09.736+0000][62.221s][info][gc,heap     ] GC(5) y: Compacted:         -                  -                  -                53M (2%)     
[2026-10-03T23:44:09.736+0000][62.221s][info][gc,phases   ] GC(5) y: Young Generation 1478M(48%)->418M(14%) 0.485s
[2026-10-03T23:44:09.736+0000][62.221s][info][gc          ] GC(5) Minor Collection (Allocation Rate) 1478M(48%)->418M(14%) 0.485s
[2026-10-03T23:44:40.786+0000][93.270s][info][gc          ] GC(6) Minor Collection (Allocation Rate)
[2026-10-03T23:44:40.786+0000][93.270s][info][gc,task     ] GC(6) Using 1 Workers for Young Generation
[2026-10-03T23:44:40.786+0000][93.270s][info][gc,phases   ] GC(6) y: Young Generation
[2026-10-03T23:44:40.786+0000][93.270s][info][gc,phases   ] GC(6) y: Pause Mark Start 0.010ms
[2026-10-03T23:44:41.337+0000][93.822s][info][gc,phases   ] GC(6) y: Concurrent Mark 551.503ms
[2026-10-03T23:44:41.338+0000][93.822s][info][gc,phases   ] GC(6) y: Pause Mark End 0.013ms
[2026-10-03T23:44:41.338+0000][93.822s][info][gc,phases   ] GC(6) y: Concurrent Mark Free 0.002ms
[2026-10-03T23:44:41.338+0000][93.822s][info][gc,phases   ] GC(6) y: Concurrent Reset Relocation Set 0.021ms
[2026-10-03T23:44:41.338+0000][93.823s][info][gc,reloc    ] GC(6) y: Using tenuring threshold: 4 (Computed)
[2026-10-03T23:44:41.371+0000][93.856s][info][gc,phases   ] GC(6) y: Concurrent Select Relocation Set 33.497ms
[2026-10-03T23:44:41.371+0000][93.856s][info][gc,phases   ] GC(6) y: Pause Relocate Start 0.011ms
[2026-10-03T23:44:41.488+0000][93.972s][info][gc,phases   ] GC(6) y: Concurrent Relocate 116.186ms
[2026-10-03T23:44:41.488+0000][93.973s][info][gc,alloc    ] GC(6) y:                         Mark Start        Mark End      Relocate Start    Relocate End   
[2026-10-03T23:44:41.488+0000][93.973s][info][gc,alloc    ] GC(6) y: Allocation Stalls:          0                0                0                0         
[2026-10-03T23:44:41.488+0000][93.973s][info][gc,load     ] GC(6) y: Load: 3.23 (65%) / 1.74 (35%) / 1.15 (23%)
[2026-10-03T23:44:41.488+0000][93.973s][info][gc,mmu      ] GC(6) y: MMU: 2ms/98.7%, 5ms/99.5%, 10ms/99.7%, 20ms/99.9%, 50ms/99.9%, 100ms/99.9%
[2026-10-03T23:44:41.488+0000][93.973s][info][gc,marking  ] GC(6) y: Mark: 1 stripe(s), 2 proactive flush(es), 1 terminate flush(es), 0 completion(s), 0 continuation(s) 
[2026-10-03T23:44:41.488+0000][93.973s][info][gc,nmethod  ] GC(6) y: NMethods: 21895 registered, 0 unregistered
[2026-10-03T23:44:41.488+0000][93.973s][info][gc,metaspace] GC(6) y: Metaspace: 123M used, 124M committed, 1152M reserved
[2026-10-03T23:44:41.488+0000][93.973s][info][gc,reloc    ] GC(6) y:                        Candidates     Selected     In-Place         Size        Empty    Relocated 
[2026-10-03T23:44:41.488+0000][93.973s][info][gc,reloc    ] GC(6) y: Small Pages:                 1174          868            0        2348M         382M          58M 
[2026-10-03T23:44:41.488+0000][93.973s][info][gc,reloc    ] GC(6) y: Medium Pages:                   4            3            0         100M           0M           4M 
[2026-10-03T23:44:41.488+0000][93.973s][info][gc,reloc    ] GC(6) y: Large Pages:                    1            0            0          12M           0M           0M 
[2026-10-03T23:44:41.488+0000][93.973s][info][gc,reloc    ] GC(6) y: Forwarding Usage: 28M
[2026-10-03T23:44:41.488+0000][93.973s][info][gc,reloc    ] GC(6) y: Age Table:
[2026-10-03T23:44:41.488+0000][93.973s][info][gc,reloc    ] GC(6) y:                    Live             Garbage             Small              Medium             Large        
[2026-10-03T23:44:41.488+0000][93.973s][info][gc,reloc    ] GC(6) y: Eden              68M (2%)         2137M (70%)       1087 / 857            1 / 1              0 / 0        
[2026-10-03T23:44:41.488+0000][93.973s][info][gc,reloc    ] GC(6) y: Survivor 1        39M (1%)           48M (2%)          28 / 6              1 / 1              0 / 0        
[2026-10-03T23:44:41.488+0000][93.973s][info][gc,reloc    ] GC(6) y: Survivor 2        45M (1%)            6M (0%)          24 / 2              1 / 1              0 / 0        
[2026-10-03T23:44:41.488+0000][93.973s][info][gc,reloc    ] GC(6) y: Survivor 3        26M (1%)            3M (0%)          15 / 1              0 / 0              0 / 0        
[2026-10-03T23:44:41.488+0000][93.973s][info][gc,reloc    ] GC(6) y: Survivor 4        45M (1%)           38M (1%)          20 / 2              1 / 0              1 / 0        
[2026-10-03T23:44:41.488+0000][93.973s][info][gc,heap     ] GC(6) y: Min Capacity: 512M(17%)
[2026-10-03T23:44:41.488+0000][93.973s][info][gc,heap     ] GC(6) y: Max Capacity: 3072M(100%)
[2026-10-03T23:44:41.488+0000][93.973s][info][gc,heap     ] GC(6) y: Soft Max Capacity: 3072M(100%)
[2026-10-03T23:44:41.488+0000][93.973s][info][gc,heap     ] GC(6) y: Heap Statistics:
[2026-10-03T23:44:41.488+0000][93.973s][info][gc,heap     ] GC(6) y:                Mark Start          Mark End        Relocate Start      Relocate End           High               Low         
[2026-10-03T23:44:41.488+0000][93.973s][info][gc,heap     ] GC(6) y:  Capacity:     2542M (83%)        2676M (87%)        2676M (87%)        2676M (87%)        2676M (87%)        2542M (83%)    
[2026-10-03T23:44:41.488+0000][93.973s][info][gc,heap     ] GC(6) y:      Free:      530M (17%)         396M (13%)         778M (25%)        2488M (81%)        2494M (81%)         396M (13%)    
[2026-10-03T23:44:41.488+0000][93.973s][info][gc,heap     ] GC(6) y:      Used:     2542M (83%)        2676M (87%)        2294M (75%)         584M (19%)        2676M (87%)         578M (19%)    
[2026-10-03T23:44:41.488+0000][93.973s][info][gc,heap     ] GC(6) y: Young Generation Statistics:
[2026-10-03T23:44:41.488+0000][93.973s][info][gc,heap     ] GC(6) y:                Mark Start          Mark End        Relocate Start      Relocate End    
[2026-10-03T23:44:41.488+0000][93.973s][info][gc,heap     ] GC(6) y:      Used:     2460M (80%)        2594M (84%)        2164M (70%)         420M (14%)    
[2026-10-03T23:44:41.488+0000][93.973s][info][gc,heap     ] GC(6) y:      Live:         -               224M (7%)          180M (6%)          179M (6%)     
[2026-10-03T23:44:41.488+0000][93.973s][info][gc,heap     ] GC(6) y:   Garbage:         -              2235M (73%)        1849M (60%)           4M (0%)     
[2026-10-03T23:44:41.488+0000][93.973s][info][gc,heap     ] GC(6) y: Allocated:         -               134M (4%)          134M (4%)          236M (8%)     
[2026-10-03T23:44:41.488+0000][93.973s][info][gc,heap     ] GC(6) y: Reclaimed:         -                  -               385M (13%)        2230M (73%)    
[2026-10-03T23:44:41.488+0000][93.973s][info][gc,heap     ] GC(6) y:  Promoted:         -                  -                44M (1%)           45M (1%)     
[2026-10-03T23:44:41.488+0000][93.973s][info][gc,heap     ] GC(6) y: Compacted:         -                  -                  -                79M (3%)     
[2026-10-03T23:44:41.488+0000][93.973s][info][gc,phases   ] GC(6) y: Young Generation 2542M(83%)->584M(19%) 0.702s
[2026-10-03T23:44:41.488+0000][93.973s][info][gc          ] GC(6) Minor Collection (Allocation Rate) 2542M(83%)->584M(19%) 0.702s
[2026-10-03T23:44:41.488+0000][93.973s][info][gc          ] GC(7) Major Collection (Proactive)
[2026-10-03T23:44:41.488+0000][93.973s][info][gc,task     ] GC(7) Using 1 Workers for Young Generation
[2026-10-03T23:44:41.488+0000][93.973s][info][gc,task     ] GC(7) Using 1 Workers for Old Generation
[2026-10-03T23:44:41.488+0000][93.973s][info][gc,phases   ] GC(7) Y: Young Generation
[2026-10-03T23:44:41.488+0000][93.973s][info][gc,phases   ] GC(7) Y: Pause Mark Start (Major) 0.010ms
[2026-10-03T23:44:42.009+0000][94.494s][info][gc,phases   ] GC(7) Y: Concurrent Mark 520.826ms
[2026-10-03T23:44:42.009+0000][94.494s][info][gc,phases   ] GC(7) Y: Pause Mark End 0.014ms
[2026-10-03T23:44:42.009+0000][94.494s][info][gc,phases   ] GC(7) Y: Concurrent Mark Free 0.003ms
[2026-10-03T23:44:42.009+0000][94.494s][info][gc,phases   ] GC(7) Y: Concurrent Reset Relocation Set 0.075ms
[2026-10-03T23:44:42.009+0000][94.494s][info][gc,reloc    ] GC(7) Y: Using tenuring threshold: 2 (Computed)
[2026-10-03T23:44:42.088+0000][94.573s][info][gc,phases   ] GC(7) Y: Concurrent Select Relocation Set 78.893ms
[2026-10-03T23:44:42.088+0000][94.573s][info][gc,phases   ] GC(7) Y: Pause Relocate Start 0.012ms
[2026-10-03T23:44:42.200+0000][94.684s][info][gc,phases   ] GC(7) Y: Concurrent Relocate 106.836ms
[2026-10-03T23:44:42.200+0000][94.684s][info][gc,alloc    ] GC(7) Y:                         Mark Start        Mark End      Relocate Start    Relocate End   
[2026-10-03T23:44:42.200+0000][94.684s][info][gc,alloc    ] GC(7) Y: Allocation Stalls:          0                0                0                0         
[2026-10-03T23:44:42.200+0000][94.684s][info][gc,load     ] GC(7) Y: Load: 3.23 (65%) / 1.74 (35%) / 1.15 (23%)
[2026-10-03T23:44:42.200+0000][94.684s][info][gc,mmu      ] GC(7) Y: MMU: 2ms/98.7%, 5ms/99.5%, 10ms/99.7%, 20ms/99.9%, 50ms/99.9%, 100ms/99.9%
[2026-10-03T23:44:42.200+0000][94.684s][info][gc,marking  ] GC(7) Y: Mark: 1 stripe(s), 2 proactive flush(es), 1 terminate flush(es), 0 completion(s), 0 continuation(s) 
[2026-10-03T23:44:42.200+0000][94.684s][info][gc,nmethod  ] GC(7) Y: NMethods: 22323 registered, 0 unregistered
[2026-10-03T23:44:42.200+0000][94.684s][info][gc,metaspace] GC(7) Y: Metaspace: 123M used, 124M committed, 1152M reserved
[2026-10-03T23:44:42.200+0000][94.684s][info][gc,reloc    ] GC(7) Y:                        Candidates     Selected     In-Place         Size        Empty    Relocated 
[2026-10-03T23:44:42.200+0000][94.684s][info][gc,reloc    ] GC(7) Y: Small Pages:                  160           63            0         320M           0M           8M 
[2026-10-03T23:44:42.200+0000][94.684s][info][gc,reloc    ] GC(7) Y: Medium Pages:                   4            2            0         100M          32M           3M 
[2026-10-03T23:44:42.200+0000][94.684s][info][gc,reloc    ] GC(7) Y: Large Pages:                    0            0            0           0M           0M           0M 
[2026-10-03T23:44:42.200+0000][94.684s][info][gc,reloc    ] GC(7) Y: Forwarding Usage: 5M
[2026-10-03T23:44:42.200+0000][94.684s][info][gc,reloc    ] GC(7) Y: Age Table:
[2026-10-03T23:44:42.200+0000][94.684s][info][gc,reloc    ] GC(7) Y:                    Live             Garbage             Small              Medium             Large        
[2026-10-03T23:44:42.200+0000][94.684s][info][gc,reloc    ] GC(7) Y: Eden              11M (0%)          140M (5%)          60 / 53             1 / 0              0 / 0        
[2026-10-03T23:44:42.200+0000][94.684s][info][gc,reloc    ] GC(7) Y: Survivor 1        67M (2%)           40M (1%)          38 / 3              1 / 0              0 / 0        
[2026-10-03T23:44:42.200+0000][94.684s][info][gc,reloc    ] GC(7) Y: Survivor 2        39M (1%)           42M (1%)          25 / 6              1 / 1              0 / 0        
[2026-10-03T23:44:42.200+0000][94.684s][info][gc,reloc    ] GC(7) Y: Survivor 3        45M (1%)            4M (0%)          23 / 0              1 / 1              0 / 0        
[2026-10-03T23:44:42.200+0000][94.684s][info][gc,reloc    ] GC(7) Y: Survivor 4        26M (1%)            1M (0%)          14 / 1              0 / 0              0 / 0        
[2026-10-03T23:44:42.200+0000][94.684s][info][gc,heap     ] GC(7) Y: Min Capacity: 512M(17%)
[2026-10-03T23:44:42.200+0000][94.684s][info][gc,heap     ] GC(7) Y: Max Capacity: 3072M(100%)
[2026-10-03T23:44:42.200+0000][94.684s][info][gc,heap     ] GC(7) Y: Soft Max Capacity: 3072M(100%)
[2026-10-03T23:44:42.200+0000][94.684s][info][gc,heap     ] GC(7) Y: Heap Statistics:
[2026-10-03T23:44:42.200+0000][94.684s][info][gc,heap     ] GC(7) Y:                Mark Start          Mark End        Relocate Start      Relocate End           High               Low         
[2026-10-03T23:44:42.200+0000][94.684s][info][gc,heap     ] GC(7) Y:  Capacity:     2676M (87%)        2676M (87%)        2676M (87%)        2676M (87%)        2676M (87%)        2676M (87%)    
[2026-10-03T23:44:42.200+0000][94.684s][info][gc,heap     ] GC(7) Y:      Free:     2488M (81%)        2330M (76%)        2328M (76%)        2410M (78%)        2488M (81%)        2282M (74%)    
[2026-10-03T23:44:42.200+0000][94.684s][info][gc,heap     ] GC(7) Y:      Used:      584M (19%)         742M (24%)         744M (24%)         662M (22%)         790M (26%)         584M (19%)    
[2026-10-03T23:44:42.200+0000][94.684s][info][gc,heap     ] GC(7) Y: Young Generation Statistics:
[2026-10-03T23:44:42.200+0000][94.684s][info][gc,heap     ] GC(7) Y:                Mark Start          Mark End        Relocate Start      Relocate End    
[2026-10-03T23:44:42.200+0000][94.684s][info][gc,heap     ] GC(7) Y:      Used:      420M (14%)         578M (19%)         472M (15%)         350M (11%)    
[2026-10-03T23:44:42.200+0000][94.685s][info][gc,heap     ] GC(7) Y:      Live:         -               190M (6%)           86M (3%)           79M (3%)     
[2026-10-03T23:44:42.200+0000][94.685s][info][gc,heap     ] GC(7) Y:   Garbage:         -               229M (7%)          193M (6%)            1M (0%)     
[2026-10-03T23:44:42.200+0000][94.685s][info][gc,heap     ] GC(7) Y: Allocated:         -               158M (5%)          192M (6%)          269M (9%)     
[2026-10-03T23:44:42.200+0000][94.685s][info][gc,heap     ] GC(7) Y: Reclaimed:         -                  -                35M (1%)          227M (7%)     
[2026-10-03T23:44:42.200+0000][94.685s][info][gc,heap     ] GC(7) Y:  Promoted:         -                  -               104M (3%)          111M (4%)     
[2026-10-03T23:44:42.200+0000][94.685s][info][gc,heap     ] GC(7) Y: Compacted:         -                  -                  -                12M (0%)     
[2026-10-03T23:44:42.200+0000][94.685s][info][gc,phases   ] GC(7) Y: Young Generation 584M(19%)->662M(22%) 0.712s
[2026-10-03T23:44:42.200+0000][94.685s][info][gc,phases   ] GC(7) O: Old Generation
[2026-10-03T23:44:42.320+0000][94.804s][info][gc,phases   ] GC(7) O: Concurrent Mark 119.903ms
[2026-10-03T23:44:42.320+0000][94.805s][info][gc,phases   ] GC(7) O: Pause Mark End 0.013ms
[2026-10-03T23:44:42.320+0000][94.805s][info][gc,phases   ] GC(7) O: Concurrent Mark Free 0.003ms
[2026-10-03T23:44:42.405+0000][94.890s][info][gc,phases   ] GC(7) O: Concurrent Process Non-Strong 85.375ms
[2026-10-03T23:44:42.405+0000][94.890s][info][gc,phases   ] GC(7) O: Concurrent Reset Relocation Set 0.001ms
[2026-10-03T23:44:42.409+0000][94.894s][info][gc,phases   ] GC(7) O: Concurrent Select Relocation Set 3.952ms
[2026-10-03T23:44:42.409+0000][94.894s][info][gc,task     ] GC(7) O: Using 1 Workers for Old Generation
[2026-10-03T23:44:42.424+0000][94.909s][info][gc,task     ] GC(7) O: Using 1 Workers for Old Generation
[2026-10-03T23:44:42.424+0000][94.909s][info][gc,phases   ] GC(7) O: Concurrent Remap Roots 14.891ms
[2026-10-03T23:44:42.424+0000][94.909s][info][gc,phases   ] GC(7) O: Pause Relocate Start 0.012ms
[2026-10-03T23:44:42.501+0000][94.986s][info][gc,phases   ] GC(7) O: Concurrent Relocate 77.117ms
[2026-10-03T23:44:42.502+0000][94.986s][info][gc,alloc    ] GC(7) O:                         Mark Start        Mark End      Relocate Start    Relocate End   
[2026-10-03T23:44:42.502+0000][94.986s][info][gc,alloc    ] GC(7) O: Allocation Stalls:          0                0                0                0         
[2026-10-03T23:44:42.502+0000][94.986s][info][gc,load     ] GC(7) O: Load: 3.23 (65%) / 1.74 (35%) / 1.15 (23%)
[2026-10-03T23:44:42.502+0000][94.986s][info][gc,mmu      ] GC(7) O: MMU: 2ms/98.7%, 5ms/99.5%, 10ms/99.7%, 20ms/99.9%, 50ms/99.9%, 100ms/99.9%
[2026-10-03T23:44:42.502+0000][94.986s][info][gc,marking  ] GC(7) O: Mark: 1 stripe(s), 2 proactive flush(es), 1 terminate flush(es), 0 completion(s), 0 continuation(s) 
[2026-10-03T23:44:42.502+0000][94.986s][info][gc,nmethod  ] GC(7) O: NMethods: 16552 registered, 5834 unregistered
[2026-10-03T23:44:42.502+0000][94.986s][info][gc,metaspace] GC(7) O: Metaspace: 123M used, 124M committed, 1152M reserved
[2026-10-03T23:44:42.502+0000][94.986s][info][gc,ref      ] GC(7) O:                       Encountered   Discovered     Enqueued 
[2026-10-03T23:44:42.502+0000][94.986s][info][gc,ref      ] GC(7) O: Soft References:             4530            0            0 
[2026-10-03T23:44:42.502+0000][94.986s][info][gc,ref      ] GC(7) O: Weak References:            46796         3095         1349 
[2026-10-03T23:44:42.502+0000][94.986s][info][gc,ref      ] GC(7) O: Final References:              59            0            0 
[2026-10-03T23:44:42.502+0000][94.986s][info][gc,ref      ] GC(7) O: Phantom References:           762          253           51 
[2026-10-03T23:44:42.502+0000][94.986s][info][gc,reloc    ] GC(7) O:                        Candidates     Selected     In-Place         Size        Empty    Relocated 
[2026-10-03T23:44:42.502+0000][94.986s][info][gc,reloc    ] GC(7) O: Small Pages:                   44           10            0          88M           0M           6M 
[2026-10-03T23:44:42.502+0000][94.986s][info][gc,reloc    ] GC(7) O: Medium Pages:                   2            1            0          64M           0M           3M 
[2026-10-03T23:44:42.502+0000][94.986s][info][gc,reloc    ] GC(7) O: Large Pages:                    1            0            0          12M           0M           0M 
[2026-10-03T23:44:42.502+0000][94.986s][info][gc,reloc    ] GC(7) O: Forwarding Usage: 8M
[2026-10-03T23:44:42.502+0000][94.986s][info][gc,heap     ] GC(7) O: Min Capacity: 512M(17%)
[2026-10-03T23:44:42.502+0000][94.986s][info][gc,heap     ] GC(7) O: Max Capacity: 3072M(100%)
[2026-10-03T23:44:42.502+0000][94.986s][info][gc,heap     ] GC(7) O: Soft Max Capacity: 3072M(100%)
[2026-10-03T23:44:42.502+0000][94.986s][info][gc,heap     ] GC(7) O: Heap Statistics:
[2026-10-03T23:44:42.502+0000][94.986s][info][gc,heap     ] GC(7) O:                Mark Start          Mark End        Relocate Start      Relocate End           High               Low         
[2026-10-03T23:44:42.502+0000][94.986s][info][gc,heap     ] GC(7) O:  Capacity:     2676M (87%)        2676M (87%)        2676M (87%)        2676M (87%)        2676M (87%)        2676M (87%)    
[2026-10-03T23:44:42.502+0000][94.986s][info][gc,heap     ] GC(7) O:      Free:     2488M (81%)        2328M (76%)        2318M (75%)        2358M (77%)        2488M (81%)        2282M (74%)    
[2026-10-03T23:44:42.502+0000][94.986s][info][gc,heap     ] GC(7) O:      Used:      584M (19%)         744M (24%)         754M (25%)         714M (23%)         790M (26%)         584M (19%)    
[2026-10-03T23:44:42.502+0000][94.986s][info][gc,heap     ] GC(7) O: Old Generation Statistics:
[2026-10-03T23:44:42.502+0000][94.986s][info][gc,heap     ] GC(7) O:                Mark Start          Mark End        Relocate Start      Relocate End    
[2026-10-03T23:44:42.502+0000][94.986s][info][gc,heap     ] GC(7) O:      Used:      164M (5%)          312M (10%)         312M (10%)         264M (9%)     
[2026-10-03T23:44:42.502+0000][94.986s][info][gc,heap     ] GC(7) O:      Live:         -                76M (2%)           76M (2%)           76M (2%)     
[2026-10-03T23:44:42.502+0000][94.986s][info][gc,heap     ] GC(7) O:   Garbage:         -                87M (3%)           87M (3%)            3M (0%)     
[2026-10-03T23:44:42.502+0000][94.986s][info][gc,heap     ] GC(7) O: Allocated:         -               148M (5%)          148M (5%)          183M (6%)     
[2026-10-03T23:44:42.502+0000][94.986s][info][gc,heap     ] GC(7) O: Reclaimed:         -                  -                 0M (0%)           83M (3%)     
[2026-10-03T23:44:42.502+0000][94.987s][info][gc,heap     ] GC(7) O: Compacted:         -                  -                  -                28M (1%)     
[2026-10-03T23:44:42.502+0000][94.987s][info][gc,phases   ] GC(7) O: Old Generation 662M(22%)->714M(23%) 0.302s
[2026-10-03T23:44:42.502+0000][94.987s][info][gc          ] GC(7) Major Collection (Proactive) 584M(19%)->714M(23%) 1.014s
[2026-10-03T23:44:58.964+0000][111.448s][info][gc          ] GC(8) Minor Collection (Allocation Rate)
[2026-10-03T23:44:58.964+0000][111.448s][info][gc,task     ] GC(8) Using 1 Workers for Young Generation
[2026-10-03T23:44:58.964+0000][111.448s][info][gc,phases   ] GC(8) y: Young Generation
[2026-10-03T23:44:58.964+0000][111.449s][info][gc,phases   ] GC(8) y: Pause Mark Start 0.012ms
[2026-10-03T23:44:59.327+0000][111.811s][info][gc,phases   ] GC(8) y: Concurrent Mark 362.160ms
[2026-10-03T23:44:59.327+0000][111.811s][info][gc,phases   ] GC(8) y: Pause Mark End 0.052ms
[2026-10-03T23:44:59.327+0000][111.812s][info][gc,phases   ] GC(8) y: Concurrent Mark Free 0.005ms
[2026-10-03T23:44:59.327+0000][111.812s][info][gc,phases   ] GC(8) y: Concurrent Reset Relocation Set 0.070ms
[2026-10-03T23:44:59.327+0000][111.812s][info][gc,reloc    ] GC(8) y: Using tenuring threshold: 1 (Computed)
[2026-10-03T23:44:59.363+0000][111.848s][info][gc,phases   ] GC(8) y: Concurrent Select Relocation Set 36.435ms
[2026-10-03T23:44:59.363+0000][111.848s][info][gc,phases   ] GC(8) y: Pause Relocate Start 0.008ms
[2026-10-03T23:44:59.543+0000][112.028s][info][gc,phases   ] GC(8) y: Concurrent Relocate 179.422ms
[2026-10-03T23:44:59.543+0000][112.028s][info][gc,alloc    ] GC(8) y:                         Mark Start        Mark End      Relocate Start    Relocate End   
[2026-10-03T23:44:59.543+0000][112.028s][info][gc,alloc    ] GC(8) y: Allocation Stalls:          0                0                0                0         
[2026-10-03T23:44:59.543+0000][112.028s][info][gc,load     ] GC(8) y: Load: 2.59 (52%) / 1.67 (33%) / 1.13 (23%)
[2026-10-03T23:44:59.543+0000][112.028s][info][gc,mmu      ] GC(8) y: MMU: 2ms/97.4%, 5ms/99.0%, 10ms/99.5%, 20ms/99.7%, 50ms/99.9%, 100ms/99.9%
[2026-10-03T23:44:59.543+0000][112.028s][info][gc,marking  ] GC(8) y: Mark: 1 stripe(s), 2 proactive flush(es), 1 terminate flush(es), 0 completion(s), 0 continuation(s) 
[2026-10-03T23:44:59.543+0000][112.028s][info][gc,nmethod  ] GC(8) y: NMethods: 17592 registered, 0 unregistered
[2026-10-03T23:44:59.543+0000][112.028s][info][gc,metaspace] GC(8) y: Metaspace: 123M used, 124M committed, 1152M reserved
[2026-10-03T23:44:59.543+0000][112.028s][info][gc,reloc    ] GC(8) y:                        Candidates     Selected     In-Place         Size        Empty    Relocated 
[2026-10-03T23:44:59.543+0000][112.028s][info][gc,reloc    ] GC(8) y: Small Pages:                  917          609            0        1834M         338M         109M 
[2026-10-03T23:44:59.543+0000][112.028s][info][gc,reloc    ] GC(8) y: Medium Pages:                   2            1            0          64M           0M           1M 
[2026-10-03T23:44:59.543+0000][112.028s][info][gc,reloc    ] GC(8) y: Large Pages:                    0            0            0           0M           0M           0M 
[2026-10-03T23:44:59.543+0000][112.028s][info][gc,reloc    ] GC(8) y: Forwarding Usage: 39M
[2026-10-03T23:44:59.543+0000][112.028s][info][gc,reloc    ] GC(8) y: Age Table:
[2026-10-03T23:44:59.543+0000][112.028s][info][gc,reloc    ] GC(8) y:                    Live             Garbage             Small              Medium             Large        
[2026-10-03T23:44:59.543+0000][112.028s][info][gc,reloc    ] GC(8) y: Eden             174M (6%)         1603M (52%)        873 / 605            1 / 1              0 / 0        
[2026-10-03T23:44:59.543+0000][112.028s][info][gc,reloc    ] GC(8) y: Survivor 1        10M (0%)            3M (0%)           7 / 1              0 / 0              0 / 0        
[2026-10-03T23:44:59.543+0000][112.028s][info][gc,reloc    ] GC(8) y: Survivor 2        64M (2%)           41M (1%)          37 / 3              1 / 0              0 / 0        
[2026-10-03T23:44:59.543+0000][112.028s][info][gc,heap     ] GC(8) y: Min Capacity: 512M(17%)
[2026-10-03T23:44:59.543+0000][112.028s][info][gc,heap     ] GC(8) y: Max Capacity: 3072M(100%)
[2026-10-03T23:44:59.543+0000][112.028s][info][gc,heap     ] GC(8) y: Soft Max Capacity: 3072M(100%)
[2026-10-03T23:44:59.543+0000][112.028s][info][gc,heap     ] GC(8) y: Heap Statistics:
[2026-10-03T23:44:59.543+0000][112.028s][info][gc,heap     ] GC(8) y:                Mark Start          Mark End        Relocate Start      Relocate End           High               Low         
[2026-10-03T23:44:59.543+0000][112.028s][info][gc,heap     ] GC(8) y:  Capacity:     2676M (87%)        2676M (87%)        2676M (87%)        2676M (87%)        2676M (87%)        2676M (87%)    
[2026-10-03T23:44:59.543+0000][112.028s][info][gc,heap     ] GC(8) y:      Free:      910M (30%)         512M (17%)         848M (28%)        2080M (68%)        2082M (68%)         512M (17%)    
[2026-10-03T23:44:59.543+0000][112.028s][info][gc,heap     ] GC(8) y:      Used:     2162M (70%)        2560M (83%)        2224M (72%)         992M (32%)        2560M (83%)         990M (32%)    
[2026-10-03T23:44:59.543+0000][112.028s][info][gc,heap     ] GC(8) y: Young Generation Statistics:
[2026-10-03T23:44:59.543+0000][112.028s][info][gc,heap     ] GC(8) y:                Mark Start          Mark End        Relocate Start      Relocate End    
[2026-10-03T23:44:59.543+0000][112.028s][info][gc,heap     ] GC(8) y:      Used:     1898M (62%)        2296M (75%)        1882M (61%)         616M (20%)    
[2026-10-03T23:44:59.543+0000][112.028s][info][gc,heap     ] GC(8) y:      Live:         -               249M (8%)          176M (6%)          174M (6%)     
[2026-10-03T23:44:59.543+0000][112.028s][info][gc,heap     ] GC(8) y:   Garbage:         -              1648M (54%)        1305M (42%)           0M (0%)     
[2026-10-03T23:44:59.543+0000][112.028s][info][gc,heap     ] GC(8) y: Allocated:         -               398M (13%)         400M (13%)         441M (14%)    
[2026-10-03T23:44:59.543+0000][112.028s][info][gc,heap     ] GC(8) y: Reclaimed:         -                  -               343M (11%)        1648M (54%)    
[2026-10-03T23:44:59.543+0000][112.028s][info][gc,heap     ] GC(8) y:  Promoted:         -                  -                72M (2%)           74M (2%)     
[2026-10-03T23:44:59.543+0000][112.028s][info][gc,heap     ] GC(8) y: Compacted:         -                  -                  -               174M (6%)     
[2026-10-03T23:44:59.543+0000][112.028s][info][gc,phases   ] GC(8) y: Young Generation 2162M(70%)->992M(32%) 0.579s
[2026-10-03T23:44:59.543+0000][112.028s][info][gc          ] GC(8) Minor Collection (Allocation Rate) 2162M(70%)->992M(32%) 0.580s
[2026-10-03T23:45:01.569+0000][114.054s][info][gc,exit     ] Stopping ZGC
[2026-10-03T23:45:01.569+0000][114.054s][info][gc,stats    ] === Garbage Collection Statistics =======================================================================================================================
[2026-10-03T23:45:01.569+0000][114.054s][info][gc,stats    ]                                                              Last 10s              Last 10m              Last 10h                Total
[2026-10-03T23:45:01.569+0000][114.054s][info][gc,stats    ]                                                              Avg / Max             Avg / Max             Avg / Max             Avg / Max
[2026-10-03T23:45:01.569+0000][114.054s][info][gc,stats    ]        Contention: Mark Segment Reset Contention                     0 / 0                 0 / 0                 0 / 0                 0 / 0           ops/s
[2026-10-03T23:45:01.569+0000][114.054s][info][gc,stats    ]        Contention: Mark SeqNum Reset Contention                      0 / 0                 0 / 0                 0 / 0                 0 / 0           ops/s
[2026-10-03T23:45:01.569+0000][114.054s][info][gc,stats    ]          Critical: Allocation Stall                                  0 / 0                 0 / 0                 0 / 0                 0 / 0           ops/s
[2026-10-03T23:45:01.569+0000][114.054s][info][gc,stats    ]          Critical: Allocation Stall                              0.000 / 0.000         0.000 / 0.000         0.000 / 0.000         0.000 / 0.000       ms
[2026-10-03T23:45:01.569+0000][114.054s][info][gc,stats    ]          Critical: JNI Critical Stall                                0 / 0                 0 / 1                 0 / 1                 0 / 1           ops/s
[2026-10-03T23:45:01.569+0000][114.054s][info][gc,stats    ]          Critical: JNI Critical Stall                            0.000 / 0.000         0.820 / 2.972         0.820 / 2.972         0.820 / 2.972       ms
[2026-10-03T23:45:01.569+0000][114.054s][info][gc,stats    ]          Critical: Relocation Stall                                  0 / 0                 0 / 0                 0 / 0                 0 / 0           ops/s
[2026-10-03T23:45:01.569+0000][114.054s][info][gc,stats    ]          Critical: Relocation Stall                              0.000 / 0.000         0.000 / 0.000         0.000 / 0.000         0.000 / 0.000       ms
[2026-10-03T23:45:01.569+0000][114.054s][info][gc,stats    ]  Major Collection: Major Collection                              0.000 / 0.000       388.964 / 1013.848    388.964 / 1013.848    388.964 / 1013.848    ms
[2026-10-03T23:45:01.569+0000][114.054s][info][gc,stats    ]            Memory: Allocation Rate                                  98 / 770              69 / 770              69 / 770              69 / 770         MB/s
[2026-10-03T23:45:01.569+0000][114.054s][info][gc,stats    ]            Memory: Defragment                                        0 / 0                 0 / 0                 0 / 0                 0 / 0           ops/s
[2026-10-03T23:45:01.569+0000][114.054s][info][gc,stats    ]            Memory: Mapped Cache Harvest                              0 / 0                 0 / 0                 0 / 0                 0 / 0           MB/s
[2026-10-03T23:45:01.569+0000][114.054s][info][gc,stats    ]            Memory: Out Of Memory                                     0 / 0                 0 / 0                 0 / 0                 0 / 0           ops/s
[2026-10-03T23:45:01.569+0000][114.054s][info][gc,stats    ]            Memory: Uncommit                                          0 / 0                 0 / 0                 0 / 0                 0 / 0           MB/s
[2026-10-03T23:45:01.569+0000][114.054s][info][gc,stats    ]            Memory: Undo Object Allocation Failed                     0 / 0                 0 / 0                 0 / 0                 0 / 0           ops/s
[2026-10-03T23:45:01.569+0000][114.054s][info][gc,stats    ]            Memory: Undo Object Allocation Succeeded                  0 / 0                 0 / 0                 0 / 0                 0 / 0           ops/s
[2026-10-03T23:45:01.569+0000][114.054s][info][gc,stats    ]            Memory: Undo Page Allocation                              0 / 0                 0 / 3                 0 / 3                 0 / 3           ops/s
[2026-10-03T23:45:01.569+0000][114.054s][info][gc,stats    ]  Minor Collection: Minor Collection                            579.622 / 579.622     589.036 / 702.333     589.036 / 702.333     589.036 / 702.333     ms
[2026-10-03T23:45:01.569+0000][114.054s][info][gc,stats    ]    Old Generation: Old Generation                                0.000 / 0.000        71.475 / 301.760      71.475 / 301.760      71.475 / 301.760     ms
[2026-10-03T23:45:01.569+0000][114.054s][info][gc,stats    ]         Old Pause: Pause Mark End                                0.000 / 0.000         0.011 / 0.014         0.011 / 0.014         0.011 / 0.014       ms
[2026-10-03T23:45:01.569+0000][114.054s][info][gc,stats    ]         Old Pause: Pause Relocate Start                          0.000 / 0.000         0.012 / 0.026         0.012 / 0.026         0.012 / 0.026       ms
[2026-10-03T23:45:01.569+0000][114.054s][info][gc,stats    ]         Old Phase: Concurrent Mark                               0.000 / 0.000        21.859 / 119.903      21.859 / 119.903      21.859 / 119.903     ms
[2026-10-03T23:45:01.569+0000][114.054s][info][gc,stats    ]         Old Phase: Concurrent Mark Continue                      0.000 / 0.000         0.000 / 0.000         0.000 / 0.000         0.000 / 0.000       ms
[2026-10-03T23:45:01.569+0000][114.054s][info][gc,stats    ]         Old Phase: Concurrent Mark Free                          0.000 / 0.000         0.001 / 0.003         0.001 / 0.003         0.001 / 0.003       ms
[2026-10-03T23:45:01.569+0000][114.054s][info][gc,stats    ]         Old Phase: Concurrent Process Non-Strong                 0.000 / 0.000        29.307 / 85.375       29.307 / 85.375       29.307 / 85.375      ms
[2026-10-03T23:45:01.569+0000][114.054s][info][gc,stats    ]         Old Phase: Concurrent Relocate                           0.000 / 0.000        12.906 / 77.117       12.906 / 77.117       12.906 / 77.117      ms
[2026-10-03T23:45:01.569+0000][114.054s][info][gc,stats    ]         Old Phase: Concurrent Remap Roots                        0.000 / 0.000         5.337 / 14.891        5.337 / 14.891        5.337 / 14.891      ms
[2026-10-03T23:45:01.569+0000][114.054s][info][gc,stats    ]         Old Phase: Concurrent Reset Relocation Set               0.000 / 0.000         0.001 / 0.001         0.001 / 0.001         0.001 / 0.001       ms
[2026-10-03T23:45:01.569+0000][114.054s][info][gc,stats    ]         Old Phase: Concurrent Select Relocation Set              0.000 / 0.000         1.482 / 3.952         1.482 / 3.952         1.482 / 3.952       ms
[2026-10-03T23:45:01.569+0000][114.054s][info][gc,stats    ]      Old Subphase: Concurrent Classes Purge                      0.000 / 0.000         2.113 / 6.490         2.113 / 6.490         2.113 / 6.490       ms
[2026-10-03T23:45:01.569+0000][114.054s][info][gc,stats    ]      Old Subphase: Concurrent Classes Unlink                     0.000 / 0.000        23.724 / 74.859       23.724 / 74.859       23.724 / 74.859      ms
[2026-10-03T23:45:01.569+0000][114.054s][info][gc,stats    ]      Old Subphase: Concurrent Mark Follow                        0.000 / 0.000        20.157 / 119.253      20.157 / 119.253      20.157 / 119.253     ms
[2026-10-03T23:45:01.569+0000][114.054s][info][gc,stats    ]      Old Subphase: Concurrent Mark Root Colored                  0.000 / 0.000         0.100 / 0.191         0.100 / 0.191         0.100 / 0.191       ms
[2026-10-03T23:45:01.570+0000][114.054s][info][gc,stats    ]      Old Subphase: Concurrent Mark Root Uncolored                0.000 / 0.000         0.590 / 1.321         0.590 / 1.321         0.590 / 1.321       ms
[2026-10-03T23:45:01.570+0000][114.054s][info][gc,stats    ]      Old Subphase: Concurrent Mark Roots                         0.000 / 0.000         1.699 / 4.050         1.699 / 4.050         1.699 / 4.050       ms
[2026-10-03T23:45:01.570+0000][114.054s][info][gc,stats    ]      Old Subphase: Concurrent References Enqueue                 0.000 / 0.000         0.003 / 0.014         0.003 / 0.014         0.003 / 0.014       ms
[2026-10-03T23:45:01.570+0000][114.054s][info][gc,stats    ]      Old Subphase: Concurrent References Process                 0.000 / 0.000         0.098 / 0.469         0.098 / 0.469         0.098 / 0.469       ms
[2026-10-03T23:45:01.570+0000][114.054s][info][gc,stats    ]      Old Subphase: Concurrent Remap Remembered                   0.000 / 0.000         0.869 / 4.555         0.869 / 4.555         0.869 / 4.555       ms
[2026-10-03T23:45:01.570+0000][114.054s][info][gc,stats    ]      Old Subphase: Concurrent Remap Roots Colored                0.000 / 0.000         1.151 / 2.315         1.151 / 2.315         1.151 / 2.315       ms
[2026-10-03T23:45:01.570+0000][114.054s][info][gc,stats    ]      Old Subphase: Concurrent Remap Roots Uncolored              0.000 / 0.000         3.245 / 8.425         3.245 / 8.425         3.245 / 8.425       ms
[2026-10-03T23:45:01.570+0000][114.054s][info][gc,stats    ]      Old Subphase: Concurrent Roots ClassLoaderDataGraph         0.000 / 0.000         0.351 / 1.448         0.351 / 1.448         0.351 / 1.448       ms
[2026-10-03T23:45:01.570+0000][114.054s][info][gc,stats    ]      Old Subphase: Concurrent Roots CodeCache                    0.000 / 0.000         3.240 / 8.415         3.240 / 8.415         3.240 / 8.415       ms
[2026-10-03T23:45:01.570+0000][114.054s][info][gc,stats    ]      Old Subphase: Concurrent Roots JavaThreads                  0.000 / 0.000         0.200 / 1.321         0.200 / 1.321         0.200 / 1.321       ms
[2026-10-03T23:45:01.570+0000][114.054s][info][gc,stats    ]      Old Subphase: Concurrent Roots OopStorageSet                0.000 / 0.000         0.017 / 0.066         0.017 / 0.066         0.017 / 0.066       ms
[2026-10-03T23:45:01.570+0000][114.054s][info][gc,stats    ]      Old Subphase: Concurrent Weak Roots OopStorageSet           0.000 / 0.000         1.255 / 4.379         1.255 / 4.379         1.255 / 4.379       ms
[2026-10-03T23:45:01.570+0000][114.054s][info][gc,stats    ]            System: Java Threads                                     42 / 42               22 / 44               22 / 44               22 / 44          threads
[2026-10-03T23:45:01.570+0000][114.054s][info][gc,stats    ]  Young Generation: Young Generation                              0.000 / 0.000       317.123 / 711.676     317.123 / 711.676     317.123 / 711.676     ms
[2026-10-03T23:45:01.570+0000][114.054s][info][gc,stats    ]  Young Generation: Young Generation                            579.446 / 579.446     588.804 / 702.153     588.804 / 702.153     588.804 / 702.153     ms
[2026-10-03T23:45:01.570+0000][114.054s][info][gc,stats    ]  Young Generation: Young Generation (Collect Roots)              0.000 / 0.000         0.000 / 0.000         0.000 / 0.000         0.000 / 0.000       ms
[2026-10-03T23:45:01.570+0000][114.054s][info][gc,stats    ]  Young Generation: Young Generation (Promote All)                0.000 / 0.000         0.000 / 0.000         0.000 / 0.000         0.000 / 0.000       ms
[2026-10-03T23:45:01.570+0000][114.054s][info][gc,stats    ]       Young Pause: Pause Mark End                                0.052 / 0.052         0.017 / 0.052         0.017 / 0.052         0.017 / 0.052       ms
[2026-10-03T23:45:01.570+0000][114.054s][info][gc,stats    ]       Young Pause: Pause Mark Start                              0.012 / 0.012         0.011 / 0.012         0.011 / 0.012         0.011 / 0.012       ms
[2026-10-03T23:45:01.570+0000][114.054s][info][gc,stats    ]       Young Pause: Pause Mark Start (Major)                      0.000 / 0.000         0.014 / 0.020         0.014 / 0.020         0.014 / 0.020       ms
[2026-10-03T23:45:01.570+0000][114.054s][info][gc,stats    ]       Young Pause: Pause Relocate Start                          0.008 / 0.008         0.008 / 0.012         0.008 / 0.012         0.008 / 0.012       ms
[2026-10-03T23:45:01.570+0000][114.054s][info][gc,stats    ]       Young Phase: Concurrent Mark                             362.160 / 362.160     305.461 / 551.503     305.461 / 551.503     305.461 / 551.503     ms
[2026-10-03T23:45:01.570+0000][114.054s][info][gc,stats    ]       Young Phase: Concurrent Mark Continue                      0.000 / 0.000         0.000 / 0.000         0.000 / 0.000         0.000 / 0.000       ms
[2026-10-03T23:45:01.570+0000][114.054s][info][gc,stats    ]       Young Phase: Concurrent Mark Free                          0.005 / 0.005         0.002 / 0.005         0.002 / 0.005         0.002 / 0.005       ms
[2026-10-03T23:45:01.570+0000][114.054s][info][gc,stats    ]       Young Phase: Concurrent Relocate                         179.422 / 179.422      79.649 / 179.422      79.649 / 179.422      79.649 / 179.422     ms
[2026-10-03T23:45:01.570+0000][114.054s][info][gc,stats    ]       Young Phase: Concurrent Reset Relocation Set               0.070 / 0.070         0.033 / 0.075         0.033 / 0.075         0.033 / 0.075       ms
[2026-10-03T23:45:01.570+0000][114.054s][info][gc,stats    ]       Young Phase: Concurrent Select Relocation Set             36.435 / 36.435       21.205 / 78.893       21.205 / 78.893       21.205 / 78.893      ms
[2026-10-03T23:45:01.570+0000][114.054s][info][gc,stats    ]    Young Subphase: Concurrent Mark Follow                      320.929 / 320.929     286.660 / 507.788     286.660 / 507.788     286.660 / 507.788     ms
[2026-10-03T23:45:01.570+0000][114.054s][info][gc,stats    ]    Young Subphase: Concurrent Mark Root Colored                 10.039 / 10.039        5.795 / 10.944        5.795 / 10.944        5.795 / 10.944      ms
[2026-10-03T23:45:01.570+0000][114.054s][info][gc,stats    ]    Young Subphase: Concurrent Mark Root Uncolored               29.490 / 29.490       11.924 / 30.448       11.924 / 30.448       11.924 / 30.448      ms
[2026-10-03T23:45:01.570+0000][114.054s][info][gc,stats    ]    Young Subphase: Concurrent Mark Roots                        41.227 / 41.227       18.797 / 43.712       18.797 / 43.712       18.797 / 43.712      ms
[2026-10-03T23:45:01.570+0000][114.054s][info][gc,stats    ]    Young Subphase: Concurrent Relocate Remset FP                41.354 / 41.354       20.588 / 86.068       20.588 / 86.068       20.588 / 86.068      ms
[2026-10-03T23:45:01.570+0000][114.054s][info][gc,stats    ]    Young Subphase: Concurrent Roots ClassLoaderDataGraph         0.960 / 0.960         1.183 / 2.334         1.183 / 2.334         1.183 / 2.334       ms
[2026-10-03T23:45:01.570+0000][114.054s][info][gc,stats    ]    Young Subphase: Concurrent Roots CodeCache                   29.186 / 29.186       11.264 / 29.749       11.264 / 29.749       11.264 / 29.749      ms
[2026-10-03T23:45:01.570+0000][114.054s][info][gc,stats    ]    Young Subphase: Concurrent Roots JavaThreads                  0.158 / 0.301         0.333 / 2.586         0.333 / 2.586         0.333 / 2.586       ms
[2026-10-03T23:45:01.570+0000][114.054s][info][gc,stats    ]    Young Subphase: Concurrent Roots OopStorageSet                0.202 / 0.202         0.100 / 0.202         0.100 / 0.202         0.100 / 0.202       ms
[2026-10-03T23:45:01.570+0000][114.054s][info][gc,stats    ]    Young Subphase: Concurrent Weak Roots OopStorageSet           8.873 / 8.873         4.507 / 9.415         4.507 / 9.415         4.507 / 9.415       ms
[2026-10-03T23:45:01.570+0000][114.054s][info][gc,stats    ] =========================================================================================================================================================
[2026-10-03T23:45:01.570+0000][114.055s][info][gc,exit     ] Heap
[2026-10-03T23:45:01.570+0000][114.055s][info][gc,exit     ]  ZHeap           used 1072M, capacity 2676M, max capacity 3072M
[2026-10-03T23:45:01.570+0000][114.055s][info][gc,exit     ]   Cache          1604M (8)
[2026-10-03T23:45:01.570+0000][114.055s][info][gc,exit     ]    size classes  4M (2), 16M (1), 64M (2), 256M (2), 512M (1)
[2026-10-03T23:45:01.570+0000][114.055s][info][gc,exit     ]  Metaspace       used 126625K, committed 127808K, reserved 1179648K
[2026-10-03T23:45:01.570+0000][114.055s][info][gc,exit     ]   class space    used 21086K, committed 21568K, reserved 1048576K
