[2026-10-03T22:04:51.268+0000][0.004s][info][gc,init] Initializing The Z Garbage Collector
[2026-10-03T22:04:51.268+0000][0.004s][info][gc,init] Version: 25.0.4.1+1-LTS-5 (release)
[2026-10-03T22:04:51.268+0000][0.004s][info][gc,init] NUMA Support: Disabled
[2026-10-03T22:04:51.268+0000][0.004s][info][gc,init] CPUs: 5 total, 4 available
[2026-10-03T22:04:51.268+0000][0.004s][info][gc,init] Memory: 16384M
[2026-10-03T22:04:51.268+0000][0.004s][info][gc,init] Large Page Support: Disabled
[2026-10-03T22:04:51.268+0000][0.004s][info][gc,init] Address Space Size: unlimited
[2026-10-03T22:04:51.268+0000][0.004s][info][gc,init] Reserved Space Type: Contiguous/Unrestricted/Complete
[2026-10-03T22:04:51.268+0000][0.004s][info][gc,init] Reserved Space Size: 48G
[2026-10-03T22:04:51.268+0000][0.004s][info][gc,init] Heap Backing File: /memfd:java_heap
[2026-10-03T22:04:51.268+0000][0.004s][info][gc,init] Heap Backing Filesystem: tmpfs (0x1021994)
[2026-10-03T22:04:51.269+0000][0.005s][info][gc,init] Min Capacity: 512M
[2026-10-03T22:04:51.269+0000][0.005s][info][gc,init] Initial Capacity: 512M
[2026-10-03T22:04:51.269+0000][0.005s][info][gc,init] Max Capacity: 3072M
[2026-10-03T22:04:51.269+0000][0.005s][info][gc,init] Soft Max Capacity: 3072M
[2026-10-03T22:04:51.269+0000][0.005s][info][gc,init] Page Size Medium: Range [4M, 32M]
[2026-10-03T22:04:51.269+0000][0.005s][info][gc,init] Pre-touch: Disabled
[2026-10-03T22:04:51.269+0000][0.005s][info][gc,init] Available space on backing filesystem: N/A
[2026-10-03T22:04:51.269+0000][0.005s][info][gc,init] Uncommit: Enabled
[2026-10-03T22:04:51.269+0000][0.005s][info][gc,init] Uncommit Delay: 300s
[2026-10-03T22:04:51.269+0000][0.005s][info][gc,init] GC Workers for Old Generation: 1 (dynamic)
[2026-10-03T22:04:51.269+0000][0.005s][info][gc,init] GC Workers for Young Generation: 1 (dynamic)
[2026-10-03T22:04:51.308+0000][0.044s][info][gc,init] GC Workers Max: 1 (dynamic)
[2026-10-03T22:04:51.309+0000][0.045s][info][gc,init] Runtime Workers: 3
[2026-10-03T22:04:51.309+0000][0.045s][info][gc     ] Using The Z Garbage Collector
[2026-10-03T22:04:51.312+0000][0.048s][info][gc,metaspace] CDS archive(s) mapped at: [0x000000006e000000-0x000000006ed94000-0x000000006ed94000), size 14237696, SharedBaseAddress: 0x000000006e000000, ArchiveRelocationMode: 1.
[2026-10-03T22:04:51.312+0000][0.048s][info][gc,metaspace] Compressed class space mapped at: 0x000000006f000000-0x00000000af000000, reserved size: 1073741824
[2026-10-03T22:04:51.312+0000][0.048s][info][gc,metaspace] UseCompressedClassPointers 1, UseCompactObjectHeaders 0
[2026-10-03T22:04:51.312+0000][0.048s][info][gc,metaspace] Narrow klass pointer bits 32, Max shift 3
[2026-10-03T22:04:51.312+0000][0.048s][info][gc,metaspace] Narrow klass base: 0x000000006e000000, Narrow klass shift: 0
[2026-10-03T22:04:51.312+0000][0.048s][info][gc,metaspace] Encoding Range: [0x000000006e000000 - 0x000000016e000000), (4294967296 bytes)
[2026-10-03T22:04:51.312+0000][0.048s][info][gc,metaspace] Klass Range:    [0x000000006e001000 - 0x00000000af000000), (1090514944 bytes)
[2026-10-03T22:04:51.312+0000][0.048s][info][gc,metaspace] Klass ID Range:  [4096 - 1090519033) (1090514937)
[2026-10-03T22:04:51.312+0000][0.048s][info][gc,metaspace] Protection zone: [0x000000006e000000 - 0x000000006e001000), (4096 bytes)
[2026-10-03T22:05:44.821+0000][53.557s][info][gc          ] GC(0) Major Collection (Metadata GC Threshold)
[2026-10-03T22:05:44.821+0000][53.557s][info][gc,task     ] GC(0) Using 1 Workers for Young Generation
[2026-10-03T22:05:44.821+0000][53.557s][info][gc,task     ] GC(0) Using 1 Workers for Old Generation
[2026-10-03T22:05:44.821+0000][53.557s][info][gc,phases   ] GC(0) Y: Young Generation
[2026-10-03T22:05:44.822+0000][53.558s][info][gc,phases   ] GC(0) Y: Pause Mark Start (Major) 0.022ms
[2026-10-03T22:05:44.870+0000][53.606s][info][gc,phases   ] GC(0) Y: Concurrent Mark 48.426ms
[2026-10-03T22:05:44.870+0000][53.606s][info][gc,phases   ] GC(0) Y: Pause Mark End 0.010ms
[2026-10-03T22:05:44.870+0000][53.606s][info][gc,phases   ] GC(0) Y: Concurrent Mark Free 0.001ms
[2026-10-03T22:05:44.870+0000][53.606s][info][gc,phases   ] GC(0) Y: Concurrent Reset Relocation Set 0.007ms
[2026-10-03T22:05:44.871+0000][53.607s][info][gc,reloc    ] GC(0) Y: Using tenuring threshold: 1 (Computed)
[2026-10-03T22:05:44.873+0000][53.609s][info][gc,phases   ] GC(0) Y: Concurrent Select Relocation Set 2.610ms
[2026-10-03T22:05:44.874+0000][53.610s][info][gc,phases   ] GC(0) Y: Pause Relocate Start 0.006ms
[2026-10-03T22:05:44.888+0000][53.624s][info][gc,phases   ] GC(0) Y: Concurrent Relocate 13.954ms
[2026-10-03T22:05:44.888+0000][53.624s][info][gc,alloc    ] GC(0) Y:                         Mark Start        Mark End      Relocate Start    Relocate End   
[2026-10-03T22:05:44.888+0000][53.624s][info][gc,alloc    ] GC(0) Y: Allocation Stalls:          0                0                0                0         
[2026-10-03T22:05:44.888+0000][53.624s][info][gc,load     ] GC(0) Y: Load: 1.11 (22%) / 0.89 (18%) / 0.39 (8%)
[2026-10-03T22:05:44.888+0000][53.624s][info][gc,mmu      ] GC(0) Y: MMU: 2ms/98.9%, 5ms/99.6%, 10ms/99.8%, 20ms/99.9%, 50ms/99.9%, 100ms/100.0%
[2026-10-03T22:05:44.888+0000][53.624s][info][gc,marking  ] GC(0) Y: Mark: 1 stripe(s), 2 proactive flush(es), 1 terminate flush(es), 0 completion(s), 0 continuation(s) 
[2026-10-03T22:05:44.888+0000][53.624s][info][gc,nmethod  ] GC(0) Y: NMethods: 3981 registered, 0 unregistered
[2026-10-03T22:05:44.888+0000][53.624s][info][gc,metaspace] GC(0) Y: Metaspace: 21M used, 21M committed, 1088M reserved
[2026-10-03T22:05:44.888+0000][53.624s][info][gc,reloc    ] GC(0) Y:                        Candidates     Selected     In-Place         Size        Empty    Relocated 
[2026-10-03T22:05:44.888+0000][53.624s][info][gc,reloc    ] GC(0) Y: Small Pages:                   67           56            0         134M           2M          11M 
[2026-10-03T22:05:44.888+0000][53.624s][info][gc,reloc    ] GC(0) Y: Medium Pages:                   1            0            0          32M           0M           0M 
[2026-10-03T22:05:44.888+0000][53.624s][info][gc,reloc    ] GC(0) Y: Large Pages:                    1            0            0          12M          12M           0M 
[2026-10-03T22:05:44.888+0000][53.624s][info][gc,reloc    ] GC(0) Y: Forwarding Usage: 4M
[2026-10-03T22:05:44.888+0000][53.624s][info][gc,reloc    ] GC(0) Y: Age Table:
[2026-10-03T22:05:44.888+0000][53.624s][info][gc,reloc    ] GC(0) Y:                    Live             Garbage             Small              Medium             Large        
[2026-10-03T22:05:44.888+0000][53.624s][info][gc,reloc    ] GC(0) Y: Eden              20M (1%)          157M (5%)          67 / 56             1 / 0              1 / 0        
[2026-10-03T22:05:44.888+0000][53.624s][info][gc,heap     ] GC(0) Y: Min Capacity: 512M(17%)
[2026-10-03T22:05:44.888+0000][53.624s][info][gc,heap     ] GC(0) Y: Max Capacity: 3072M(100%)
[2026-10-03T22:05:44.888+0000][53.624s][info][gc,heap     ] GC(0) Y: Soft Max Capacity: 3072M(100%)
[2026-10-03T22:05:44.888+0000][53.624s][info][gc,heap     ] GC(0) Y: Heap Statistics:
[2026-10-03T22:05:44.888+0000][53.624s][info][gc,heap     ] GC(0) Y:                Mark Start          Mark End        Relocate Start      Relocate End           High               Low         
[2026-10-03T22:05:44.888+0000][53.624s][info][gc,heap     ] GC(0) Y:  Capacity:      512M (17%)         512M (17%)         512M (17%)         512M (17%)         512M (17%)         512M (17%)    
[2026-10-03T22:05:44.888+0000][53.624s][info][gc,heap     ] GC(0) Y:      Free:     2894M (94%)        2886M (94%)        2900M (94%)        3006M (98%)        3006M (98%)        2886M (94%)    
[2026-10-03T22:05:44.888+0000][53.624s][info][gc,heap     ] GC(0) Y:      Used:      178M (6%)          186M (6%)          172M (6%)           66M (2%)          186M (6%)           66M (2%)     
[2026-10-03T22:05:44.888+0000][53.624s][info][gc,heap     ] GC(0) Y: Young Generation Statistics:
[2026-10-03T22:05:44.888+0000][53.624s][info][gc,heap     ] GC(0) Y:                Mark Start          Mark End        Relocate Start      Relocate End    
[2026-10-03T22:05:44.888+0000][53.624s][info][gc,heap     ] GC(0) Y:      Used:      178M (6%)          186M (6%)          172M (6%)           66M (2%)     
[2026-10-03T22:05:44.888+0000][53.624s][info][gc,heap     ] GC(0) Y:      Live:         -                20M (1%)           20M (1%)           20M (1%)     
[2026-10-03T22:05:44.888+0000][53.624s][info][gc,heap     ] GC(0) Y:   Garbage:         -               157M (5%)          143M (5%)           29M (1%)     
[2026-10-03T22:05:44.888+0000][53.624s][info][gc,heap     ] GC(0) Y: Allocated:         -                 8M (0%)            8M (0%)           16M (1%)     
[2026-10-03T22:05:44.888+0000][53.624s][info][gc,heap     ] GC(0) Y: Reclaimed:         -                  -                14M (0%)          128M (4%)     
[2026-10-03T22:05:44.888+0000][53.624s][info][gc,heap     ] GC(0) Y:  Promoted:         -                  -                 0M (0%)            0M (0%)     
[2026-10-03T22:05:44.888+0000][53.624s][info][gc,heap     ] GC(0) Y: Compacted:         -                  -                  -                15M (1%)     
[2026-10-03T22:05:44.888+0000][53.624s][info][gc,phases   ] GC(0) Y: Young Generation 178M(6%)->66M(2%) 0.067s
[2026-10-03T22:05:44.888+0000][53.624s][info][gc,phases   ] GC(0) O: Old Generation
[2026-10-03T22:05:44.889+0000][53.625s][info][gc,phases   ] GC(0) O: Concurrent Mark 0.654ms
[2026-10-03T22:05:44.889+0000][53.625s][info][gc,phases   ] GC(0) O: Pause Mark End 0.009ms
[2026-10-03T22:05:44.889+0000][53.625s][info][gc,phases   ] GC(0) O: Concurrent Mark Free 0.001ms
[2026-10-03T22:05:44.901+0000][53.637s][info][gc,phases   ] GC(0) O: Concurrent Process Non-Strong 12.328ms
[2026-10-03T22:05:44.901+0000][53.637s][info][gc,phases   ] GC(0) O: Concurrent Reset Relocation Set 0.000ms
[2026-10-03T22:05:44.901+0000][53.637s][info][gc,phases   ] GC(0) O: Concurrent Select Relocation Set 0.115ms
[2026-10-03T22:05:44.901+0000][53.637s][info][gc,task     ] GC(0) O: Using 1 Workers for Old Generation
[2026-10-03T22:05:44.903+0000][53.639s][info][gc,task     ] GC(0) O: Using 1 Workers for Old Generation
[2026-10-03T22:05:44.903+0000][53.639s][info][gc,phases   ] GC(0) O: Concurrent Remap Roots 1.866ms
[2026-10-03T22:05:44.903+0000][53.639s][info][gc,phases   ] GC(0) O: Pause Relocate Start 0.007ms
[2026-10-03T22:05:44.904+0000][53.640s][info][gc,phases   ] GC(0) O: Concurrent Relocate 0.095ms
[2026-10-03T22:05:44.904+0000][53.640s][info][gc,alloc    ] GC(0) O:                         Mark Start        Mark End      Relocate Start    Relocate End   
[2026-10-03T22:05:44.904+0000][53.640s][info][gc,alloc    ] GC(0) O: Allocation Stalls:          0                0                0                0         
[2026-10-03T22:05:44.904+0000][53.640s][info][gc,load     ] GC(0) O: Load: 1.11 (22%) / 0.89 (18%) / 0.39 (8%)
[2026-10-03T22:05:44.904+0000][53.640s][info][gc,mmu      ] GC(0) O: MMU: 2ms/98.9%, 5ms/99.6%, 10ms/99.8%, 20ms/99.9%, 50ms/99.9%, 100ms/99.9%
[2026-10-03T22:05:44.904+0000][53.640s][info][gc,marking  ] GC(0) O: Mark: 1 stripe(s), 1 proactive flush(es), 1 terminate flush(es), 0 completion(s), 0 continuation(s) 
[2026-10-03T22:05:44.904+0000][53.640s][info][gc,nmethod  ] GC(0) O: NMethods: 3328 registered, 671 unregistered
[2026-10-03T22:05:44.904+0000][53.640s][info][gc,metaspace] GC(0) O: Metaspace: 21M used, 21M committed, 1088M reserved
[2026-10-03T22:05:44.905+0000][53.641s][info][gc,ref      ] GC(0) O:                       Encountered   Discovered     Enqueued 
[2026-10-03T22:05:44.905+0000][53.641s][info][gc,ref      ] GC(0) O: Soft References:             2977            0            0 
[2026-10-03T22:05:44.905+0000][53.641s][info][gc,ref      ] GC(0) O: Weak References:             1648            0            0 
[2026-10-03T22:05:44.905+0000][53.641s][info][gc,ref      ] GC(0) O: Final References:              33            0            0 
[2026-10-03T22:05:44.905+0000][53.641s][info][gc,ref      ] GC(0) O: Phantom References:           557            0            0 
[2026-10-03T22:05:44.905+0000][53.641s][info][gc,heap     ] GC(0) O: Min Capacity: 512M(17%)
[2026-10-03T22:05:44.905+0000][53.641s][info][gc,heap     ] GC(0) O: Max Capacity: 3072M(100%)
[2026-10-03T22:05:44.905+0000][53.641s][info][gc,heap     ] GC(0) O: Soft Max Capacity: 3072M(100%)
[2026-10-03T22:05:44.905+0000][53.641s][info][gc,heap     ] GC(0) O: Heap Statistics:
[2026-10-03T22:05:44.905+0000][53.641s][info][gc,heap     ] GC(0) O:                Mark Start          Mark End        Relocate Start      Relocate End           High               Low         
[2026-10-03T22:05:44.905+0000][53.641s][info][gc,heap     ] GC(0) O:  Capacity:      512M (17%)         512M (17%)         512M (17%)         512M (17%)         512M (17%)         512M (17%)    
[2026-10-03T22:05:44.905+0000][53.641s][info][gc,heap     ] GC(0) O:      Free:     2894M (94%)        3006M (98%)        3004M (98%)        3004M (98%)        3006M (98%)        2886M (94%)    
[2026-10-03T22:05:44.905+0000][53.641s][info][gc,heap     ] GC(0) O:      Used:      178M (6%)           66M (2%)           68M (2%)           68M (2%)          186M (6%)           66M (2%)     
[2026-10-03T22:05:44.905+0000][53.641s][info][gc,heap     ] GC(0) O: Old Generation Statistics:
[2026-10-03T22:05:44.905+0000][53.641s][info][gc,heap     ] GC(0) O:                Mark Start          Mark End        Relocate Start      Relocate End    
[2026-10-03T22:05:44.905+0000][53.641s][info][gc,heap     ] GC(0) O:      Used:        0M (0%)            0M (0%)            0M (0%)            0M (0%)     
[2026-10-03T22:05:44.905+0000][53.641s][info][gc,heap     ] GC(0) O:      Live:         -                 0M (0%)            0M (0%)            0M (0%)     
[2026-10-03T22:05:44.905+0000][53.641s][info][gc,heap     ] GC(0) O:   Garbage:         -                 0M (0%)            0M (0%)            0M (0%)     
[2026-10-03T22:05:44.905+0000][53.641s][info][gc,heap     ] GC(0) O: Allocated:         -                 0M (0%)            0M (0%)            0M (0%)     
[2026-10-03T22:05:44.905+0000][53.641s][info][gc,heap     ] GC(0) O: Reclaimed:         -                  -                 0M (0%)            0M (0%)     
[2026-10-03T22:05:44.905+0000][53.641s][info][gc,heap     ] GC(0) O: Compacted:         -                  -                  -                 0M (0%)     
[2026-10-03T22:05:44.905+0000][53.641s][info][gc,phases   ] GC(0) O: Old Generation 66M(2%)->68M(2%) 0.016s
[2026-10-03T22:05:44.905+0000][53.641s][info][gc          ] GC(0) Major Collection (Metadata GC Threshold) 178M(6%)->68M(2%) 0.084s
[2026-10-03T22:05:45.478+0000][54.214s][info][gc          ] GC(1) Major Collection (Warmup)
[2026-10-03T22:05:45.478+0000][54.214s][info][gc,task     ] GC(1) Using 1 Workers for Young Generation
[2026-10-03T22:05:45.478+0000][54.214s][info][gc,task     ] GC(1) Using 1 Workers for Old Generation
[2026-10-03T22:05:45.478+0000][54.214s][info][gc,phases   ] GC(1) Y: Young Generation
[2026-10-03T22:05:45.478+0000][54.214s][info][gc,phases   ] GC(1) Y: Pause Mark Start (Major) 0.012ms
[2026-10-03T22:05:45.563+0000][54.299s][info][gc,phases   ] GC(1) Y: Concurrent Mark 85.442ms
[2026-10-03T22:05:45.564+0000][54.299s][info][gc,phases   ] GC(1) Y: Pause Mark End 0.015ms
[2026-10-03T22:05:45.564+0000][54.299s][info][gc,phases   ] GC(1) Y: Concurrent Mark Free 0.001ms
[2026-10-03T22:05:45.564+0000][54.300s][info][gc,phases   ] GC(1) Y: Concurrent Reset Relocation Set 0.004ms
[2026-10-03T22:05:45.564+0000][54.300s][info][gc,reloc    ] GC(1) Y: Using tenuring threshold: 2 (Computed)
[2026-10-03T22:05:45.567+0000][54.303s][info][gc,phases   ] GC(1) Y: Concurrent Select Relocation Set 3.404ms
[2026-10-03T22:05:45.567+0000][54.303s][info][gc,phases   ] GC(1) Y: Pause Relocate Start 0.010ms
[2026-10-03T22:05:45.601+0000][54.337s][info][gc,phases   ] GC(1) Y: Concurrent Relocate 34.350ms
[2026-10-03T22:05:45.602+0000][54.337s][info][gc,alloc    ] GC(1) Y:                         Mark Start        Mark End      Relocate Start    Relocate End   
[2026-10-03T22:05:45.602+0000][54.337s][info][gc,alloc    ] GC(1) Y: Allocation Stalls:          0                0                0                0         
[2026-10-03T22:05:45.602+0000][54.337s][info][gc,load     ] GC(1) Y: Load: 1.11 (22%) / 0.89 (18%) / 0.39 (8%)
[2026-10-03T22:05:45.602+0000][54.338s][info][gc,mmu      ] GC(1) Y: MMU: 2ms/98.9%, 5ms/99.5%, 10ms/99.8%, 20ms/99.9%, 50ms/99.9%, 100ms/99.9%
[2026-10-03T22:05:45.602+0000][54.338s][info][gc,marking  ] GC(1) Y: Mark: 1 stripe(s), 2 proactive flush(es), 1 terminate flush(es), 0 completion(s), 0 continuation(s) 
[2026-10-03T22:05:45.602+0000][54.338s][info][gc,nmethod  ] GC(1) Y: NMethods: 4031 registered, 671 unregistered
[2026-10-03T22:05:45.602+0000][54.338s][info][gc,metaspace] GC(1) Y: Metaspace: 23M used, 24M committed, 1088M reserved
[2026-10-03T22:05:45.602+0000][54.338s][info][gc,reloc    ] GC(1) Y:                        Candidates     Selected     In-Place         Size        Empty    Relocated 
[2026-10-03T22:05:45.602+0000][54.338s][info][gc,reloc    ] GC(1) Y: Small Pages:                  122           92            0         244M          14M          18M 
[2026-10-03T22:05:45.602+0000][54.338s][info][gc,reloc    ] GC(1) Y: Medium Pages:                   2            1            0          64M           0M           3M 
[2026-10-03T22:05:45.602+0000][54.338s][info][gc,reloc    ] GC(1) Y: Large Pages:                    0            0            0           0M           0M           0M 
[2026-10-03T22:05:45.602+0000][54.338s][info][gc,reloc    ] GC(1) Y: Forwarding Usage: 11M
[2026-10-03T22:05:45.602+0000][54.338s][info][gc,reloc    ] GC(1) Y: Age Table:
[2026-10-03T22:05:45.602+0000][54.338s][info][gc,reloc    ] GC(1) Y:                    Live             Garbage             Small              Medium             Large        
[2026-10-03T22:05:45.602+0000][54.338s][info][gc,reloc    ] GC(1) Y: Eden              25M (1%)          226M (7%)         110 / 91             1 / 0              0 / 0        
[2026-10-03T22:05:45.602+0000][54.338s][info][gc,reloc    ] GC(1) Y: Survivor 1        20M (1%)           35M (1%)          12 / 1              1 / 1              0 / 0        
[2026-10-03T22:05:45.602+0000][54.338s][info][gc,heap     ] GC(1) Y: Min Capacity: 512M(17%)
[2026-10-03T22:05:45.602+0000][54.338s][info][gc,heap     ] GC(1) Y: Max Capacity: 3072M(100%)
[2026-10-03T22:05:45.602+0000][54.338s][info][gc,heap     ] GC(1) Y: Soft Max Capacity: 3072M(100%)
[2026-10-03T22:05:45.602+0000][54.338s][info][gc,heap     ] GC(1) Y: Heap Statistics:
[2026-10-03T22:05:45.602+0000][54.338s][info][gc,heap     ] GC(1) Y:                Mark Start          Mark End        Relocate Start      Relocate End           High               Low         
[2026-10-03T22:05:45.602+0000][54.338s][info][gc,heap     ] GC(1) Y:  Capacity:      512M (17%)         512M (17%)         512M (17%)         512M (17%)         512M (17%)         512M (17%)    
[2026-10-03T22:05:45.602+0000][54.338s][info][gc,heap     ] GC(1) Y:      Free:     2764M (90%)        2718M (88%)        2730M (89%)        2890M (94%)        2892M (94%)        2692M (88%)    
[2026-10-03T22:05:45.602+0000][54.338s][info][gc,heap     ] GC(1) Y:      Used:      308M (10%)         354M (12%)         342M (11%)         182M (6%)          380M (12%)         180M (6%)     
[2026-10-03T22:05:45.602+0000][54.338s][info][gc,heap     ] GC(1) Y: Young Generation Statistics:
[2026-10-03T22:05:45.602+0000][54.338s][info][gc,heap     ] GC(1) Y:                Mark Start          Mark End        Relocate Start      Relocate End    
[2026-10-03T22:05:45.602+0000][54.338s][info][gc,heap     ] GC(1) Y:      Used:      308M (10%)         354M (12%)         342M (11%)         182M (6%)     
[2026-10-03T22:05:45.602+0000][54.338s][info][gc,heap     ] GC(1) Y:      Live:         -                45M (1%)           45M (1%)           45M (1%)     
[2026-10-03T22:05:45.602+0000][54.338s][info][gc,heap     ] GC(1) Y:   Garbage:         -               262M (9%)          248M (8%)            0M (0%)     
[2026-10-03T22:05:45.602+0000][54.338s][info][gc,heap     ] GC(1) Y: Allocated:         -                46M (1%)           48M (2%)          136M (4%)     
[2026-10-03T22:05:45.602+0000][54.338s][info][gc,heap     ] GC(1) Y: Reclaimed:         -                  -                14M (0%)          262M (9%)     
[2026-10-03T22:05:45.602+0000][54.338s][info][gc,heap     ] GC(1) Y:  Promoted:         -                  -                 0M (0%)            0M (0%)     
[2026-10-03T22:05:45.602+0000][54.338s][info][gc,heap     ] GC(1) Y: Compacted:         -                  -                  -                31M (1%)     
[2026-10-03T22:05:45.602+0000][54.338s][info][gc,phases   ] GC(1) Y: Young Generation 308M(10%)->182M(6%) 0.124s
[2026-10-03T22:05:45.602+0000][54.338s][info][gc,phases   ] GC(1) O: Old Generation
[2026-10-03T22:05:45.605+0000][54.340s][info][gc,phases   ] GC(1) O: Concurrent Mark 2.869ms
[2026-10-03T22:05:45.605+0000][54.341s][info][gc,phases   ] GC(1) O: Pause Mark End 0.014ms
[2026-10-03T22:05:45.605+0000][54.341s][info][gc,phases   ] GC(1) O: Concurrent Mark Free 0.000ms
[2026-10-03T22:05:45.616+0000][54.352s][info][gc,phases   ] GC(1) O: Concurrent Process Non-Strong 11.151ms
[2026-10-03T22:05:45.616+0000][54.352s][info][gc,phases   ] GC(1) O: Concurrent Reset Relocation Set 0.000ms
[2026-10-03T22:05:45.616+0000][54.352s][info][gc,phases   ] GC(1) O: Concurrent Select Relocation Set 0.261ms
[2026-10-03T22:05:45.616+0000][54.352s][info][gc,task     ] GC(1) O: Using 1 Workers for Old Generation
[2026-10-03T22:05:45.618+0000][54.354s][info][gc,task     ] GC(1) O: Using 1 Workers for Old Generation
[2026-10-03T22:05:45.618+0000][54.354s][info][gc,phases   ] GC(1) O: Concurrent Remap Roots 1.690ms
[2026-10-03T22:05:45.618+0000][54.354s][info][gc,phases   ] GC(1) O: Pause Relocate Start 0.008ms
[2026-10-03T22:05:45.618+0000][54.354s][info][gc,phases   ] GC(1) O: Concurrent Relocate 0.073ms
[2026-10-03T22:05:45.618+0000][54.354s][info][gc,alloc    ] GC(1) O:                         Mark Start        Mark End      Relocate Start    Relocate End   
[2026-10-03T22:05:45.618+0000][54.354s][info][gc,alloc    ] GC(1) O: Allocation Stalls:          0                0                0                0         
[2026-10-03T22:05:45.618+0000][54.354s][info][gc,load     ] GC(1) O: Load: 1.11 (22%) / 0.89 (18%) / 0.39 (8%)
[2026-10-03T22:05:45.618+0000][54.354s][info][gc,mmu      ] GC(1) O: MMU: 2ms/98.9%, 5ms/99.5%, 10ms/99.8%, 20ms/99.9%, 50ms/99.9%, 100ms/99.9%
[2026-10-03T22:05:45.618+0000][54.354s][info][gc,marking  ] GC(1) O: Mark: 1 stripe(s), 1 proactive flush(es), 1 terminate flush(es), 0 completion(s), 0 continuation(s) 
[2026-10-03T22:05:45.618+0000][54.354s][info][gc,nmethod  ] GC(1) O: NMethods: 3881 registered, 823 unregistered
[2026-10-03T22:05:45.618+0000][54.354s][info][gc,metaspace] GC(1) O: Metaspace: 23M used, 24M committed, 1088M reserved
[2026-10-03T22:05:45.618+0000][54.354s][info][gc,ref      ] GC(1) O:                       Encountered   Discovered     Enqueued 
[2026-10-03T22:05:45.618+0000][54.354s][info][gc,ref      ] GC(1) O: Soft References:             3075            0            0 
[2026-10-03T22:05:45.618+0000][54.354s][info][gc,ref      ] GC(1) O: Weak References:             1784            0            0 
[2026-10-03T22:05:45.618+0000][54.354s][info][gc,ref      ] GC(1) O: Final References:              33            0            0 
[2026-10-03T22:05:45.618+0000][54.354s][info][gc,ref      ] GC(1) O: Phantom References:           576            0            0 
[2026-10-03T22:05:45.618+0000][54.354s][info][gc,heap     ] GC(1) O: Min Capacity: 512M(17%)
[2026-10-03T22:05:45.618+0000][54.354s][info][gc,heap     ] GC(1) O: Max Capacity: 3072M(100%)
[2026-10-03T22:05:45.618+0000][54.354s][info][gc,heap     ] GC(1) O: Soft Max Capacity: 3072M(100%)
[2026-10-03T22:05:45.618+0000][54.354s][info][gc,heap     ] GC(1) O: Heap Statistics:
[2026-10-03T22:05:45.618+0000][54.354s][info][gc,heap     ] GC(1) O:                Mark Start          Mark End        Relocate Start      Relocate End           High               Low         
[2026-10-03T22:05:45.618+0000][54.354s][info][gc,heap     ] GC(1) O:  Capacity:      512M (17%)         512M (17%)         512M (17%)         512M (17%)         512M (17%)         512M (17%)    
[2026-10-03T22:05:45.618+0000][54.354s][info][gc,heap     ] GC(1) O:      Free:     2764M (90%)        2888M (94%)        2880M (94%)        2880M (94%)        2892M (94%)        2692M (88%)    
[2026-10-03T22:05:45.618+0000][54.354s][info][gc,heap     ] GC(1) O:      Used:      308M (10%)         184M (6%)          192M (6%)          192M (6%)          380M (12%)         180M (6%)     
[2026-10-03T22:05:45.618+0000][54.354s][info][gc,heap     ] GC(1) O: Old Generation Statistics:
[2026-10-03T22:05:45.618+0000][54.354s][info][gc,heap     ] GC(1) O:                Mark Start          Mark End        Relocate Start      Relocate End    
[2026-10-03T22:05:45.618+0000][54.354s][info][gc,heap     ] GC(1) O:      Used:        0M (0%)            0M (0%)            0M (0%)            0M (0%)     
[2026-10-03T22:05:45.618+0000][54.354s][info][gc,heap     ] GC(1) O:      Live:         -                 0M (0%)            0M (0%)            0M (0%)     
[2026-10-03T22:05:45.618+0000][54.354s][info][gc,heap     ] GC(1) O:   Garbage:         -                 0M (0%)            0M (0%)            0M (0%)     
[2026-10-03T22:05:45.618+0000][54.354s][info][gc,heap     ] GC(1) O: Allocated:         -                 0M (0%)            0M (0%)            0M (0%)     
[2026-10-03T22:05:45.618+0000][54.354s][info][gc,heap     ] GC(1) O: Reclaimed:         -                  -                 0M (0%)            0M (0%)     
[2026-10-03T22:05:45.618+0000][54.354s][info][gc,heap     ] GC(1) O: Compacted:         -                  -                  -                 0M (0%)     
[2026-10-03T22:05:45.618+0000][54.354s][info][gc,phases   ] GC(1) O: Old Generation 182M(6%)->192M(6%) 0.016s
[2026-10-03T22:05:45.618+0000][54.354s][info][gc          ] GC(1) Major Collection (Warmup) 308M(10%)->192M(6%) 0.140s
[2026-10-03T22:05:47.149+0000][55.885s][info][gc          ] GC(2) Major Collection (Metadata GC Threshold)
[2026-10-03T22:05:47.149+0000][55.885s][info][gc,task     ] GC(2) Using 1 Workers for Young Generation
[2026-10-03T22:05:47.149+0000][55.885s][info][gc,task     ] GC(2) Using 1 Workers for Old Generation
[2026-10-03T22:05:47.149+0000][55.885s][info][gc,phases   ] GC(2) Y: Young Generation
[2026-10-03T22:05:47.149+0000][55.885s][info][gc,phases   ] GC(2) Y: Pause Mark Start (Major) 0.013ms
[2026-10-03T22:05:47.308+0000][56.044s][info][gc,phases   ] GC(2) Y: Concurrent Mark 158.541ms
[2026-10-03T22:05:47.308+0000][56.044s][info][gc,phases   ] GC(2) Y: Pause Mark End 0.013ms
[2026-10-03T22:05:47.308+0000][56.044s][info][gc,phases   ] GC(2) Y: Concurrent Mark Free 0.001ms
[2026-10-03T22:05:47.308+0000][56.044s][info][gc,phases   ] GC(2) Y: Concurrent Reset Relocation Set 0.006ms
[2026-10-03T22:05:47.308+0000][56.044s][info][gc,reloc    ] GC(2) Y: Using tenuring threshold: 3 (Computed)
[2026-10-03T22:05:47.309+0000][56.045s][info][gc,phases   ] GC(2) Y: Concurrent Select Relocation Set 1.384ms
[2026-10-03T22:05:47.309+0000][56.045s][info][gc,phases   ] GC(2) Y: Pause Relocate Start 0.008ms
[2026-10-03T22:05:47.352+0000][56.088s][info][gc,phases   ] GC(2) Y: Concurrent Relocate 42.353ms
[2026-10-03T22:05:47.352+0000][56.088s][info][gc,alloc    ] GC(2) Y:                         Mark Start        Mark End      Relocate Start    Relocate End   
[2026-10-03T22:05:47.352+0000][56.088s][info][gc,alloc    ] GC(2) Y: Allocation Stalls:          0                0                0                0         
[2026-10-03T22:05:47.352+0000][56.088s][info][gc,load     ] GC(2) Y: Load: 1.34 (27%) / 0.95 (19%) / 0.41 (8%)
[2026-10-03T22:05:47.352+0000][56.088s][info][gc,mmu      ] GC(2) Y: MMU: 2ms/98.9%, 5ms/99.5%, 10ms/99.8%, 20ms/99.9%, 50ms/99.9%, 100ms/99.9%
[2026-10-03T22:05:47.352+0000][56.088s][info][gc,marking  ] GC(2) Y: Mark: 1 stripe(s), 2 proactive flush(es), 1 terminate flush(es), 0 completion(s), 0 continuation(s) 
[2026-10-03T22:05:47.352+0000][56.088s][info][gc,nmethod  ] GC(2) Y: NMethods: 5869 registered, 0 unregistered
[2026-10-03T22:05:47.352+0000][56.088s][info][gc,metaspace] GC(2) Y: Metaspace: 42M used, 43M committed, 1088M reserved
[2026-10-03T22:05:47.352+0000][56.088s][info][gc,reloc    ] GC(2) Y:                        Candidates     Selected     In-Place         Size        Empty    Relocated 
[2026-10-03T22:05:47.352+0000][56.088s][info][gc,reloc    ] GC(2) Y: Small Pages:                  240          198            0         480M           0M          25M 
[2026-10-03T22:05:47.352+0000][56.088s][info][gc,reloc    ] GC(2) Y: Medium Pages:                   3            2            0          96M           0M           3M 
[2026-10-03T22:05:47.352+0000][56.088s][info][gc,reloc    ] GC(2) Y: Large Pages:                    1            0            0          12M           0M           0M 
[2026-10-03T22:05:47.352+0000][56.088s][info][gc,reloc    ] GC(2) Y: Forwarding Usage: 13M
[2026-10-03T22:05:47.352+0000][56.088s][info][gc,reloc    ] GC(2) Y: Age Table:
[2026-10-03T22:05:47.352+0000][56.088s][info][gc,reloc    ] GC(2) Y:                    Live             Garbage             Small              Medium             Large        
[2026-10-03T22:05:47.352+0000][56.088s][info][gc,reloc    ] GC(2) Y: Eden              47M (2%)          422M (14%)        213 / 194            1 / 0              1 / 0        
[2026-10-03T22:05:47.352+0000][56.088s][info][gc,reloc    ] GC(2) Y: Survivor 1        22M (1%)           37M (1%)          14 / 1              1 / 1              0 / 0        
[2026-10-03T22:05:47.352+0000][56.088s][info][gc,reloc    ] GC(2) Y: Survivor 2        20M (1%)           37M (1%)          13 / 3              1 / 1              0 / 0        
[2026-10-03T22:05:47.352+0000][56.088s][info][gc,heap     ] GC(2) Y: Min Capacity: 512M(17%)
[2026-10-03T22:05:47.352+0000][56.088s][info][gc,heap     ] GC(2) Y: Max Capacity: 3072M(100%)
[2026-10-03T22:05:47.352+0000][56.088s][info][gc,heap     ] GC(2) Y: Soft Max Capacity: 3072M(100%)
[2026-10-03T22:05:47.352+0000][56.088s][info][gc,heap     ] GC(2) Y: Heap Statistics:
[2026-10-03T22:05:47.352+0000][56.088s][info][gc,heap     ] GC(2) Y:                Mark Start          Mark End        Relocate Start      Relocate End           High               Low         
[2026-10-03T22:05:47.352+0000][56.088s][info][gc,heap     ] GC(2) Y:  Capacity:      588M (19%)         618M (20%)         618M (20%)         658M (21%)         658M (21%)         588M (19%)    
[2026-10-03T22:05:47.352+0000][56.088s][info][gc,heap     ] GC(2) Y:      Free:     2484M (81%)        2454M (80%)        2454M (80%)        2842M (93%)        2842M (93%)        2414M (79%)    
[2026-10-03T22:05:47.352+0000][56.088s][info][gc,heap     ] GC(2) Y:      Used:      588M (19%)         618M (20%)         618M (20%)         230M (7%)          658M (21%)         230M (7%)     
[2026-10-03T22:05:47.352+0000][56.088s][info][gc,heap     ] GC(2) Y: Young Generation Statistics:
[2026-10-03T22:05:47.352+0000][56.088s][info][gc,heap     ] GC(2) Y:                Mark Start          Mark End        Relocate Start      Relocate End    
[2026-10-03T22:05:47.352+0000][56.088s][info][gc,heap     ] GC(2) Y:      Used:      588M (19%)         618M (20%)         618M (20%)         230M (7%)     
[2026-10-03T22:05:47.352+0000][56.088s][info][gc,heap     ] GC(2) Y:      Live:         -                90M (3%)           90M (3%)           90M (3%)     
[2026-10-03T22:05:47.352+0000][56.088s][info][gc,heap     ] GC(2) Y:   Garbage:         -               497M (16%)         497M (16%)           3M (0%)     
[2026-10-03T22:05:47.352+0000][56.088s][info][gc,heap     ] GC(2) Y: Allocated:         -                30M (1%)           30M (1%)          135M (4%)     
[2026-10-03T22:05:47.352+0000][56.088s][info][gc,heap     ] GC(2) Y: Reclaimed:         -                  -                 0M (0%)          493M (16%)    
[2026-10-03T22:05:47.352+0000][56.088s][info][gc,heap     ] GC(2) Y:  Promoted:         -                  -                 0M (0%)            0M (0%)     
[2026-10-03T22:05:47.352+0000][56.088s][info][gc,heap     ] GC(2) Y: Compacted:         -                  -                  -                36M (1%)     
[2026-10-03T22:05:47.352+0000][56.088s][info][gc,phases   ] GC(2) Y: Young Generation 588M(19%)->230M(7%) 0.203s
[2026-10-03T22:05:47.352+0000][56.088s][info][gc,phases   ] GC(2) O: Old Generation
[2026-10-03T22:05:47.354+0000][56.090s][info][gc,phases   ] GC(2) O: Concurrent Mark 2.311ms
[2026-10-03T22:05:47.354+0000][56.090s][info][gc,phases   ] GC(2) O: Pause Mark End 0.013ms
[2026-10-03T22:05:47.354+0000][56.090s][info][gc,phases   ] GC(2) O: Concurrent Mark Free 0.000ms
[2026-10-03T22:05:47.369+0000][56.105s][info][gc,phases   ] GC(2) O: Concurrent Process Non-Strong 14.849ms
[2026-10-03T22:05:47.369+0000][56.105s][info][gc,phases   ] GC(2) O: Concurrent Reset Relocation Set 0.000ms
[2026-10-03T22:05:47.370+0000][56.106s][info][gc,phases   ] GC(2) O: Concurrent Select Relocation Set 0.648ms
[2026-10-03T22:05:47.370+0000][56.106s][info][gc,task     ] GC(2) O: Using 1 Workers for Old Generation
[2026-10-03T22:05:47.374+0000][56.110s][info][gc,task     ] GC(2) O: Using 1 Workers for Old Generation
[2026-10-03T22:05:47.374+0000][56.110s][info][gc,phases   ] GC(2) O: Concurrent Remap Roots 4.581ms
[2026-10-03T22:05:47.374+0000][56.110s][info][gc,phases   ] GC(2) O: Pause Relocate Start 0.009ms
[2026-10-03T22:05:47.375+0000][56.111s][info][gc,phases   ] GC(2) O: Concurrent Relocate 0.114ms
[2026-10-03T22:05:47.375+0000][56.111s][info][gc,alloc    ] GC(2) O:                         Mark Start        Mark End      Relocate Start    Relocate End   
[2026-10-03T22:05:47.375+0000][56.111s][info][gc,alloc    ] GC(2) O: Allocation Stalls:          0                0                0                0         
[2026-10-03T22:05:47.375+0000][56.111s][info][gc,load     ] GC(2) O: Load: 1.34 (27%) / 0.95 (19%) / 0.41 (8%)
[2026-10-03T22:05:47.375+0000][56.111s][info][gc,mmu      ] GC(2) O: MMU: 2ms/98.9%, 5ms/99.5%, 10ms/99.8%, 20ms/99.9%, 50ms/99.9%, 100ms/99.9%
[2026-10-03T22:05:47.375+0000][56.111s][info][gc,marking  ] GC(2) O: Mark: 1 stripe(s), 1 proactive flush(es), 1 terminate flush(es), 0 completion(s), 0 continuation(s) 
[2026-10-03T22:05:47.375+0000][56.111s][info][gc,nmethod  ] GC(2) O: NMethods: 5455 registered, 462 unregistered
[2026-10-03T22:05:47.375+0000][56.111s][info][gc,metaspace] GC(2) O: Metaspace: 42M used, 43M committed, 1088M reserved
[2026-10-03T22:05:47.375+0000][56.111s][info][gc,ref      ] GC(2) O:                       Encountered   Discovered     Enqueued 
[2026-10-03T22:05:47.375+0000][56.111s][info][gc,ref      ] GC(2) O: Soft References:             3403            0            0 
[2026-10-03T22:05:47.375+0000][56.111s][info][gc,ref      ] GC(2) O: Weak References:             8473            0            0 
[2026-10-03T22:05:47.375+0000][56.111s][info][gc,ref      ] GC(2) O: Final References:              34            0            0 
[2026-10-03T22:05:47.375+0000][56.111s][info][gc,ref      ] GC(2) O: Phantom References:           619            0            0 
[2026-10-03T22:05:47.375+0000][56.111s][info][gc,heap     ] GC(2) O: Min Capacity: 512M(17%)
[2026-10-03T22:05:47.375+0000][56.111s][info][gc,heap     ] GC(2) O: Max Capacity: 3072M(100%)
[2026-10-03T22:05:47.375+0000][56.111s][info][gc,heap     ] GC(2) O: Soft Max Capacity: 3072M(100%)
[2026-10-03T22:05:47.375+0000][56.111s][info][gc,heap     ] GC(2) O: Heap Statistics:
[2026-10-03T22:05:47.375+0000][56.111s][info][gc,heap     ] GC(2) O:                Mark Start          Mark End        Relocate Start      Relocate End           High               Low         
[2026-10-03T22:05:47.375+0000][56.111s][info][gc,heap     ] GC(2) O:  Capacity:      588M (19%)         658M (21%)         658M (21%)         658M (21%)         658M (21%)         588M (19%)    
[2026-10-03T22:05:47.375+0000][56.111s][info][gc,heap     ] GC(2) O:      Free:     2484M (81%)        2842M (93%)        2840M (92%)        2840M (92%)        2842M (93%)        2414M (79%)    
[2026-10-03T22:05:47.375+0000][56.111s][info][gc,heap     ] GC(2) O:      Used:      588M (19%)         230M (7%)          232M (8%)          232M (8%)          658M (21%)         230M (7%)     
[2026-10-03T22:05:47.375+0000][56.111s][info][gc,heap     ] GC(2) O: Old Generation Statistics:
[2026-10-03T22:05:47.375+0000][56.111s][info][gc,heap     ] GC(2) O:                Mark Start          Mark End        Relocate Start      Relocate End    
[2026-10-03T22:05:47.375+0000][56.111s][info][gc,heap     ] GC(2) O:      Used:        0M (0%)            0M (0%)            0M (0%)            0M (0%)     
[2026-10-03T22:05:47.375+0000][56.111s][info][gc,heap     ] GC(2) O:      Live:         -                 0M (0%)            0M (0%)            0M (0%)     
[2026-10-03T22:05:47.375+0000][56.111s][info][gc,heap     ] GC(2) O:   Garbage:         -                 0M (0%)            0M (0%)            0M (0%)     
[2026-10-03T22:05:47.375+0000][56.111s][info][gc,heap     ] GC(2) O: Allocated:         -                 0M (0%)            0M (0%)            0M (0%)     
[2026-10-03T22:05:47.375+0000][56.111s][info][gc,heap     ] GC(2) O: Reclaimed:         -                  -                 0M (0%)            0M (0%)     
[2026-10-03T22:05:47.375+0000][56.111s][info][gc,heap     ] GC(2) O: Compacted:         -                  -                  -                 0M (0%)     
[2026-10-03T22:05:47.375+0000][56.111s][info][gc,phases   ] GC(2) O: Old Generation 230M(7%)->232M(8%) 0.023s
[2026-10-03T22:05:47.375+0000][56.111s][info][gc          ] GC(2) Major Collection (Metadata GC Threshold) 588M(19%)->232M(8%) 0.226s
[2026-10-03T22:05:48.467+0000][57.203s][info][gc          ] GC(3) Major Collection (Warmup)
[2026-10-03T22:05:48.467+0000][57.203s][info][gc,task     ] GC(3) Using 1 Workers for Young Generation
[2026-10-03T22:05:48.467+0000][57.203s][info][gc,task     ] GC(3) Using 1 Workers for Old Generation
[2026-10-03T22:05:48.467+0000][57.203s][info][gc,phases   ] GC(3) Y: Young Generation
[2026-10-03T22:05:48.467+0000][57.203s][info][gc,phases   ] GC(3) Y: Pause Mark Start (Major) 0.012ms
[2026-10-03T22:05:48.734+0000][57.470s][info][gc,phases   ] GC(3) Y: Concurrent Mark 266.632ms
[2026-10-03T22:05:48.734+0000][57.470s][info][gc,phases   ] GC(3) Y: Pause Mark End 0.013ms
[2026-10-03T22:05:48.734+0000][57.470s][info][gc,phases   ] GC(3) Y: Concurrent Mark Free 0.001ms
[2026-10-03T22:05:48.734+0000][57.470s][info][gc,phases   ] GC(3) Y: Concurrent Reset Relocation Set 0.011ms
[2026-10-03T22:05:48.734+0000][57.470s][info][gc,reloc    ] GC(3) Y: Using tenuring threshold: 4 (Computed)
[2026-10-03T22:05:48.735+0000][57.471s][info][gc,phases   ] GC(3) Y: Concurrent Select Relocation Set 0.842ms
[2026-10-03T22:05:48.735+0000][57.471s][info][gc,phases   ] GC(3) Y: Pause Relocate Start 0.008ms
[2026-10-03T22:05:48.779+0000][57.515s][info][gc,phases   ] GC(3) Y: Concurrent Relocate 44.152ms
[2026-10-03T22:05:48.779+0000][57.515s][info][gc,alloc    ] GC(3) Y:                         Mark Start        Mark End      Relocate Start    Relocate End   
[2026-10-03T22:05:48.779+0000][57.515s][info][gc,alloc    ] GC(3) Y: Allocation Stalls:          0                0                0                0         
[2026-10-03T22:05:48.779+0000][57.515s][info][gc,load     ] GC(3) Y: Load: 1.34 (27%) / 0.95 (19%) / 0.41 (8%)
[2026-10-03T22:05:48.779+0000][57.515s][info][gc,mmu      ] GC(3) Y: MMU: 2ms/98.9%, 5ms/99.5%, 10ms/99.8%, 20ms/99.9%, 50ms/99.9%, 100ms/99.9%
[2026-10-03T22:05:48.779+0000][57.515s][info][gc,marking  ] GC(3) Y: Mark: 1 stripe(s), 2 proactive flush(es), 1 terminate flush(es), 0 completion(s), 0 continuation(s) 
[2026-10-03T22:05:48.779+0000][57.515s][info][gc,nmethod  ] GC(3) Y: NMethods: 7081 registered, 462 unregistered
[2026-10-03T22:05:48.779+0000][57.515s][info][gc,metaspace] GC(3) Y: Metaspace: 52M used, 53M committed, 1088M reserved
[2026-10-03T22:05:48.779+0000][57.515s][info][gc,reloc    ] GC(3) Y:                        Candidates     Selected     In-Place         Size        Empty    Relocated 
[2026-10-03T22:05:48.779+0000][57.515s][info][gc,reloc    ] GC(3) Y: Small Pages:                  254          199            0         508M           0M          26M 
[2026-10-03T22:05:48.779+0000][57.515s][info][gc,reloc    ] GC(3) Y: Medium Pages:                   3            2            0          96M           0M           3M 
[2026-10-03T22:05:48.779+0000][57.515s][info][gc,reloc    ] GC(3) Y: Large Pages:                    1            0            0          12M           0M           0M 
[2026-10-03T22:05:48.779+0000][57.515s][info][gc,reloc    ] GC(3) Y: Forwarding Usage: 12M
[2026-10-03T22:05:48.779+0000][57.515s][info][gc,reloc    ] GC(3) Y: Age Table:
[2026-10-03T22:05:48.779+0000][57.515s][info][gc,reloc    ] GC(3) Y:                    Live             Garbage             Small              Medium             Large        
[2026-10-03T22:05:48.779+0000][57.515s][info][gc,reloc    ] GC(3) Y: Eden              27M (1%)          392M (13%)        210 / 195            0 / 0              0 / 0        
[2026-10-03T22:05:48.779+0000][57.515s][info][gc,reloc    ] GC(3) Y: Survivor 1        47M (2%)           36M (1%)          20 / 2              1 / 1              1 / 0        
[2026-10-03T22:05:48.779+0000][57.515s][info][gc,reloc    ] GC(3) Y: Survivor 2        22M (1%)           37M (1%)          14 / 1              1 / 0              0 / 0        
[2026-10-03T22:05:48.779+0000][57.515s][info][gc,reloc    ] GC(3) Y: Survivor 3        20M (1%)           31M (1%)          10 / 1              1 / 1              0 / 0        
[2026-10-03T22:05:48.779+0000][57.515s][info][gc,heap     ] GC(3) Y: Min Capacity: 512M(17%)
[2026-10-03T22:05:48.779+0000][57.515s][info][gc,heap     ] GC(3) Y: Max Capacity: 3072M(100%)
[2026-10-03T22:05:48.779+0000][57.515s][info][gc,heap     ] GC(3) Y: Soft Max Capacity: 3072M(100%)
[2026-10-03T22:05:48.779+0000][57.515s][info][gc,heap     ] GC(3) Y: Heap Statistics:
[2026-10-03T22:05:48.779+0000][57.515s][info][gc,heap     ] GC(3) Y:                Mark Start          Mark End        Relocate Start      Relocate End           High               Low         
[2026-10-03T22:05:48.779+0000][57.515s][info][gc,heap     ] GC(3) Y:  Capacity:      658M (21%)         686M (22%)         688M (22%)         728M (24%)         728M (24%)         658M (21%)    
[2026-10-03T22:05:48.779+0000][57.515s][info][gc,heap     ] GC(3) Y:      Free:     2456M (80%)        2386M (78%)        2384M (78%)        2764M (90%)        2764M (90%)        2344M (76%)    
[2026-10-03T22:05:48.779+0000][57.515s][info][gc,heap     ] GC(3) Y:      Used:      616M (20%)         686M (22%)         688M (22%)         308M (10%)         728M (24%)         308M (10%)    
[2026-10-03T22:05:48.779+0000][57.515s][info][gc,heap     ] GC(3) Y: Young Generation Statistics:
[2026-10-03T22:05:48.779+0000][57.515s][info][gc,heap     ] GC(3) Y:                Mark Start          Mark End        Relocate Start      Relocate End    
[2026-10-03T22:05:48.779+0000][57.515s][info][gc,heap     ] GC(3) Y:      Used:      616M (20%)         686M (22%)         688M (22%)         308M (10%)    
[2026-10-03T22:05:48.779+0000][57.515s][info][gc,heap     ] GC(3) Y:      Live:         -               117M (4%)          117M (4%)          117M (4%)     
[2026-10-03T22:05:48.779+0000][57.515s][info][gc,heap     ] GC(3) Y:   Garbage:         -               498M (16%)         498M (16%)           4M (0%)     
[2026-10-03T22:05:48.779+0000][57.515s][info][gc,heap     ] GC(3) Y: Allocated:         -                70M (2%)           72M (2%)          186M (6%)     
[2026-10-03T22:05:48.779+0000][57.515s][info][gc,heap     ] GC(3) Y: Reclaimed:         -                  -                 0M (0%)          494M (16%)    
[2026-10-03T22:05:48.779+0000][57.515s][info][gc,heap     ] GC(3) Y:  Promoted:         -                  -                 0M (0%)            0M (0%)     
[2026-10-03T22:05:48.779+0000][57.515s][info][gc,heap     ] GC(3) Y: Compacted:         -                  -                  -                35M (1%)     
[2026-10-03T22:05:48.779+0000][57.515s][info][gc,phases   ] GC(3) Y: Young Generation 616M(20%)->308M(10%) 0.312s
[2026-10-03T22:05:48.779+0000][57.515s][info][gc,phases   ] GC(3) O: Old Generation
[2026-10-03T22:05:48.780+0000][57.516s][info][gc,phases   ] GC(3) O: Concurrent Mark 1.201ms
[2026-10-03T22:05:48.781+0000][57.517s][info][gc,phases   ] GC(3) O: Pause Mark End 0.011ms
[2026-10-03T22:05:48.781+0000][57.517s][info][gc,phases   ] GC(3) O: Concurrent Mark Free 0.001ms
[2026-10-03T22:05:48.795+0000][57.531s][info][gc,phases   ] GC(3) O: Concurrent Process Non-Strong 14.628ms
[2026-10-03T22:05:48.795+0000][57.531s][info][gc,phases   ] GC(3) O: Concurrent Reset Relocation Set 0.000ms
[2026-10-03T22:05:48.796+0000][57.532s][info][gc,phases   ] GC(3) O: Concurrent Select Relocation Set 0.310ms
[2026-10-03T22:05:48.796+0000][57.532s][info][gc,task     ] GC(3) O: Using 1 Workers for Old Generation
[2026-10-03T22:05:48.801+0000][57.537s][info][gc,task     ] GC(3) O: Using 1 Workers for Old Generation
[2026-10-03T22:05:48.801+0000][57.537s][info][gc,phases   ] GC(3) O: Concurrent Remap Roots 5.372ms
[2026-10-03T22:05:48.803+0000][57.539s][info][gc,phases   ] GC(3) O: Pause Relocate Start 0.010ms
[2026-10-03T22:05:48.803+0000][57.539s][info][gc,phases   ] GC(3) O: Concurrent Relocate 0.075ms
[2026-10-03T22:05:48.803+0000][57.539s][info][gc,alloc    ] GC(3) O:                         Mark Start        Mark End      Relocate Start    Relocate End   
[2026-10-03T22:05:48.803+0000][57.539s][info][gc,alloc    ] GC(3) O: Allocation Stalls:          0                0                0                0         
[2026-10-03T22:05:48.803+0000][57.539s][info][gc,load     ] GC(3) O: Load: 1.34 (27%) / 0.95 (19%) / 0.41 (8%)
[2026-10-03T22:05:48.803+0000][57.539s][info][gc,mmu      ] GC(3) O: MMU: 2ms/98.9%, 5ms/99.5%, 10ms/99.8%, 20ms/99.9%, 50ms/99.9%, 100ms/99.9%
[2026-10-03T22:05:48.803+0000][57.539s][info][gc,marking  ] GC(3) O: Mark: 1 stripe(s), 1 proactive flush(es), 1 terminate flush(es), 0 completion(s), 0 continuation(s) 
[2026-10-03T22:05:48.803+0000][57.539s][info][gc,nmethod  ] GC(3) O: NMethods: 6428 registered, 1127 unregistered
[2026-10-03T22:05:48.803+0000][57.539s][info][gc,metaspace] GC(3) O: Metaspace: 52M used, 53M committed, 1088M reserved
[2026-10-03T22:05:48.803+0000][57.539s][info][gc,ref      ] GC(3) O:                       Encountered   Discovered     Enqueued 
[2026-10-03T22:05:48.803+0000][57.539s][info][gc,ref      ] GC(3) O: Soft References:             3481            0            0 
[2026-10-03T22:05:48.803+0000][57.539s][info][gc,ref      ] GC(3) O: Weak References:            13005            0            0 
[2026-10-03T22:05:48.803+0000][57.539s][info][gc,ref      ] GC(3) O: Final References:              34            0            0 
[2026-10-03T22:05:48.803+0000][57.539s][info][gc,ref      ] GC(3) O: Phantom References:           618            0            0 
[2026-10-03T22:05:48.803+0000][57.539s][info][gc,heap     ] GC(3) O: Min Capacity: 512M(17%)
[2026-10-03T22:05:48.803+0000][57.539s][info][gc,heap     ] GC(3) O: Max Capacity: 3072M(100%)
[2026-10-03T22:05:48.803+0000][57.539s][info][gc,heap     ] GC(3) O: Soft Max Capacity: 3072M(100%)
[2026-10-03T22:05:48.803+0000][57.539s][info][gc,heap     ] GC(3) O: Heap Statistics:
[2026-10-03T22:05:48.803+0000][57.539s][info][gc,heap     ] GC(3) O:                Mark Start          Mark End        Relocate Start      Relocate End           High               Low         
[2026-10-03T22:05:48.803+0000][57.539s][info][gc,heap     ] GC(3) O:  Capacity:      658M (21%)         728M (24%)         728M (24%)         728M (24%)         728M (24%)         658M (21%)    
[2026-10-03T22:05:48.803+0000][57.539s][info][gc,heap     ] GC(3) O:      Free:     2456M (80%)        2764M (90%)        2760M (90%)        2760M (90%)        2764M (90%)        2344M (76%)    
[2026-10-03T22:05:48.803+0000][57.539s][info][gc,heap     ] GC(3) O:      Used:      616M (20%)         308M (10%)         312M (10%)         312M (10%)         728M (24%)         308M (10%)    
[2026-10-03T22:05:48.803+0000][57.539s][info][gc,heap     ] GC(3) O: Old Generation Statistics:
[2026-10-03T22:05:48.803+0000][57.539s][info][gc,heap     ] GC(3) O:                Mark Start          Mark End        Relocate Start      Relocate End    
[2026-10-03T22:05:48.803+0000][57.539s][info][gc,heap     ] GC(3) O:      Used:        0M (0%)            0M (0%)            0M (0%)            0M (0%)     
[2026-10-03T22:05:48.803+0000][57.539s][info][gc,heap     ] GC(3) O:      Live:         -                 0M (0%)            0M (0%)            0M (0%)     
[2026-10-03T22:05:48.803+0000][57.539s][info][gc,heap     ] GC(3) O:   Garbage:         -                 0M (0%)            0M (0%)            0M (0%)     
[2026-10-03T22:05:48.803+0000][57.539s][info][gc,heap     ] GC(3) O: Allocated:         -                 0M (0%)            0M (0%)            0M (0%)     
[2026-10-03T22:05:48.803+0000][57.539s][info][gc,heap     ] GC(3) O: Reclaimed:         -                  -                 0M (0%)            0M (0%)     
[2026-10-03T22:05:48.803+0000][57.539s][info][gc,heap     ] GC(3) O: Compacted:         -                  -                  -                 0M (0%)     
[2026-10-03T22:05:48.803+0000][57.539s][info][gc,phases   ] GC(3) O: Old Generation 308M(10%)->312M(10%) 0.024s
[2026-10-03T22:05:48.803+0000][57.539s][info][gc          ] GC(3) Major Collection (Warmup) 616M(20%)->312M(10%) 0.336s
[2026-10-03T22:05:51.449+0000][60.185s][info][gc          ] GC(4) Major Collection (Warmup)
[2026-10-03T22:05:51.449+0000][60.185s][info][gc,task     ] GC(4) Using 1 Workers for Young Generation
[2026-10-03T22:05:51.449+0000][60.185s][info][gc,task     ] GC(4) Using 1 Workers for Old Generation
[2026-10-03T22:05:51.449+0000][60.185s][info][gc,phases   ] GC(4) Y: Young Generation
[2026-10-03T22:05:51.449+0000][60.185s][info][gc,phases   ] GC(4) Y: Pause Mark Start (Major) 0.013ms
[2026-10-03T22:05:51.792+0000][60.528s][info][gc,phases   ] GC(4) Y: Concurrent Mark 342.519ms
[2026-10-03T22:05:51.792+0000][60.528s][info][gc,phases   ] GC(4) Y: Pause Mark End 0.017ms
[2026-10-03T22:05:51.792+0000][60.528s][info][gc,phases   ] GC(4) Y: Concurrent Mark Free 0.001ms
[2026-10-03T22:05:51.792+0000][60.528s][info][gc,phases   ] GC(4) Y: Concurrent Reset Relocation Set 0.014ms
[2026-10-03T22:05:51.792+0000][60.528s][info][gc,reloc    ] GC(4) Y: Using tenuring threshold: 3 (Computed)
[2026-10-03T22:05:51.818+0000][60.553s][info][gc,phases   ] GC(4) Y: Concurrent Select Relocation Set 25.288ms
[2026-10-03T22:05:51.819+0000][60.555s][info][gc,phases   ] GC(4) Y: Pause Relocate Start 0.008ms
[2026-10-03T22:05:51.929+0000][60.665s][info][gc,phases   ] GC(4) Y: Concurrent Relocate 110.452ms
[2026-10-03T22:05:51.929+0000][60.665s][info][gc,alloc    ] GC(4) Y:                         Mark Start        Mark End      Relocate Start    Relocate End   
[2026-10-03T22:05:51.930+0000][60.665s][info][gc,alloc    ] GC(4) Y: Allocation Stalls:          0                0                0                0         
[2026-10-03T22:05:51.930+0000][60.665s][info][gc,load     ] GC(4) Y: Load: 1.47 (29%) / 0.98 (20%) / 0.43 (9%)
[2026-10-03T22:05:51.930+0000][60.665s][info][gc,mmu      ] GC(4) Y: MMU: 2ms/98.9%, 5ms/99.5%, 10ms/99.8%, 20ms/99.9%, 50ms/99.9%, 100ms/99.9%
[2026-10-03T22:05:51.930+0000][60.665s][info][gc,marking  ] GC(4) Y: Mark: 1 stripe(s), 2 proactive flush(es), 1 terminate flush(es), 0 completion(s), 0 continuation(s) 
[2026-10-03T22:05:51.930+0000][60.665s][info][gc,nmethod  ] GC(4) Y: NMethods: 9129 registered, 1127 unregistered
[2026-10-03T22:05:51.930+0000][60.665s][info][gc,metaspace] GC(4) Y: Metaspace: 89M used, 90M committed, 1152M reserved
[2026-10-03T22:05:51.930+0000][60.665s][info][gc,reloc    ] GC(4) Y:                        Candidates     Selected     In-Place         Size        Empty    Relocated 
[2026-10-03T22:05:51.930+0000][60.665s][info][gc,reloc    ] GC(4) Y: Small Pages:                  399          320            0         798M           2M          40M 
[2026-10-03T22:05:51.930+0000][60.665s][info][gc,reloc    ] GC(4) Y: Medium Pages:                   4            3            0         112M           0M           4M 
[2026-10-03T22:05:51.930+0000][60.665s][info][gc,reloc    ] GC(4) Y: Large Pages:                    1            0            0          12M           0M           0M 
[2026-10-03T22:05:51.930+0000][60.665s][info][gc,reloc    ] GC(4) Y: Forwarding Usage: 22M
[2026-10-03T22:05:51.930+0000][60.665s][info][gc,reloc    ] GC(4) Y: Age Table:
[2026-10-03T22:05:51.930+0000][60.665s][info][gc,reloc    ] GC(4) Y:                    Live             Garbage             Small              Medium             Large        
[2026-10-03T22:05:51.930+0000][60.666s][info][gc,reloc    ] GC(4) Y: Eden              45M (1%)          646M (21%)        338 / 313            1 / 1              0 / 0        
[2026-10-03T22:05:51.930+0000][60.666s][info][gc,reloc    ] GC(4) Y: Survivor 1        26M (1%)            3M (0%)          15 / 1              0 / 0              0 / 0        
[2026-10-03T22:05:51.930+0000][60.666s][info][gc,reloc    ] GC(4) Y: Survivor 2        46M (2%)           37M (1%)          20 / 2              1 / 0              1 / 0        
[2026-10-03T22:05:51.930+0000][60.666s][info][gc,reloc    ] GC(4) Y: Survivor 3        21M (1%)           38M (1%)          14 / 2              1 / 1              0 / 0        
[2026-10-03T22:05:51.930+0000][60.666s][info][gc,reloc    ] GC(4) Y: Survivor 4        19M (1%)           36M (1%)          12 / 2              1 / 1              0 / 0        
[2026-10-03T22:05:51.930+0000][60.666s][info][gc,heap     ] GC(4) Y: Min Capacity: 512M(17%)
[2026-10-03T22:05:51.930+0000][60.666s][info][gc,heap     ] GC(4) Y: Max Capacity: 3072M(100%)
[2026-10-03T22:05:51.930+0000][60.666s][info][gc,heap     ] GC(4) Y: Soft Max Capacity: 3072M(100%)
[2026-10-03T22:05:51.930+0000][60.666s][info][gc,heap     ] GC(4) Y: Heap Statistics:
[2026-10-03T22:05:51.930+0000][60.666s][info][gc,heap     ] GC(4) Y:                Mark Start          Mark End        Relocate Start      Relocate End           High               Low         
[2026-10-03T22:05:51.930+0000][60.666s][info][gc,heap     ] GC(4) Y:  Capacity:      922M (30%)        1014M (33%)        1016M (33%)        1090M (35%)        1090M (35%)         922M (30%)    
[2026-10-03T22:05:51.930+0000][60.666s][info][gc,heap     ] GC(4) Y:      Free:     2150M (70%)        2058M (67%)        2056M (67%)        2664M (87%)        2670M (87%)        1982M (65%)    
[2026-10-03T22:05:51.930+0000][60.666s][info][gc,heap     ] GC(4) Y:      Used:      922M (30%)        1014M (33%)        1016M (33%)         408M (13%)        1090M (35%)         402M (13%)    
[2026-10-03T22:05:51.930+0000][60.666s][info][gc,heap     ] GC(4) Y: Young Generation Statistics:
[2026-10-03T22:05:51.930+0000][60.666s][info][gc,heap     ] GC(4) Y:                Mark Start          Mark End        Relocate Start      Relocate End    
[2026-10-03T22:05:51.930+0000][60.666s][info][gc,heap     ] GC(4) Y:      Used:      922M (30%)        1014M (33%)         978M (32%)         326M (11%)    
[2026-10-03T22:05:51.930+0000][60.666s][info][gc,heap     ] GC(4) Y:      Live:         -               160M (5%)          125M (4%)          118M (4%)     
[2026-10-03T22:05:51.930+0000][60.666s][info][gc,heap     ] GC(4) Y:   Garbage:         -               761M (25%)         756M (25%)           2M (0%)     
[2026-10-03T22:05:51.930+0000][60.666s][info][gc,heap     ] GC(4) Y: Allocated:         -                92M (3%)           96M (3%)          204M (7%)     
[2026-10-03T22:05:51.930+0000][60.666s][info][gc,heap     ] GC(4) Y: Reclaimed:         -                  -                 4M (0%)          758M (25%)    
[2026-10-03T22:05:51.930+0000][60.666s][info][gc,heap     ] GC(4) Y:  Promoted:         -                  -                35M (1%)           41M (1%)     
[2026-10-03T22:05:51.930+0000][60.666s][info][gc,heap     ] GC(4) Y: Compacted:         -                  -                  -                49M (2%)     
[2026-10-03T22:05:51.930+0000][60.666s][info][gc,phases   ] GC(4) Y: Young Generation 922M(30%)->408M(13%) 0.480s
[2026-10-03T22:05:51.930+0000][60.666s][info][gc,phases   ] GC(4) O: Old Generation
[2026-10-03T22:05:51.930+0000][60.666s][info][gc,phases   ] GC(4) O: Concurrent Mark 0.564ms
[2026-10-03T22:05:51.930+0000][60.666s][info][gc,phases   ] GC(4) O: Pause Mark End 0.011ms
[2026-10-03T22:05:51.931+0000][60.667s][info][gc,phases   ] GC(4) O: Concurrent Mark Free 0.000ms
[2026-10-03T22:05:51.972+0000][60.707s][info][gc,phases   ] GC(4) O: Concurrent Process Non-Strong 40.958ms
[2026-10-03T22:05:51.972+0000][60.708s][info][gc,phases   ] GC(4) O: Concurrent Reset Relocation Set 0.001ms
[2026-10-03T22:05:51.973+0000][60.709s][info][gc,phases   ] GC(4) O: Concurrent Select Relocation Set 1.240ms
[2026-10-03T22:05:51.973+0000][60.709s][info][gc,task     ] GC(4) O: Using 1 Workers for Old Generation
[2026-10-03T22:05:51.993+0000][60.729s][info][gc,task     ] GC(4) O: Using 1 Workers for Old Generation
[2026-10-03T22:05:51.994+0000][60.730s][info][gc,phases   ] GC(4) O: Concurrent Remap Roots 21.338ms
[2026-10-03T22:05:51.994+0000][60.730s][info][gc,phases   ] GC(4) O: Pause Relocate Start 0.012ms
[2026-10-03T22:05:51.998+0000][60.734s][info][gc,phases   ] GC(4) O: Concurrent Relocate 0.118ms
[2026-10-03T22:05:51.998+0000][60.734s][info][gc,alloc    ] GC(4) O:                         Mark Start        Mark End      Relocate Start    Relocate End   
[2026-10-03T22:05:51.998+0000][60.734s][info][gc,alloc    ] GC(4) O: Allocation Stalls:          0                0                0                0         
[2026-10-03T22:05:51.998+0000][60.734s][info][gc,load     ] GC(4) O: Load: 1.47 (29%) / 0.98 (20%) / 0.43 (9%)
[2026-10-03T22:05:51.998+0000][60.734s][info][gc,mmu      ] GC(4) O: MMU: 2ms/98.9%, 5ms/99.5%, 10ms/99.8%, 20ms/99.9%, 50ms/99.9%, 100ms/99.9%
[2026-10-03T22:05:51.998+0000][60.734s][info][gc,marking  ] GC(4) O: Mark: 1 stripe(s), 1 proactive flush(es), 1 terminate flush(es), 0 completion(s), 0 continuation(s) 
[2026-10-03T22:05:51.998+0000][60.734s][info][gc,nmethod  ] GC(4) O: NMethods: 8448 registered, 1954 unregistered
[2026-10-03T22:05:51.998+0000][60.734s][info][gc,metaspace] GC(4) O: Metaspace: 89M used, 90M committed, 1152M reserved
[2026-10-03T22:05:51.998+0000][60.734s][info][gc,ref      ] GC(4) O:                       Encountered   Discovered     Enqueued 
[2026-10-03T22:05:51.998+0000][60.734s][info][gc,ref      ] GC(4) O: Soft References:             3885            0            0 
[2026-10-03T22:05:51.998+0000][60.734s][info][gc,ref      ] GC(4) O: Weak References:            29461            0            0 
[2026-10-03T22:05:51.998+0000][60.734s][info][gc,ref      ] GC(4) O: Final References:              36            0            0 
[2026-10-03T22:05:51.998+0000][60.734s][info][gc,ref      ] GC(4) O: Phantom References:           629            0            0 
[2026-10-03T22:05:51.998+0000][60.734s][info][gc,heap     ] GC(4) O: Min Capacity: 512M(17%)
[2026-10-03T22:05:51.998+0000][60.734s][info][gc,heap     ] GC(4) O: Max Capacity: 3072M(100%)
[2026-10-03T22:05:51.998+0000][60.734s][info][gc,heap     ] GC(4) O: Soft Max Capacity: 3072M(100%)
[2026-10-03T22:05:51.998+0000][60.734s][info][gc,heap     ] GC(4) O: Heap Statistics:
[2026-10-03T22:05:51.998+0000][60.734s][info][gc,heap     ] GC(4) O:                Mark Start          Mark End        Relocate Start      Relocate End           High               Low         
[2026-10-03T22:05:51.998+0000][60.734s][info][gc,heap     ] GC(4) O:  Capacity:      922M (30%)        1090M (35%)        1090M (35%)        1090M (35%)        1090M (35%)         922M (30%)    
[2026-10-03T22:05:51.998+0000][60.734s][info][gc,heap     ] GC(4) O:      Free:     2150M (70%)        2664M (87%)        2654M (86%)        2654M (86%)        2670M (87%)        1982M (65%)    
[2026-10-03T22:05:51.998+0000][60.734s][info][gc,heap     ] GC(4) O:      Used:      922M (30%)         408M (13%)         418M (14%)         418M (14%)        1090M (35%)         402M (13%)    
[2026-10-03T22:05:51.998+0000][60.734s][info][gc,heap     ] GC(4) O: Old Generation Statistics:
[2026-10-03T22:05:51.998+0000][60.734s][info][gc,heap     ] GC(4) O:                Mark Start          Mark End        Relocate Start      Relocate End    
[2026-10-03T22:05:51.998+0000][60.734s][info][gc,heap     ] GC(4) O:      Used:        0M (0%)           82M (3%)           82M (3%)           82M (3%)     
[2026-10-03T22:05:51.998+0000][60.734s][info][gc,heap     ] GC(4) O:      Live:         -                 0M (0%)            0M (0%)            0M (0%)     
[2026-10-03T22:05:51.998+0000][60.734s][info][gc,heap     ] GC(4) O:   Garbage:         -                 0M (0%)            0M (0%)            0M (0%)     
[2026-10-03T22:05:51.998+0000][60.734s][info][gc,heap     ] GC(4) O: Allocated:         -                82M (3%)           82M (3%)           82M (3%)     
[2026-10-03T22:05:51.998+0000][60.734s][info][gc,heap     ] GC(4) O: Reclaimed:         -                  -                 0M (0%)            0M (0%)     
[2026-10-03T22:05:51.998+0000][60.734s][info][gc,heap     ] GC(4) O: Compacted:         -                  -                  -                 0M (0%)     
[2026-10-03T22:05:51.998+0000][60.734s][info][gc,phases   ] GC(4) O: Old Generation 408M(13%)->418M(14%) 0.068s
[2026-10-03T22:05:51.998+0000][60.734s][info][gc          ] GC(4) Major Collection (Warmup) 922M(30%)->418M(14%) 0.549s
[2026-10-03T22:05:56.818+0000][65.554s][info][gc          ] GC(5) Minor Collection (Allocation Rate)
[2026-10-03T22:05:56.818+0000][65.554s][info][gc,task     ] GC(5) Using 1 Workers for Young Generation
[2026-10-03T22:05:56.818+0000][65.554s][info][gc,phases   ] GC(5) y: Young Generation
[2026-10-03T22:05:56.818+0000][65.554s][info][gc,phases   ] GC(5) y: Pause Mark Start 0.014ms
[2026-10-03T22:05:57.373+0000][66.109s][info][gc,phases   ] GC(5) y: Concurrent Mark 554.388ms
[2026-10-03T22:05:57.374+0000][66.109s][info][gc,phases   ] GC(5) y: Pause Mark End 0.015ms
[2026-10-03T22:05:57.374+0000][66.110s][info][gc,phases   ] GC(5) y: Concurrent Mark Free 0.001ms
[2026-10-03T22:05:57.374+0000][66.110s][info][gc,phases   ] GC(5) y: Concurrent Reset Relocation Set 0.041ms
[2026-10-03T22:05:57.374+0000][66.110s][info][gc,reloc    ] GC(5) y: Using tenuring threshold: 4 (Computed)
[2026-10-03T22:05:57.375+0000][66.111s][info][gc,phases   ] GC(5) y: Concurrent Select Relocation Set 1.655ms
[2026-10-03T22:05:57.375+0000][66.111s][info][gc,phases   ] GC(5) y: Pause Relocate Start 0.007ms
[2026-10-03T22:05:57.442+0000][66.178s][info][gc,phases   ] GC(5) y: Concurrent Relocate 66.713ms
[2026-10-03T22:05:57.442+0000][66.178s][info][gc,alloc    ] GC(5) y:                         Mark Start        Mark End      Relocate Start    Relocate End   
[2026-10-03T22:05:57.442+0000][66.178s][info][gc,alloc    ] GC(5) y: Allocation Stalls:          0                0                0                0         
[2026-10-03T22:05:57.442+0000][66.178s][info][gc,load     ] GC(5) y: Load: 1.60 (32%) / 1.01 (20%) / 0.44 (9%)
[2026-10-03T22:05:57.442+0000][66.178s][info][gc,mmu      ] GC(5) y: MMU: 2ms/98.9%, 5ms/99.5%, 10ms/99.8%, 20ms/99.9%, 50ms/99.9%, 100ms/99.9%
[2026-10-03T22:05:57.442+0000][66.178s][info][gc,marking  ] GC(5) y: Mark: 1 stripe(s), 2 proactive flush(es), 1 terminate flush(es), 0 completion(s), 0 continuation(s) 
[2026-10-03T22:05:57.442+0000][66.178s][info][gc,nmethod  ] GC(5) y: NMethods: 13218 registered, 0 unregistered
[2026-10-03T22:05:57.442+0000][66.178s][info][gc,metaspace] GC(5) y: Metaspace: 108M used, 109M committed, 1152M reserved
[2026-10-03T22:05:57.442+0000][66.178s][info][gc,reloc    ] GC(5) y:                        Candidates     Selected     In-Place         Size        Empty    Relocated 
[2026-10-03T22:05:57.442+0000][66.178s][info][gc,reloc    ] GC(5) y: Small Pages:                  621          521            0        1242M          38M          35M 
[2026-10-03T22:05:57.442+0000][66.178s][info][gc,reloc    ] GC(5) y: Medium Pages:                   4            2            0         112M          32M           3M 
[2026-10-03T22:05:57.442+0000][66.178s][info][gc,reloc    ] GC(5) y: Large Pages:                    1            0            0          12M           0M           0M 
[2026-10-03T22:05:57.442+0000][66.178s][info][gc,reloc    ] GC(5) y: Forwarding Usage: 21M
[2026-10-03T22:05:57.442+0000][66.178s][info][gc,reloc    ] GC(5) y: Age Table:
[2026-10-03T22:05:57.442+0000][66.178s][info][gc,reloc    ] GC(5) y:                    Live             Garbage             Small              Medium             Large        
[2026-10-03T22:05:57.442+0000][66.178s][info][gc,reloc    ] GC(5) y: Eden              49M (2%)         1100M (36%)        559 / 515            1 / 1              0 / 0        
[2026-10-03T22:05:57.442+0000][66.178s][info][gc,reloc    ] GC(5) y: Survivor 1        44M (1%)           53M (2%)          25 / 3              2 / 1              0 / 0        
[2026-10-03T22:05:57.442+0000][66.178s][info][gc,reloc    ] GC(5) y: Survivor 2        26M (1%)            5M (0%)          16 / 1              0 / 0              0 / 0        
[2026-10-03T22:05:57.442+0000][66.178s][info][gc,reloc    ] GC(5) y: Survivor 3        45M (1%)           40M (1%)          21 / 2              1 / 0              1 / 0        
[2026-10-03T22:05:57.442+0000][66.178s][info][gc,heap     ] GC(5) y: Min Capacity: 512M(17%)
[2026-10-03T22:05:57.442+0000][66.178s][info][gc,heap     ] GC(5) y: Max Capacity: 3072M(100%)
[2026-10-03T22:05:57.442+0000][66.178s][info][gc,heap     ] GC(5) y: Soft Max Capacity: 3072M(100%)
[2026-10-03T22:05:57.442+0000][66.178s][info][gc,heap     ] GC(5) y: Heap Statistics:
[2026-10-03T22:05:57.442+0000][66.178s][info][gc,heap     ] GC(5) y:                Mark Start          Mark End        Relocate Start      Relocate End           High               Low         
[2026-10-03T22:05:57.442+0000][66.178s][info][gc,heap     ] GC(5) y:  Capacity:     1448M (47%)        1512M (49%)        1512M (49%)        1544M (50%)        1544M (50%)        1448M (47%)    
[2026-10-03T22:05:57.442+0000][66.178s][info][gc,heap     ] GC(5) y:      Free:     1624M (53%)        1560M (51%)        1630M (53%)        2656M (86%)        2656M (86%)        1560M (51%)    
[2026-10-03T22:05:57.442+0000][66.178s][info][gc,heap     ] GC(5) y:      Used:     1448M (47%)        1512M (49%)        1442M (47%)         416M (14%)        1512M (49%)         416M (14%)    
[2026-10-03T22:05:57.442+0000][66.178s][info][gc,heap     ] GC(5) y: Young Generation Statistics:
[2026-10-03T22:05:57.442+0000][66.178s][info][gc,heap     ] GC(5) y:                Mark Start          Mark End        Relocate Start      Relocate End    
[2026-10-03T22:05:57.442+0000][66.178s][info][gc,heap     ] GC(5) y:      Used:     1366M (44%)        1430M (47%)        1360M (44%)         334M (11%)    
[2026-10-03T22:05:57.442+0000][66.178s][info][gc,heap     ] GC(5) y:      Live:         -               166M (5%)          166M (5%)          166M (5%)     
[2026-10-03T22:05:57.442+0000][66.178s][info][gc,heap     ] GC(5) y:   Garbage:         -              1199M (39%)        1129M (37%)           4M (0%)     
[2026-10-03T22:05:57.442+0000][66.178s][info][gc,heap     ] GC(5) y: Allocated:         -                64M (2%)           64M (2%)          163M (5%)     
[2026-10-03T22:05:57.442+0000][66.178s][info][gc,heap     ] GC(5) y: Reclaimed:         -                  -                70M (2%)         1195M (39%)    
[2026-10-03T22:05:57.442+0000][66.178s][info][gc,heap     ] GC(5) y:  Promoted:         -                  -                 0M (0%)            0M (0%)     
[2026-10-03T22:05:57.442+0000][66.178s][info][gc,heap     ] GC(5) y: Compacted:         -                  -                  -                48M (2%)     
[2026-10-03T22:05:57.442+0000][66.178s][info][gc,phases   ] GC(5) y: Young Generation 1448M(47%)->416M(14%) 0.624s
[2026-10-03T22:05:57.442+0000][66.178s][info][gc          ] GC(5) Minor Collection (Allocation Rate) 1448M(47%)->416M(14%) 0.624s
[2026-10-03T22:06:25.289+0000][94.025s][info][gc          ] GC(6) Minor Collection (Allocation Rate)
[2026-10-03T22:06:25.290+0000][94.025s][info][gc,task     ] GC(6) Using 1 Workers for Young Generation
[2026-10-03T22:06:25.290+0000][94.025s][info][gc,phases   ] GC(6) y: Young Generation
[2026-10-03T22:06:25.290+0000][94.026s][info][gc,phases   ] GC(6) y: Pause Mark Start 0.011ms
[2026-10-03T22:06:26.014+0000][94.750s][info][gc,phases   ] GC(6) y: Concurrent Mark 724.453ms
[2026-10-03T22:06:26.014+0000][94.750s][info][gc,phases   ] GC(6) y: Pause Mark End 0.013ms
[2026-10-03T22:06:26.016+0000][94.752s][info][gc,phases   ] GC(6) y: Concurrent Mark Free 0.002ms
[2026-10-03T22:06:26.016+0000][94.752s][info][gc,phases   ] GC(6) y: Concurrent Reset Relocation Set 0.024ms
[2026-10-03T22:06:26.016+0000][94.752s][info][gc,reloc    ] GC(6) y: Using tenuring threshold: 4 (Computed)
[2026-10-03T22:06:26.042+0000][94.778s][info][gc,phases   ] GC(6) y: Concurrent Select Relocation Set 26.085ms
[2026-10-03T22:06:26.072+0000][94.808s][info][gc,phases   ] GC(6) y: Pause Relocate Start 0.028ms
[2026-10-03T22:06:26.217+0000][94.953s][info][gc,phases   ] GC(6) y: Concurrent Relocate 145.148ms
[2026-10-03T22:06:26.217+0000][94.953s][info][gc,alloc    ] GC(6) y:                         Mark Start        Mark End      Relocate Start    Relocate End   
[2026-10-03T22:06:26.217+0000][94.953s][info][gc,alloc    ] GC(6) y: Allocation Stalls:          0                0                0                0         
[2026-10-03T22:06:26.217+0000][94.953s][info][gc,load     ] GC(6) y: Load: 2.78 (56%) / 1.32 (26%) / 0.56 (11%)
[2026-10-03T22:06:26.217+0000][94.953s][info][gc,mmu      ] GC(6) y: MMU: 2ms/98.6%, 5ms/99.4%, 10ms/99.7%, 20ms/99.9%, 50ms/99.9%, 100ms/99.9%
[2026-10-03T22:06:26.217+0000][94.953s][info][gc,marking  ] GC(6) y: Mark: 1 stripe(s), 2 proactive flush(es), 1 terminate flush(es), 0 completion(s), 0 continuation(s) 
[2026-10-03T22:06:26.217+0000][94.953s][info][gc,nmethod  ] GC(6) y: NMethods: 20087 registered, 0 unregistered
[2026-10-03T22:06:26.217+0000][94.953s][info][gc,metaspace] GC(6) y: Metaspace: 121M used, 123M committed, 1152M reserved
[2026-10-03T22:06:26.217+0000][94.953s][info][gc,reloc    ] GC(6) y:                        Candidates     Selected     In-Place         Size        Empty    Relocated 
[2026-10-03T22:06:26.217+0000][94.953s][info][gc,reloc    ] GC(6) y: Small Pages:                  916          652            0        1832M         324M          43M 
[2026-10-03T22:06:26.217+0000][94.953s][info][gc,reloc    ] GC(6) y: Medium Pages:                   4            3            0         112M           0M           3M 
[2026-10-03T22:06:26.217+0000][94.953s][info][gc,reloc    ] GC(6) y: Large Pages:                    1            0            0          12M           0M           0M 
[2026-10-03T22:06:26.217+0000][94.953s][info][gc,reloc    ] GC(6) y: Forwarding Usage: 17M
[2026-10-03T22:06:26.218+0000][94.953s][info][gc,reloc    ] GC(6) y: Age Table:
[2026-10-03T22:06:26.218+0000][94.953s][info][gc,reloc    ] GC(6) y:                    Live             Garbage             Small              Medium             Large        
[2026-10-03T22:06:26.218+0000][94.953s][info][gc,reloc    ] GC(6) y: Eden              47M (2%)         1646M (54%)        831 / 643            1 / 1              0 / 0        
[2026-10-03T22:06:26.218+0000][94.953s][info][gc,reloc    ] GC(6) y: Survivor 1        39M (1%)           48M (2%)          28 / 7              1 / 1              0 / 0        
[2026-10-03T22:06:26.218+0000][94.953s][info][gc,reloc    ] GC(6) y: Survivor 2        44M (1%)           17M (1%)          23 / 1              1 / 1              0 / 0        
[2026-10-03T22:06:26.218+0000][94.953s][info][gc,reloc    ] GC(6) y: Survivor 3        26M (1%)            3M (0%)          15 / 0              0 / 0              0 / 0        
[2026-10-03T22:06:26.218+0000][94.953s][info][gc,reloc    ] GC(6) y: Survivor 4        45M (1%)           36M (1%)          19 / 1              1 / 0              1 / 0        
[2026-10-03T22:06:26.218+0000][94.953s][info][gc,heap     ] GC(6) y: Min Capacity: 512M(17%)
[2026-10-03T22:06:26.218+0000][94.953s][info][gc,heap     ] GC(6) y: Max Capacity: 3072M(100%)
[2026-10-03T22:06:26.218+0000][94.953s][info][gc,heap     ] GC(6) y: Soft Max Capacity: 3072M(100%)
[2026-10-03T22:06:26.218+0000][94.953s][info][gc,heap     ] GC(6) y: Heap Statistics:
[2026-10-03T22:06:26.218+0000][94.953s][info][gc,heap     ] GC(6) y:                Mark Start          Mark End        Relocate Start      Relocate End           High               Low         
[2026-10-03T22:06:26.218+0000][94.954s][info][gc,heap     ] GC(6) y:  Capacity:     2038M (66%)        2118M (69%)        2118M (69%)        2118M (69%)        2118M (69%)        2038M (66%)    
[2026-10-03T22:06:26.218+0000][94.954s][info][gc,heap     ] GC(6) y:      Free:     1034M (34%)         954M (31%)        1274M (41%)        2546M (83%)        2554M (83%)         954M (31%)    
[2026-10-03T22:06:26.218+0000][94.954s][info][gc,heap     ] GC(6) y:      Used:     2038M (66%)        2118M (69%)        1798M (59%)         526M (17%)        2118M (69%)         518M (17%)    
[2026-10-03T22:06:26.218+0000][94.954s][info][gc,heap     ] GC(6) y: Young Generation Statistics:
[2026-10-03T22:06:26.218+0000][94.954s][info][gc,heap     ] GC(6) y:                Mark Start          Mark End        Relocate Start      Relocate End    
[2026-10-03T22:06:26.218+0000][94.954s][info][gc,heap     ] GC(6) y:      Used:     1956M (64%)        2036M (66%)        1668M (54%)         362M (12%)    
[2026-10-03T22:06:26.218+0000][94.954s][info][gc,heap     ] GC(6) y:      Live:         -               204M (7%)          159M (5%)          159M (5%)     
[2026-10-03T22:06:26.218+0000][94.954s][info][gc,heap     ] GC(6) y:   Garbage:         -              1751M (57%)        1424M (46%)           5M (0%)     
[2026-10-03T22:06:26.218+0000][94.954s][info][gc,heap     ] GC(6) y: Allocated:         -                80M (3%)           84M (3%)          197M (6%)     
[2026-10-03T22:06:26.218+0000][94.954s][info][gc,heap     ] GC(6) y: Reclaimed:         -                  -               327M (11%)        1746M (57%)    
[2026-10-03T22:06:26.218+0000][94.954s][info][gc,heap     ] GC(6) y:  Promoted:         -                  -                44M (1%)           45M (1%)     
[2026-10-03T22:06:26.218+0000][94.954s][info][gc,heap     ] GC(6) y: Compacted:         -                  -                  -                54M (2%)     
[2026-10-03T22:06:26.218+0000][94.954s][info][gc,phases   ] GC(6) y: Young Generation 2038M(66%)->526M(17%) 0.928s
[2026-10-03T22:06:26.218+0000][94.954s][info][gc          ] GC(6) Minor Collection (Allocation Rate) 2038M(66%)->526M(17%) 0.928s
[2026-10-03T22:06:30.984+0000][99.720s][info][gc          ] GC(7) Major Collection (Allocation Rate)
[2026-10-03T22:06:30.984+0000][99.720s][info][gc,task     ] GC(7) Using 1 Workers for Young Generation
[2026-10-03T22:06:30.984+0000][99.720s][info][gc,task     ] GC(7) Using 1 Workers for Old Generation
[2026-10-03T22:06:30.984+0000][99.720s][info][gc,phases   ] GC(7) Y: Young Generation
[2026-10-03T22:06:30.988+0000][99.724s][info][gc,phases   ] GC(7) Y: Pause Mark Start (Major) 0.012ms
[2026-10-03T22:06:31.557+0000][100.293s][info][gc,phases   ] GC(7) Y: Concurrent Mark 569.101ms
[2026-10-03T22:06:31.558+0000][100.294s][info][gc,phases   ] GC(7) Y: Pause Mark End 0.013ms
[2026-10-03T22:06:31.558+0000][100.294s][info][gc,phases   ] GC(7) Y: Concurrent Mark Free 0.001ms
[2026-10-03T22:06:31.558+0000][100.294s][info][gc,phases   ] GC(7) Y: Concurrent Reset Relocation Set 0.050ms
[2026-10-03T22:06:31.558+0000][100.294s][info][gc,reloc    ] GC(7) Y: Using tenuring threshold: 3 (Computed)
[2026-10-03T22:06:31.607+0000][100.343s][info][gc,phases   ] GC(7) Y: Concurrent Select Relocation Set 49.094ms
[2026-10-03T22:06:31.607+0000][100.343s][info][gc,phases   ] GC(7) Y: Pause Relocate Start 0.009ms
[2026-10-03T22:06:31.760+0000][100.496s][info][gc,phases   ] GC(7) Y: Concurrent Relocate 152.215ms
[2026-10-03T22:06:31.760+0000][100.496s][info][gc,alloc    ] GC(7) Y:                         Mark Start        Mark End      Relocate Start    Relocate End   
[2026-10-03T22:06:31.760+0000][100.496s][info][gc,alloc    ] GC(7) Y: Allocation Stalls:          0                0                0                0         
[2026-10-03T22:06:31.760+0000][100.496s][info][gc,load     ] GC(7) Y: Load: 2.79 (56%) / 1.35 (27%) / 0.57 (11%)
[2026-10-03T22:06:31.760+0000][100.496s][info][gc,mmu      ] GC(7) Y: MMU: 2ms/98.6%, 5ms/99.4%, 10ms/99.7%, 20ms/99.9%, 50ms/99.9%, 100ms/99.9%
[2026-10-03T22:06:31.760+0000][100.496s][info][gc,marking  ] GC(7) Y: Mark: 1 stripe(s), 2 proactive flush(es), 1 terminate flush(es), 0 completion(s), 0 continuation(s) 
[2026-10-03T22:06:31.760+0000][100.496s][info][gc,nmethod  ] GC(7) Y: NMethods: 22775 registered, 0 unregistered
[2026-10-03T22:06:31.760+0000][100.496s][info][gc,metaspace] GC(7) Y: Metaspace: 123M used, 124M committed, 1152M reserved
[2026-10-03T22:06:31.760+0000][100.496s][info][gc,reloc    ] GC(7) Y:                        Candidates     Selected     In-Place         Size        Empty    Relocated 
[2026-10-03T22:06:31.760+0000][100.496s][info][gc,reloc    ] GC(7) Y: Small Pages:                  824          609            0        1648M         180M          55M 
[2026-10-03T22:06:31.760+0000][100.496s][info][gc,reloc    ] GC(7) Y: Medium Pages:                   4            2            0         112M          32M           4M 
[2026-10-03T22:06:31.760+0000][100.496s][info][gc,reloc    ] GC(7) Y: Large Pages:                    0            0            0           0M           0M           0M 
[2026-10-03T22:06:31.760+0000][100.496s][info][gc,reloc    ] GC(7) Y: Forwarding Usage: 30M
[2026-10-03T22:06:31.760+0000][100.496s][info][gc,reloc    ] GC(7) Y: Age Table:
[2026-10-03T22:06:31.760+0000][100.496s][info][gc,reloc    ] GC(7) Y:                    Live             Garbage             Small              Medium             Large        
[2026-10-03T22:06:31.760+0000][100.496s][info][gc,reloc    ] GC(7) Y: Eden              81M (3%)         1416M (46%)        733 / 597            1 / 1              0 / 0        
[2026-10-03T22:06:31.760+0000][100.496s][info][gc,reloc    ] GC(7) Y: Survivor 1        38M (1%)           49M (2%)          28 / 5              1 / 0              0 / 0        
[2026-10-03T22:06:31.760+0000][100.496s][info][gc,reloc    ] GC(7) Y: Survivor 2        39M (1%)           38M (1%)          23 / 3              1 / 1              0 / 0        
[2026-10-03T22:06:31.760+0000][100.496s][info][gc,reloc    ] GC(7) Y: Survivor 3        44M (1%)           21M (1%)          25 / 3              1 / 0              0 / 0        
[2026-10-03T22:06:31.760+0000][100.496s][info][gc,reloc    ] GC(7) Y: Survivor 4        26M (1%)            3M (0%)          15 / 1              0 / 0              0 / 0        
[2026-10-03T22:06:31.760+0000][100.496s][info][gc,heap     ] GC(7) Y: Min Capacity: 512M(17%)
[2026-10-03T22:06:31.760+0000][100.496s][info][gc,heap     ] GC(7) Y: Max Capacity: 3072M(100%)
[2026-10-03T22:06:31.760+0000][100.496s][info][gc,heap     ] GC(7) Y: Soft Max Capacity: 3072M(100%)
[2026-10-03T22:06:31.760+0000][100.496s][info][gc,heap     ] GC(7) Y: Heap Statistics:
[2026-10-03T22:06:31.760+0000][100.496s][info][gc,heap     ] GC(7) Y:                Mark Start          Mark End        Relocate Start      Relocate End           High               Low         
[2026-10-03T22:06:31.761+0000][100.496s][info][gc,heap     ] GC(7) Y:  Capacity:     2118M (69%)        2244M (73%)        2244M (73%)        2244M (73%)        2244M (73%)        2118M (69%)    
[2026-10-03T22:06:31.761+0000][100.496s][info][gc,heap     ] GC(7) Y:      Free:     1148M (37%)         828M (27%)        1030M (34%)        2194M (71%)        2208M (72%)         828M (27%)    
[2026-10-03T22:06:31.761+0000][100.496s][info][gc,heap     ] GC(7) Y:      Used:     1924M (63%)        2244M (73%)        2042M (66%)         878M (29%)        2244M (73%)         864M (28%)    
[2026-10-03T22:06:31.761+0000][100.496s][info][gc,heap     ] GC(7) Y: Young Generation Statistics:
[2026-10-03T22:06:31.761+0000][100.496s][info][gc,heap     ] GC(7) Y:                Mark Start          Mark End        Relocate Start      Relocate End    
[2026-10-03T22:06:31.761+0000][100.496s][info][gc,heap     ] GC(7) Y:      Used:     1760M (57%)        2080M (68%)        1806M (59%)         624M (20%)    
[2026-10-03T22:06:31.761+0000][100.496s][info][gc,heap     ] GC(7) Y:      Live:         -               231M (8%)          160M (5%)          159M (5%)     
[2026-10-03T22:06:31.761+0000][100.496s][info][gc,heap     ] GC(7) Y:   Garbage:         -              1528M (50%)        1315M (43%)          10M (0%)     
[2026-10-03T22:06:31.761+0000][100.496s][info][gc,heap     ] GC(7) Y: Allocated:         -               320M (10%)         330M (11%)         453M (15%)    
[2026-10-03T22:06:31.761+0000][100.496s][info][gc,heap     ] GC(7) Y: Reclaimed:         -                  -               213M (7%)         1518M (49%)    
[2026-10-03T22:06:31.761+0000][100.496s][info][gc,heap     ] GC(7) Y:  Promoted:         -                  -                70M (2%)           71M (2%)     
[2026-10-03T22:06:31.761+0000][100.496s][info][gc,heap     ] GC(7) Y: Compacted:         -                  -                  -                88M (3%)     
[2026-10-03T22:06:31.761+0000][100.496s][info][gc,phases   ] GC(7) Y: Young Generation 1922M(63%)->878M(29%) 0.776s
[2026-10-03T22:06:31.761+0000][100.496s][info][gc,phases   ] GC(7) O: Old Generation
[2026-10-03T22:06:31.863+0000][100.599s][info][gc,phases   ] GC(7) O: Concurrent Mark 102.641ms
[2026-10-03T22:06:31.863+0000][100.599s][info][gc,phases   ] GC(7) O: Pause Mark End 0.014ms
[2026-10-03T22:06:31.865+0000][100.601s][info][gc,phases   ] GC(7) O: Concurrent Mark Free 0.002ms
[2026-10-03T22:06:31.940+0000][100.675s][info][gc,phases   ] GC(7) O: Concurrent Process Non-Strong 74.345ms
[2026-10-03T22:06:31.940+0000][100.676s][info][gc,phases   ] GC(7) O: Concurrent Reset Relocation Set 0.001ms
[2026-10-03T22:06:31.944+0000][100.680s][info][gc,phases   ] GC(7) O: Concurrent Select Relocation Set 4.364ms
[2026-10-03T22:06:31.944+0000][100.680s][info][gc,task     ] GC(7) O: Using 1 Workers for Old Generation
[2026-10-03T22:06:31.962+0000][100.697s][info][gc,task     ] GC(7) O: Using 1 Workers for Old Generation
[2026-10-03T22:06:31.962+0000][100.697s][info][gc,phases   ] GC(7) O: Concurrent Remap Roots 17.593ms
[2026-10-03T22:06:31.964+0000][100.700s][info][gc,phases   ] GC(7) O: Pause Relocate Start 0.012ms
[2026-10-03T22:06:31.981+0000][100.717s][info][gc,phases   ] GC(7) O: Concurrent Relocate 16.800ms
[2026-10-03T22:06:31.981+0000][100.717s][info][gc,alloc    ] GC(7) O:                         Mark Start        Mark End      Relocate Start    Relocate End   
[2026-10-03T22:06:31.981+0000][100.717s][info][gc,alloc    ] GC(7) O: Allocation Stalls:          0                0                0                0         
[2026-10-03T22:06:31.981+0000][100.717s][info][gc,load     ] GC(7) O: Load: 2.79 (56%) / 1.35 (27%) / 0.57 (11%)
[2026-10-03T22:06:31.981+0000][100.717s][info][gc,mmu      ] GC(7) O: MMU: 2ms/98.6%, 5ms/99.4%, 10ms/99.7%, 20ms/99.9%, 50ms/99.9%, 100ms/99.9%
[2026-10-03T22:06:31.981+0000][100.717s][info][gc,marking  ] GC(7) O: Mark: 1 stripe(s), 2 proactive flush(es), 1 terminate flush(es), 0 completion(s), 0 continuation(s) 
[2026-10-03T22:06:31.981+0000][100.717s][info][gc,nmethod  ] GC(7) O: NMethods: 16719 registered, 6112 unregistered
[2026-10-03T22:06:31.981+0000][100.717s][info][gc,metaspace] GC(7) O: Metaspace: 123M used, 124M committed, 1152M reserved
[2026-10-03T22:06:31.981+0000][100.717s][info][gc,ref      ] GC(7) O:                       Encountered   Discovered     Enqueued 
[2026-10-03T22:06:31.981+0000][100.717s][info][gc,ref      ] GC(7) O: Soft References:             4529            0            0 
[2026-10-03T22:06:31.981+0000][100.717s][info][gc,ref      ] GC(7) O: Weak References:            46935         5092         1345 
[2026-10-03T22:06:31.981+0000][100.717s][info][gc,ref      ] GC(7) O: Final References:              59           33            0 
[2026-10-03T22:06:31.981+0000][100.717s][info][gc,ref      ] GC(7) O: Phantom References:           836          256           51 
[2026-10-03T22:06:31.981+0000][100.717s][info][gc,reloc    ] GC(7) O:                        Candidates     Selected     In-Place         Size        Empty    Relocated 
[2026-10-03T22:06:31.981+0000][100.717s][info][gc,reloc    ] GC(7) O: Small Pages:                   44           10            0          88M           0M           4M 
[2026-10-03T22:06:31.981+0000][100.717s][info][gc,reloc    ] GC(7) O: Medium Pages:                   2            1            0          64M           0M           3M 
[2026-10-03T22:06:31.981+0000][100.717s][info][gc,reloc    ] GC(7) O: Large Pages:                    1            0            0          12M           0M           0M 
[2026-10-03T22:06:31.981+0000][100.717s][info][gc,reloc    ] GC(7) O: Forwarding Usage: 4M
[2026-10-03T22:06:31.981+0000][100.717s][info][gc,heap     ] GC(7) O: Min Capacity: 512M(17%)
[2026-10-03T22:06:31.981+0000][100.717s][info][gc,heap     ] GC(7) O: Max Capacity: 3072M(100%)
[2026-10-03T22:06:31.981+0000][100.717s][info][gc,heap     ] GC(7) O: Soft Max Capacity: 3072M(100%)
[2026-10-03T22:06:31.981+0000][100.717s][info][gc,heap     ] GC(7) O: Heap Statistics:
[2026-10-03T22:06:31.981+0000][100.717s][info][gc,heap     ] GC(7) O:                Mark Start          Mark End        Relocate Start      Relocate End           High               Low         
[2026-10-03T22:06:31.981+0000][100.717s][info][gc,heap     ] GC(7) O:  Capacity:     2118M (69%)        2244M (73%)        2244M (73%)        2244M (73%)        2244M (73%)        2118M (69%)    
[2026-10-03T22:06:31.981+0000][100.717s][info][gc,heap     ] GC(7) O:      Free:     1148M (37%)        2164M (70%)        2140M (70%)        2180M (71%)        2208M (72%)         828M (27%)    
[2026-10-03T22:06:31.981+0000][100.717s][info][gc,heap     ] GC(7) O:      Used:     1924M (63%)         908M (30%)         932M (30%)         892M (29%)        2244M (73%)         864M (28%)    
[2026-10-03T22:06:31.981+0000][100.717s][info][gc,heap     ] GC(7) O: Old Generation Statistics:
[2026-10-03T22:06:31.981+0000][100.717s][info][gc,heap     ] GC(7) O:                Mark Start          Mark End        Relocate Start      Relocate End    
[2026-10-03T22:06:31.981+0000][100.717s][info][gc,heap     ] GC(7) O:      Used:      164M (5%)          254M (8%)          254M (8%)          206M (7%)     
[2026-10-03T22:06:31.981+0000][100.717s][info][gc,heap     ] GC(7) O:      Live:         -                76M (2%)           76M (2%)           76M (2%)     
[2026-10-03T22:06:31.981+0000][100.717s][info][gc,heap     ] GC(7) O:   Garbage:         -                87M (3%)           87M (3%)            5M (0%)     
[2026-10-03T22:06:31.981+0000][100.717s][info][gc,heap     ] GC(7) O: Allocated:         -                90M (3%)           90M (3%)          123M (4%)     
[2026-10-03T22:06:31.981+0000][100.717s][info][gc,heap     ] GC(7) O: Reclaimed:         -                  -                 0M (0%)           81M (3%)     
[2026-10-03T22:06:31.981+0000][100.717s][info][gc,heap     ] GC(7) O: Compacted:         -                  -                  -                16M (1%)     
[2026-10-03T22:06:31.981+0000][100.717s][info][gc,phases   ] GC(7) O: Old Generation 878M(29%)->892M(29%) 0.220s
[2026-10-03T22:06:31.981+0000][100.717s][info][gc          ] GC(7) Major Collection (Allocation Rate) 1922M(63%)->892M(29%) 0.997s
[2026-10-03T22:06:49.178+0000][117.914s][info][gc,exit     ] Stopping ZGC
[2026-10-03T22:06:49.178+0000][117.914s][info][gc,stats    ] === Garbage Collection Statistics =======================================================================================================================
[2026-10-03T22:06:49.178+0000][117.914s][info][gc,stats    ]                                                              Last 10s              Last 10m              Last 10h                Total
[2026-10-03T22:06:49.178+0000][117.914s][info][gc,stats    ]                                                              Avg / Max             Avg / Max             Avg / Max             Avg / Max
[2026-10-03T22:06:49.178+0000][117.914s][info][gc,stats    ]        Contention: Mark Segment Reset Contention                     0 / 0                 0 / 0                 0 / 0                 0 / 0           ops/s
[2026-10-03T22:06:49.178+0000][117.914s][info][gc,stats    ]        Contention: Mark SeqNum Reset Contention                      0 / 0                 0 / 0                 0 / 0                 0 / 0           ops/s
[2026-10-03T22:06:49.178+0000][117.914s][info][gc,stats    ]          Critical: Allocation Stall                                  0 / 0                 0 / 0                 0 / 0                 0 / 0           ops/s
[2026-10-03T22:06:49.178+0000][117.914s][info][gc,stats    ]          Critical: Allocation Stall                              0.000 / 0.000         0.000 / 0.000         0.000 / 0.000         0.000 / 0.000       ms
[2026-10-03T22:06:49.178+0000][117.914s][info][gc,stats    ]          Critical: JNI Critical Stall                                0 / 0                 0 / 1                 0 / 1                 0 / 1           ops/s
[2026-10-03T22:06:49.178+0000][117.914s][info][gc,stats    ]          Critical: JNI Critical Stall                            0.000 / 0.000         0.424 / 1.109         0.424 / 1.109         0.424 / 1.109       ms
[2026-10-03T22:06:49.178+0000][117.914s][info][gc,stats    ]          Critical: Relocation Stall                                  0 / 0                 0 / 0                 0 / 0                 0 / 0           ops/s
[2026-10-03T22:06:49.178+0000][117.914s][info][gc,stats    ]          Critical: Relocation Stall                              0.000 / 0.000         0.000 / 0.000         0.000 / 0.000         0.000 / 0.000       ms
[2026-10-03T22:06:49.178+0000][117.914s][info][gc,stats    ]  Major Collection: Major Collection                              0.000 / 0.000       388.606 / 997.010     388.606 / 997.010     388.606 / 997.010     ms
[2026-10-03T22:06:49.178+0000][117.914s][info][gc,stats    ]            Memory: Allocation Rate                                  96 / 770              68 / 770              68 / 770              68 / 770         MB/s
[2026-10-03T22:06:49.178+0000][117.914s][info][gc,stats    ]            Memory: Defragment                                        0 / 0                 0 / 0                 0 / 0                 0 / 0           ops/s
[2026-10-03T22:06:49.178+0000][117.914s][info][gc,stats    ]            Memory: Mapped Cache Harvest                              0 / 0                 0 / 0                 0 / 0                 0 / 0           MB/s
[2026-10-03T22:06:49.178+0000][117.914s][info][gc,stats    ]            Memory: Out Of Memory                                     0 / 0                 0 / 0                 0 / 0                 0 / 0           ops/s
[2026-10-03T22:06:49.178+0000][117.914s][info][gc,stats    ]            Memory: Uncommit                                          0 / 0                 0 / 0                 0 / 0                 0 / 0           MB/s
[2026-10-03T22:06:49.178+0000][117.914s][info][gc,stats    ]            Memory: Undo Object Allocation Failed                     0 / 0                 0 / 0                 0 / 0                 0 / 0           ops/s
[2026-10-03T22:06:49.178+0000][117.914s][info][gc,stats    ]            Memory: Undo Object Allocation Succeeded                  0 / 0                 0 / 3                 0 / 3                 0 / 3           ops/s
[2026-10-03T22:06:49.178+0000][117.914s][info][gc,stats    ]            Memory: Undo Page Allocation                              0 / 2                 0 / 2                 0 / 2                 0 / 2           ops/s
[2026-10-03T22:06:49.178+0000][117.914s][info][gc,stats    ]  Minor Collection: Minor Collection                              0.000 / 0.000       776.149 / 928.143     776.149 / 928.143     776.149 / 928.143     ms
[2026-10-03T22:06:49.178+0000][117.914s][info][gc,stats    ]    Old Generation: Old Generation                                0.000 / 0.000        61.267 / 220.453      61.267 / 220.453      61.267 / 220.453     ms
[2026-10-03T22:06:49.178+0000][117.914s][info][gc,stats    ]         Old Pause: Pause Mark End                                0.000 / 0.000         0.012 / 0.014         0.012 / 0.014         0.012 / 0.014       ms
[2026-10-03T22:06:49.178+0000][117.914s][info][gc,stats    ]         Old Pause: Pause Relocate Start                          0.000 / 0.000         0.010 / 0.012         0.010 / 0.012         0.010 / 0.012       ms
[2026-10-03T22:06:49.178+0000][117.914s][info][gc,stats    ]         Old Phase: Concurrent Mark                               0.000 / 0.000        18.373 / 102.641      18.373 / 102.641      18.373 / 102.641     ms
[2026-10-03T22:06:49.178+0000][117.914s][info][gc,stats    ]         Old Phase: Concurrent Mark Continue                      0.000 / 0.000         0.000 / 0.000         0.000 / 0.000         0.000 / 0.000       ms
[2026-10-03T22:06:49.178+0000][117.914s][info][gc,stats    ]         Old Phase: Concurrent Mark Free                          0.000 / 0.000         0.001 / 0.002         0.001 / 0.002         0.001 / 0.002       ms
[2026-10-03T22:06:49.178+0000][117.914s][info][gc,stats    ]         Old Phase: Concurrent Process Non-Strong                 0.000 / 0.000        28.043 / 74.345       28.043 / 74.345       28.043 / 74.345      ms
[2026-10-03T22:06:49.178+0000][117.914s][info][gc,stats    ]         Old Phase: Concurrent Relocate                           0.000 / 0.000         2.879 / 16.800        2.879 / 16.800        2.879 / 16.800      ms
[2026-10-03T22:06:49.178+0000][117.914s][info][gc,stats    ]         Old Phase: Concurrent Remap Roots                        0.000 / 0.000         8.740 / 21.338        8.740 / 21.338        8.740 / 21.338      ms
[2026-10-03T22:06:49.178+0000][117.914s][info][gc,stats    ]         Old Phase: Concurrent Reset Relocation Set               0.000 / 0.000         0.001 / 0.001         0.001 / 0.001         0.001 / 0.001       ms
[2026-10-03T22:06:49.178+0000][117.914s][info][gc,stats    ]         Old Phase: Concurrent Select Relocation Set              0.000 / 0.000         1.156 / 4.364         1.156 / 4.364         1.156 / 4.364       ms
[2026-10-03T22:06:49.178+0000][117.914s][info][gc,stats    ]      Old Subphase: Concurrent Classes Purge                      0.000 / 0.000         2.594 / 10.770        2.594 / 10.770        2.594 / 10.770      ms
[2026-10-03T22:06:49.178+0000][117.914s][info][gc,stats    ]      Old Subphase: Concurrent Classes Unlink                     0.000 / 0.000        22.184 / 59.765       22.184 / 59.765       22.184 / 59.765      ms
[2026-10-03T22:06:49.178+0000][117.914s][info][gc,stats    ]      Old Subphase: Concurrent Mark Follow                        0.000 / 0.000        16.860 / 98.846       16.860 / 98.846       16.860 / 98.846      ms
[2026-10-03T22:06:49.178+0000][117.914s][info][gc,stats    ]      Old Subphase: Concurrent Mark Root Colored                  0.000 / 0.000         0.098 / 0.199         0.098 / 0.199         0.098 / 0.199       ms
[2026-10-03T22:06:49.178+0000][117.914s][info][gc,stats    ]      Old Subphase: Concurrent Mark Root Uncolored                0.000 / 0.000         0.387 / 1.863         0.387 / 1.863         0.387 / 1.863       ms
[2026-10-03T22:06:49.178+0000][117.914s][info][gc,stats    ]      Old Subphase: Concurrent Mark Roots                         0.000 / 0.000         1.511 / 3.792         1.511 / 3.792         1.511 / 3.792       ms
[2026-10-03T22:06:49.178+0000][117.914s][info][gc,stats    ]      Old Subphase: Concurrent References Enqueue                 0.000 / 0.000         0.003 / 0.015         0.003 / 0.015         0.003 / 0.015       ms
[2026-10-03T22:06:49.178+0000][117.914s][info][gc,stats    ]      Old Subphase: Concurrent References Process                 0.000 / 0.000         0.147 / 0.723         0.147 / 0.723         0.147 / 0.723       ms
[2026-10-03T22:06:49.178+0000][117.914s][info][gc,stats    ]      Old Subphase: Concurrent Remap Remembered                   0.000 / 0.000         2.082 / 9.889         2.082 / 9.889         2.082 / 9.889       ms
[2026-10-03T22:06:49.178+0000][117.914s][info][gc,stats    ]      Old Subphase: Concurrent Remap Roots Colored                0.000 / 0.000         1.347 / 3.271         1.347 / 3.271         1.347 / 3.271       ms
[2026-10-03T22:06:49.178+0000][117.914s][info][gc,stats    ]      Old Subphase: Concurrent Remap Roots Uncolored              0.000 / 0.000         5.061 / 11.618        5.061 / 11.618        5.061 / 11.618      ms
[2026-10-03T22:06:49.178+0000][117.914s][info][gc,stats    ]      Old Subphase: Concurrent Roots ClassLoaderDataGraph         0.000 / 0.000         0.452 / 2.079         0.452 / 2.079         0.452 / 2.079       ms
[2026-10-03T22:06:49.178+0000][117.914s][info][gc,stats    ]      Old Subphase: Concurrent Roots CodeCache                    0.000 / 0.000         5.057 / 11.609        5.057 / 11.609        5.057 / 11.609      ms
[2026-10-03T22:06:49.178+0000][117.914s][info][gc,stats    ]      Old Subphase: Concurrent Roots JavaThreads                  0.000 / 0.000         0.132 / 1.863         0.132 / 1.863         0.132 / 1.863       ms
[2026-10-03T22:06:49.178+0000][117.914s][info][gc,stats    ]      Old Subphase: Concurrent Roots OopStorageSet                0.000 / 0.000         0.013 / 0.042         0.013 / 0.042         0.013 / 0.042       ms
[2026-10-03T22:06:49.178+0000][117.914s][info][gc,stats    ]      Old Subphase: Concurrent Weak Roots OopStorageSet           0.000 / 0.000         1.397 / 6.459         1.397 / 6.459         1.397 / 6.459       ms
[2026-10-03T22:06:49.178+0000][117.914s][info][gc,stats    ]            System: Java Threads                                      0 / 0                20 / 43               20 / 43               20 / 43          threads
[2026-10-03T22:06:49.178+0000][117.914s][info][gc,stats    ]  Young Generation: Young Generation                              0.000 / 0.000       326.923 / 776.187     326.923 / 776.187     326.923 / 776.187     ms
[2026-10-03T22:06:49.179+0000][117.914s][info][gc,stats    ]  Young Generation: Young Generation                              0.000 / 0.000       775.933 / 927.899     775.933 / 927.899     775.933 / 927.899     ms
[2026-10-03T22:06:49.179+0000][117.914s][info][gc,stats    ]  Young Generation: Young Generation (Collect Roots)              0.000 / 0.000         0.000 / 0.000         0.000 / 0.000         0.000 / 0.000       ms
[2026-10-03T22:06:49.179+0000][117.914s][info][gc,stats    ]  Young Generation: Young Generation (Promote All)                0.000 / 0.000         0.000 / 0.000         0.000 / 0.000         0.000 / 0.000       ms
[2026-10-03T22:06:49.179+0000][117.914s][info][gc,stats    ]       Young Pause: Pause Mark End                                0.000 / 0.000         0.014 / 0.017         0.014 / 0.017         0.014 / 0.017       ms
[2026-10-03T22:06:49.179+0000][117.914s][info][gc,stats    ]       Young Pause: Pause Mark Start                              0.000 / 0.000         0.013 / 0.014         0.013 / 0.014         0.013 / 0.014       ms
[2026-10-03T22:06:49.179+0000][117.914s][info][gc,stats    ]       Young Pause: Pause Mark Start (Major)                      0.000 / 0.000         0.014 / 0.022         0.014 / 0.022         0.014 / 0.022       ms
[2026-10-03T22:06:49.179+0000][117.914s][info][gc,stats    ]       Young Pause: Pause Relocate Start                          0.000 / 0.000         0.011 / 0.028         0.011 / 0.028         0.011 / 0.028       ms
[2026-10-03T22:06:49.179+0000][117.914s][info][gc,stats    ]       Young Phase: Concurrent Mark                               0.000 / 0.000       343.688 / 724.453     343.688 / 724.453     343.688 / 724.453     ms
[2026-10-03T22:06:49.179+0000][117.914s][info][gc,stats    ]       Young Phase: Concurrent Mark Continue                      0.000 / 0.000         0.000 / 0.000         0.000 / 0.000         0.000 / 0.000       ms
[2026-10-03T22:06:49.179+0000][117.914s][info][gc,stats    ]       Young Phase: Concurrent Mark Free                          0.000 / 0.000         0.001 / 0.002         0.001 / 0.002         0.001 / 0.002       ms
[2026-10-03T22:06:49.179+0000][117.914s][info][gc,stats    ]       Young Phase: Concurrent Relocate                           0.000 / 0.000        76.167 / 152.215      76.167 / 152.215      76.167 / 152.215     ms
[2026-10-03T22:06:49.179+0000][117.914s][info][gc,stats    ]       Young Phase: Concurrent Reset Relocation Set               0.000 / 0.000         0.020 / 0.050         0.020 / 0.050         0.020 / 0.050       ms
[2026-10-03T22:06:49.179+0000][117.915s][info][gc,stats    ]       Young Phase: Concurrent Select Relocation Set              0.000 / 0.000        13.795 / 49.094       13.795 / 49.094       13.795 / 49.094      ms
[2026-10-03T22:06:49.179+0000][117.915s][info][gc,stats    ]    Young Subphase: Concurrent Mark Follow                        0.000 / 0.000       317.584 / 625.608     317.584 / 625.608     317.584 / 625.608     ms
[2026-10-03T22:06:49.179+0000][117.915s][info][gc,stats    ]    Young Subphase: Concurrent Mark Root Colored                  0.000 / 0.000         7.832 / 28.126        7.832 / 28.126        7.832 / 28.126      ms
[2026-10-03T22:06:49.179+0000][117.915s][info][gc,stats    ]    Young Subphase: Concurrent Mark Root Uncolored                0.000 / 0.000        17.330 / 65.951       17.330 / 65.951       17.330 / 65.951      ms
[2026-10-03T22:06:49.179+0000][117.915s][info][gc,stats    ]    Young Subphase: Concurrent Mark Roots                         0.000 / 0.000        26.101 / 98.841       26.101 / 98.841       26.101 / 98.841      ms
[2026-10-03T22:06:49.179+0000][117.915s][info][gc,stats    ]    Young Subphase: Concurrent Relocate Remset FP                 0.000 / 0.000        14.934 / 58.836       14.934 / 58.836       14.934 / 58.836      ms
[2026-10-03T22:06:49.179+0000][117.915s][info][gc,stats    ]    Young Subphase: Concurrent Roots ClassLoaderDataGraph         0.000 / 0.000         2.103 / 9.846         2.103 / 9.846         2.103 / 9.846       ms
[2026-10-03T22:06:49.179+0000][117.915s][info][gc,stats    ]    Young Subphase: Concurrent Roots CodeCache                    0.000 / 0.000        15.597 / 55.511       15.597 / 55.511       15.597 / 55.511      ms
[2026-10-03T22:06:49.179+0000][117.915s][info][gc,stats    ]    Young Subphase: Concurrent Roots JavaThreads                  0.000 / 0.000         0.868 / 10.438        0.868 / 10.438        0.868 / 10.438      ms
[2026-10-03T22:06:49.179+0000][117.915s][info][gc,stats    ]    Young Subphase: Concurrent Roots OopStorageSet                0.000 / 0.000         0.091 / 0.163         0.091 / 0.163         0.091 / 0.163       ms
[2026-10-03T22:06:49.179+0000][117.915s][info][gc,stats    ]    Young Subphase: Concurrent Weak Roots OopStorageSet           0.000 / 0.000         5.635 / 18.114        5.635 / 18.114        5.635 / 18.114      ms
[2026-10-03T22:06:49.179+0000][117.915s][info][gc,stats    ] =========================================================================================================================================================
[2026-10-03T22:06:49.179+0000][117.915s][info][gc,exit     ] Heap
[2026-10-03T22:06:49.179+0000][117.915s][info][gc,exit     ]  ZHeap           used 2008M, capacity 2244M, max capacity 3072M
[2026-10-03T22:06:49.179+0000][117.915s][info][gc,exit     ]   Cache          236M (2)
[2026-10-03T22:06:49.179+0000][117.915s][info][gc,exit     ]    size classes  64M (1), 128M (1)
[2026-10-03T22:06:49.179+0000][117.915s][info][gc,exit     ]  Metaspace       used 126679K, committed 127872K, reserved 1179648K
[2026-10-03T22:06:49.179+0000][117.915s][info][gc,exit     ]   class space    used 21132K, committed 21632K, reserved 1048576K
