[2026-10-03T23:46:58.552+0000][0.005s][info][gc,init] Initializing The Z Garbage Collector
[2026-10-03T23:46:58.552+0000][0.005s][info][gc,init] Version: 25.0.4.1+1-LTS-5 (release)
[2026-10-03T23:46:58.552+0000][0.005s][info][gc,init] NUMA Support: Disabled
[2026-10-03T23:46:58.552+0000][0.005s][info][gc,init] CPUs: 5 total, 4 available
[2026-10-03T23:46:58.552+0000][0.005s][info][gc,init] Memory: 16384M
[2026-10-03T23:46:58.552+0000][0.005s][info][gc,init] Large Page Support: Disabled
[2026-10-03T23:46:58.552+0000][0.005s][info][gc,init] Address Space Size: unlimited
[2026-10-03T23:46:58.552+0000][0.005s][info][gc,init] Reserved Space Type: Contiguous/Unrestricted/Complete
[2026-10-03T23:46:58.552+0000][0.005s][info][gc,init] Reserved Space Size: 48G
[2026-10-03T23:46:58.552+0000][0.005s][info][gc,init] Heap Backing File: /memfd:java_heap
[2026-10-03T23:46:58.552+0000][0.005s][info][gc,init] Heap Backing Filesystem: tmpfs (0x1021994)
[2026-10-03T23:46:58.552+0000][0.005s][info][gc,init] Min Capacity: 512M
[2026-10-03T23:46:58.552+0000][0.005s][info][gc,init] Initial Capacity: 512M
[2026-10-03T23:46:58.552+0000][0.005s][info][gc,init] Max Capacity: 3072M
[2026-10-03T23:46:58.552+0000][0.005s][info][gc,init] Soft Max Capacity: 3072M
[2026-10-03T23:46:58.552+0000][0.005s][info][gc,init] Page Size Medium: Range [4M, 32M]
[2026-10-03T23:46:58.552+0000][0.005s][info][gc,init] Pre-touch: Disabled
[2026-10-03T23:46:58.552+0000][0.005s][info][gc,init] Available space on backing filesystem: N/A
[2026-10-03T23:46:58.552+0000][0.005s][info][gc,init] Uncommit: Enabled
[2026-10-03T23:46:58.552+0000][0.005s][info][gc,init] Uncommit Delay: 300s
[2026-10-03T23:46:58.552+0000][0.005s][info][gc,init] GC Workers for Old Generation: 1 (dynamic)
[2026-10-03T23:46:58.552+0000][0.006s][info][gc,init] GC Workers for Young Generation: 1 (dynamic)
[2026-10-03T23:46:58.589+0000][0.042s][info][gc,init] GC Workers Max: 1 (dynamic)
[2026-10-03T23:46:58.590+0000][0.043s][info][gc,init] Runtime Workers: 3
[2026-10-03T23:46:58.590+0000][0.043s][info][gc     ] Using The Z Garbage Collector
[2026-10-03T23:46:58.593+0000][0.047s][info][gc,metaspace] CDS archive(s) mapped at: [0x000000003d000000-0x000000003dd94000-0x000000003dd94000), size 14237696, SharedBaseAddress: 0x000000003d000000, ArchiveRelocationMode: 1.
[2026-10-03T23:46:58.593+0000][0.047s][info][gc,metaspace] Compressed class space mapped at: 0x000000003e000000-0x000000007e000000, reserved size: 1073741824
[2026-10-03T23:46:58.593+0000][0.047s][info][gc,metaspace] UseCompressedClassPointers 1, UseCompactObjectHeaders 0
[2026-10-03T23:46:58.593+0000][0.047s][info][gc,metaspace] Narrow klass pointer bits 32, Max shift 3
[2026-10-03T23:46:58.593+0000][0.047s][info][gc,metaspace] Narrow klass base: 0x000000003d000000, Narrow klass shift: 0
[2026-10-03T23:46:58.593+0000][0.047s][info][gc,metaspace] Encoding Range: [0x000000003d000000 - 0x000000013d000000), (4294967296 bytes)
[2026-10-03T23:46:58.593+0000][0.047s][info][gc,metaspace] Klass Range:    [0x000000003d001000 - 0x000000007e000000), (1090514944 bytes)
[2026-10-03T23:46:58.593+0000][0.047s][info][gc,metaspace] Klass ID Range:  [4096 - 1090519033) (1090514937)
[2026-10-03T23:46:58.594+0000][0.047s][info][gc,metaspace] Protection zone: [0x000000003d000000 - 0x000000003d001000), (4096 bytes)
[2026-10-03T23:47:51.683+0000][53.136s][info][gc          ] GC(0) Major Collection (Metadata GC Threshold)
[2026-10-03T23:47:51.683+0000][53.136s][info][gc,task     ] GC(0) Using 1 Workers for Young Generation
[2026-10-03T23:47:51.683+0000][53.136s][info][gc,task     ] GC(0) Using 1 Workers for Old Generation
[2026-10-03T23:47:51.683+0000][53.136s][info][gc,phases   ] GC(0) Y: Young Generation
[2026-10-03T23:47:51.683+0000][53.136s][info][gc,phases   ] GC(0) Y: Pause Mark Start (Major) 0.017ms
[2026-10-03T23:47:51.723+0000][53.176s][info][gc,phases   ] GC(0) Y: Concurrent Mark 39.747ms
[2026-10-03T23:47:51.723+0000][53.176s][info][gc,phases   ] GC(0) Y: Pause Mark End 0.010ms
[2026-10-03T23:47:51.723+0000][53.176s][info][gc,phases   ] GC(0) Y: Concurrent Mark Free 0.001ms
[2026-10-03T23:47:51.723+0000][53.176s][info][gc,phases   ] GC(0) Y: Concurrent Reset Relocation Set 0.009ms
[2026-10-03T23:47:51.723+0000][53.176s][info][gc,reloc    ] GC(0) Y: Using tenuring threshold: 1 (Computed)
[2026-10-03T23:47:51.730+0000][53.184s][info][gc,phases   ] GC(0) Y: Concurrent Select Relocation Set 7.468ms
[2026-10-03T23:47:51.731+0000][53.184s][info][gc,phases   ] GC(0) Y: Pause Relocate Start 0.006ms
[2026-10-03T23:47:51.747+0000][53.200s][info][gc,phases   ] GC(0) Y: Concurrent Relocate 16.499ms
[2026-10-03T23:47:51.747+0000][53.200s][info][gc,alloc    ] GC(0) Y:                         Mark Start        Mark End      Relocate Start    Relocate End   
[2026-10-03T23:47:51.747+0000][53.200s][info][gc,alloc    ] GC(0) Y: Allocation Stalls:          0                0                0                0         
[2026-10-03T23:47:51.747+0000][53.200s][info][gc,load     ] GC(0) Y: Load: 1.21 (24%) / 1.54 (31%) / 1.17 (23%)
[2026-10-03T23:47:51.747+0000][53.200s][info][gc,mmu      ] GC(0) Y: MMU: 2ms/99.1%, 5ms/99.7%, 10ms/99.8%, 20ms/99.9%, 50ms/99.9%, 100ms/100.0%
[2026-10-03T23:47:51.747+0000][53.201s][info][gc,marking  ] GC(0) Y: Mark: 1 stripe(s), 2 proactive flush(es), 1 terminate flush(es), 0 completion(s), 0 continuation(s) 
[2026-10-03T23:47:51.747+0000][53.201s][info][gc,nmethod  ] GC(0) Y: NMethods: 3975 registered, 0 unregistered
[2026-10-03T23:47:51.747+0000][53.201s][info][gc,metaspace] GC(0) Y: Metaspace: 21M used, 21M committed, 1088M reserved
[2026-10-03T23:47:51.747+0000][53.201s][info][gc,reloc    ] GC(0) Y:                        Candidates     Selected     In-Place         Size        Empty    Relocated 
[2026-10-03T23:47:51.747+0000][53.201s][info][gc,reloc    ] GC(0) Y: Small Pages:                   67           57            0         134M           0M          11M 
[2026-10-03T23:47:51.747+0000][53.201s][info][gc,reloc    ] GC(0) Y: Medium Pages:                   1            0            0          32M           0M           0M 
[2026-10-03T23:47:51.747+0000][53.201s][info][gc,reloc    ] GC(0) Y: Large Pages:                    1            0            0          12M          12M           0M 
[2026-10-03T23:47:51.747+0000][53.201s][info][gc,reloc    ] GC(0) Y: Forwarding Usage: 4M
[2026-10-03T23:47:51.747+0000][53.201s][info][gc,reloc    ] GC(0) Y: Age Table:
[2026-10-03T23:47:51.747+0000][53.201s][info][gc,reloc    ] GC(0) Y:                    Live             Garbage             Small              Medium             Large        
[2026-10-03T23:47:51.748+0000][53.201s][info][gc,reloc    ] GC(0) Y: Eden              20M (1%)          157M (5%)          67 / 57             1 / 0              1 / 0        
[2026-10-03T23:47:51.748+0000][53.201s][info][gc,heap     ] GC(0) Y: Min Capacity: 512M(17%)
[2026-10-03T23:47:51.748+0000][53.201s][info][gc,heap     ] GC(0) Y: Max Capacity: 3072M(100%)
[2026-10-03T23:47:51.748+0000][53.201s][info][gc,heap     ] GC(0) Y: Soft Max Capacity: 3072M(100%)
[2026-10-03T23:47:51.748+0000][53.201s][info][gc,heap     ] GC(0) Y: Heap Statistics:
[2026-10-03T23:47:51.748+0000][53.201s][info][gc,heap     ] GC(0) Y:                Mark Start          Mark End        Relocate Start      Relocate End           High               Low         
[2026-10-03T23:47:51.748+0000][53.201s][info][gc,heap     ] GC(0) Y:  Capacity:      512M (17%)         512M (17%)         512M (17%)         512M (17%)         512M (17%)         512M (17%)    
[2026-10-03T23:47:51.748+0000][53.201s][info][gc,heap     ] GC(0) Y:      Free:     2894M (94%)        2890M (94%)        2898M (94%)        3012M (98%)        3012M (98%)        2890M (94%)    
[2026-10-03T23:47:51.748+0000][53.201s][info][gc,heap     ] GC(0) Y:      Used:      178M (6%)          182M (6%)          174M (6%)           60M (2%)          182M (6%)           60M (2%)     
[2026-10-03T23:47:51.748+0000][53.201s][info][gc,heap     ] GC(0) Y: Young Generation Statistics:
[2026-10-03T23:47:51.748+0000][53.201s][info][gc,heap     ] GC(0) Y:                Mark Start          Mark End        Relocate Start      Relocate End    
[2026-10-03T23:47:51.748+0000][53.201s][info][gc,heap     ] GC(0) Y:      Used:      178M (6%)          182M (6%)          174M (6%)           60M (2%)     
[2026-10-03T23:47:51.748+0000][53.201s][info][gc,heap     ] GC(0) Y:      Live:         -                20M (1%)           20M (1%)           20M (1%)     
[2026-10-03T23:47:51.748+0000][53.201s][info][gc,heap     ] GC(0) Y:   Garbage:         -               157M (5%)          145M (5%)           29M (1%)     
[2026-10-03T23:47:51.748+0000][53.201s][info][gc,heap     ] GC(0) Y: Allocated:         -                 4M (0%)            8M (0%)           10M (0%)     
[2026-10-03T23:47:51.748+0000][53.201s][info][gc,heap     ] GC(0) Y: Reclaimed:         -                  -                12M (0%)          128M (4%)     
[2026-10-03T23:47:51.748+0000][53.201s][info][gc,heap     ] GC(0) Y:  Promoted:         -                  -                 0M (0%)            0M (0%)     
[2026-10-03T23:47:51.748+0000][53.201s][info][gc,heap     ] GC(0) Y: Compacted:         -                  -                  -                15M (1%)     
[2026-10-03T23:47:51.748+0000][53.201s][info][gc,phases   ] GC(0) Y: Young Generation 178M(6%)->60M(2%) 0.064s
[2026-10-03T23:47:51.748+0000][53.201s][info][gc,phases   ] GC(0) O: Old Generation
[2026-10-03T23:47:51.748+0000][53.201s][info][gc,phases   ] GC(0) O: Concurrent Mark 0.625ms
[2026-10-03T23:47:51.748+0000][53.201s][info][gc,phases   ] GC(0) O: Pause Mark End 0.008ms
[2026-10-03T23:47:51.748+0000][53.201s][info][gc,phases   ] GC(0) O: Concurrent Mark Free 0.000ms
[2026-10-03T23:47:51.758+0000][53.211s][info][gc,phases   ] GC(0) O: Concurrent Process Non-Strong 9.587ms
[2026-10-03T23:47:51.758+0000][53.211s][info][gc,phases   ] GC(0) O: Concurrent Reset Relocation Set 0.000ms
[2026-10-03T23:47:51.758+0000][53.211s][info][gc,phases   ] GC(0) O: Concurrent Select Relocation Set 0.219ms
[2026-10-03T23:47:51.758+0000][53.211s][info][gc,task     ] GC(0) O: Using 1 Workers for Old Generation
[2026-10-03T23:47:51.760+0000][53.213s][info][gc,task     ] GC(0) O: Using 1 Workers for Old Generation
[2026-10-03T23:47:51.760+0000][53.213s][info][gc,phases   ] GC(0) O: Concurrent Remap Roots 1.490ms
[2026-10-03T23:47:51.760+0000][53.213s][info][gc,phases   ] GC(0) O: Pause Relocate Start 0.006ms
[2026-10-03T23:47:51.760+0000][53.213s][info][gc,phases   ] GC(0) O: Concurrent Relocate 0.011ms
[2026-10-03T23:47:51.760+0000][53.213s][info][gc,alloc    ] GC(0) O:                         Mark Start        Mark End      Relocate Start    Relocate End   
[2026-10-03T23:47:51.760+0000][53.213s][info][gc,alloc    ] GC(0) O: Allocation Stalls:          0                0                0                0         
[2026-10-03T23:47:51.760+0000][53.213s][info][gc,load     ] GC(0) O: Load: 1.21 (24%) / 1.54 (31%) / 1.17 (23%)
[2026-10-03T23:47:51.760+0000][53.213s][info][gc,mmu      ] GC(0) O: MMU: 2ms/99.1%, 5ms/99.7%, 10ms/99.8%, 20ms/99.9%, 50ms/99.9%, 100ms/100.0%
[2026-10-03T23:47:51.760+0000][53.213s][info][gc,marking  ] GC(0) O: Mark: 1 stripe(s), 1 proactive flush(es), 1 terminate flush(es), 0 completion(s), 0 continuation(s) 
[2026-10-03T23:47:51.760+0000][53.213s][info][gc,nmethod  ] GC(0) O: NMethods: 3325 registered, 663 unregistered
[2026-10-03T23:47:51.760+0000][53.213s][info][gc,metaspace] GC(0) O: Metaspace: 21M used, 21M committed, 1088M reserved
[2026-10-03T23:47:51.760+0000][53.213s][info][gc,ref      ] GC(0) O:                       Encountered   Discovered     Enqueued 
[2026-10-03T23:47:51.760+0000][53.213s][info][gc,ref      ] GC(0) O: Soft References:             2976            0            0 
[2026-10-03T23:47:51.760+0000][53.213s][info][gc,ref      ] GC(0) O: Weak References:             1645            0            0 
[2026-10-03T23:47:51.760+0000][53.213s][info][gc,ref      ] GC(0) O: Final References:              33            0            0 
[2026-10-03T23:47:51.760+0000][53.213s][info][gc,ref      ] GC(0) O: Phantom References:           557            0            0 
[2026-10-03T23:47:51.760+0000][53.213s][info][gc,heap     ] GC(0) O: Min Capacity: 512M(17%)
[2026-10-03T23:47:51.760+0000][53.213s][info][gc,heap     ] GC(0) O: Max Capacity: 3072M(100%)
[2026-10-03T23:47:51.760+0000][53.213s][info][gc,heap     ] GC(0) O: Soft Max Capacity: 3072M(100%)
[2026-10-03T23:47:51.760+0000][53.213s][info][gc,heap     ] GC(0) O: Heap Statistics:
[2026-10-03T23:47:51.760+0000][53.213s][info][gc,heap     ] GC(0) O:                Mark Start          Mark End        Relocate Start      Relocate End           High               Low         
[2026-10-03T23:47:51.760+0000][53.213s][info][gc,heap     ] GC(0) O:  Capacity:      512M (17%)         512M (17%)         512M (17%)         512M (17%)         512M (17%)         512M (17%)    
[2026-10-03T23:47:51.760+0000][53.213s][info][gc,heap     ] GC(0) O:      Free:     2894M (94%)        3012M (98%)        3010M (98%)        3010M (98%)        3012M (98%)        2890M (94%)    
[2026-10-03T23:47:51.760+0000][53.213s][info][gc,heap     ] GC(0) O:      Used:      178M (6%)           60M (2%)           62M (2%)           62M (2%)          182M (6%)           60M (2%)     
[2026-10-03T23:47:51.760+0000][53.213s][info][gc,heap     ] GC(0) O: Old Generation Statistics:
[2026-10-03T23:47:51.760+0000][53.213s][info][gc,heap     ] GC(0) O:                Mark Start          Mark End        Relocate Start      Relocate End    
[2026-10-03T23:47:51.760+0000][53.213s][info][gc,heap     ] GC(0) O:      Used:        0M (0%)            0M (0%)            0M (0%)            0M (0%)     
[2026-10-03T23:47:51.760+0000][53.213s][info][gc,heap     ] GC(0) O:      Live:         -                 0M (0%)            0M (0%)            0M (0%)     
[2026-10-03T23:47:51.760+0000][53.213s][info][gc,heap     ] GC(0) O:   Garbage:         -                 0M (0%)            0M (0%)            0M (0%)     
[2026-10-03T23:47:51.760+0000][53.213s][info][gc,heap     ] GC(0) O: Allocated:         -                 0M (0%)            0M (0%)            0M (0%)     
[2026-10-03T23:47:51.760+0000][53.213s][info][gc,heap     ] GC(0) O: Reclaimed:         -                  -                 0M (0%)            0M (0%)     
[2026-10-03T23:47:51.760+0000][53.213s][info][gc,heap     ] GC(0) O: Compacted:         -                  -                  -                 0M (0%)     
[2026-10-03T23:47:51.760+0000][53.213s][info][gc,phases   ] GC(0) O: Old Generation 60M(2%)->62M(2%) 0.012s
[2026-10-03T23:47:51.760+0000][53.213s][info][gc          ] GC(0) Major Collection (Metadata GC Threshold) 178M(6%)->62M(2%) 0.077s
[2026-10-03T23:47:52.349+0000][53.802s][info][gc          ] GC(1) Major Collection (Warmup)
[2026-10-03T23:47:52.349+0000][53.802s][info][gc,task     ] GC(1) Using 1 Workers for Young Generation
[2026-10-03T23:47:52.349+0000][53.802s][info][gc,task     ] GC(1) Using 1 Workers for Old Generation
[2026-10-03T23:47:52.349+0000][53.802s][info][gc,phases   ] GC(1) Y: Young Generation
[2026-10-03T23:47:52.349+0000][53.802s][info][gc,phases   ] GC(1) Y: Pause Mark Start (Major) 0.010ms
[2026-10-03T23:47:52.436+0000][53.889s][info][gc,phases   ] GC(1) Y: Concurrent Mark 85.857ms
[2026-10-03T23:47:52.436+0000][53.889s][info][gc,phases   ] GC(1) Y: Pause Mark End 0.011ms
[2026-10-03T23:47:52.436+0000][53.889s][info][gc,phases   ] GC(1) Y: Concurrent Mark Free 0.000ms
[2026-10-03T23:47:52.436+0000][53.889s][info][gc,phases   ] GC(1) Y: Concurrent Reset Relocation Set 0.008ms
[2026-10-03T23:47:52.436+0000][53.889s][info][gc,reloc    ] GC(1) Y: Using tenuring threshold: 2 (Computed)
[2026-10-03T23:47:52.440+0000][53.893s][info][gc,phases   ] GC(1) Y: Concurrent Select Relocation Set 3.951ms
[2026-10-03T23:47:52.440+0000][53.893s][info][gc,phases   ] GC(1) Y: Pause Relocate Start 0.007ms
[2026-10-03T23:47:52.477+0000][53.930s][info][gc,phases   ] GC(1) Y: Concurrent Relocate 36.434ms
[2026-10-03T23:47:52.477+0000][53.930s][info][gc,alloc    ] GC(1) Y:                         Mark Start        Mark End      Relocate Start    Relocate End   
[2026-10-03T23:47:52.477+0000][53.930s][info][gc,alloc    ] GC(1) Y: Allocation Stalls:          0                0                0                0         
[2026-10-03T23:47:52.477+0000][53.930s][info][gc,load     ] GC(1) Y: Load: 1.21 (24%) / 1.54 (31%) / 1.17 (23%)
[2026-10-03T23:47:52.477+0000][53.930s][info][gc,mmu      ] GC(1) Y: MMU: 2ms/99.1%, 5ms/99.7%, 10ms/99.8%, 20ms/99.9%, 50ms/99.9%, 100ms/100.0%
[2026-10-03T23:47:52.477+0000][53.930s][info][gc,marking  ] GC(1) Y: Mark: 1 stripe(s), 2 proactive flush(es), 1 terminate flush(es), 0 completion(s), 0 continuation(s) 
[2026-10-03T23:47:52.477+0000][53.930s][info][gc,nmethod  ] GC(1) Y: NMethods: 4027 registered, 663 unregistered
[2026-10-03T23:47:52.477+0000][53.930s][info][gc,metaspace] GC(1) Y: Metaspace: 23M used, 24M committed, 1088M reserved
[2026-10-03T23:47:52.477+0000][53.930s][info][gc,reloc    ] GC(1) Y:                        Candidates     Selected     In-Place         Size        Empty    Relocated 
[2026-10-03T23:47:52.477+0000][53.930s][info][gc,reloc    ] GC(1) Y: Small Pages:                  122           92            0         244M          12M          18M 
[2026-10-03T23:47:52.477+0000][53.930s][info][gc,reloc    ] GC(1) Y: Medium Pages:                   2            1            0          64M           0M           3M 
[2026-10-03T23:47:52.477+0000][53.930s][info][gc,reloc    ] GC(1) Y: Large Pages:                    0            0            0           0M           0M           0M 
[2026-10-03T23:47:52.477+0000][53.930s][info][gc,reloc    ] GC(1) Y: Forwarding Usage: 11M
[2026-10-03T23:47:52.477+0000][53.930s][info][gc,reloc    ] GC(1) Y: Age Table:
[2026-10-03T23:47:52.477+0000][53.930s][info][gc,reloc    ] GC(1) Y:                    Live             Garbage             Small              Medium             Large        
[2026-10-03T23:47:52.477+0000][53.930s][info][gc,reloc    ] GC(1) Y: Eden              26M (1%)          229M (7%)         112 / 90             1 / 0              0 / 0        
[2026-10-03T23:47:52.477+0000][53.930s][info][gc,reloc    ] GC(1) Y: Survivor 1        20M (1%)           31M (1%)          10 / 2              1 / 1              0 / 0        
[2026-10-03T23:47:52.477+0000][53.930s][info][gc,heap     ] GC(1) Y: Min Capacity: 512M(17%)
[2026-10-03T23:47:52.477+0000][53.930s][info][gc,heap     ] GC(1) Y: Max Capacity: 3072M(100%)
[2026-10-03T23:47:52.477+0000][53.930s][info][gc,heap     ] GC(1) Y: Soft Max Capacity: 3072M(100%)
[2026-10-03T23:47:52.477+0000][53.930s][info][gc,heap     ] GC(1) Y: Heap Statistics:
[2026-10-03T23:47:52.477+0000][53.930s][info][gc,heap     ] GC(1) Y:                Mark Start          Mark End        Relocate Start      Relocate End           High               Low         
[2026-10-03T23:47:52.477+0000][53.930s][info][gc,heap     ] GC(1) Y:  Capacity:      512M (17%)         512M (17%)         512M (17%)         512M (17%)         512M (17%)         512M (17%)    
[2026-10-03T23:47:52.477+0000][53.930s][info][gc,heap     ] GC(1) Y:      Free:     2764M (90%)        2718M (88%)        2728M (89%)        2896M (94%)        2896M (94%)        2692M (88%)    
[2026-10-03T23:47:52.477+0000][53.930s][info][gc,heap     ] GC(1) Y:      Used:      308M (10%)         354M (12%)         344M (11%)         176M (6%)          380M (12%)         176M (6%)     
[2026-10-03T23:47:52.477+0000][53.930s][info][gc,heap     ] GC(1) Y: Young Generation Statistics:
[2026-10-03T23:47:52.477+0000][53.930s][info][gc,heap     ] GC(1) Y:                Mark Start          Mark End        Relocate Start      Relocate End    
[2026-10-03T23:47:52.477+0000][53.930s][info][gc,heap     ] GC(1) Y:      Used:      308M (10%)         354M (12%)         344M (11%)         176M (6%)     
[2026-10-03T23:47:52.477+0000][53.930s][info][gc,heap     ] GC(1) Y:      Live:         -                46M (2%)           46M (2%)           46M (2%)     
[2026-10-03T23:47:52.477+0000][53.930s][info][gc,heap     ] GC(1) Y:   Garbage:         -               261M (9%)          249M (8%)            0M (0%)     
[2026-10-03T23:47:52.477+0000][53.930s][info][gc,heap     ] GC(1) Y: Allocated:         -                46M (1%)           48M (2%)          128M (4%)     
[2026-10-03T23:47:52.477+0000][53.930s][info][gc,heap     ] GC(1) Y: Reclaimed:         -                  -                12M (0%)          260M (8%)     
[2026-10-03T23:47:52.477+0000][53.930s][info][gc,heap     ] GC(1) Y:  Promoted:         -                  -                 0M (0%)            0M (0%)     
[2026-10-03T23:47:52.477+0000][53.930s][info][gc,heap     ] GC(1) Y: Compacted:         -                  -                  -                31M (1%)     
[2026-10-03T23:47:52.477+0000][53.930s][info][gc,phases   ] GC(1) Y: Young Generation 308M(10%)->176M(6%) 0.128s
[2026-10-03T23:47:52.477+0000][53.930s][info][gc,phases   ] GC(1) O: Old Generation
[2026-10-03T23:47:52.477+0000][53.930s][info][gc,phases   ] GC(1) O: Concurrent Mark 0.203ms
[2026-10-03T23:47:52.477+0000][53.930s][info][gc,phases   ] GC(1) O: Pause Mark End 0.008ms
[2026-10-03T23:47:52.477+0000][53.930s][info][gc,phases   ] GC(1) O: Concurrent Mark Free 0.000ms
[2026-10-03T23:47:52.484+0000][53.937s][info][gc,phases   ] GC(1) O: Concurrent Process Non-Strong 6.466ms
[2026-10-03T23:47:52.484+0000][53.937s][info][gc,phases   ] GC(1) O: Concurrent Reset Relocation Set 0.000ms
[2026-10-03T23:47:52.484+0000][53.937s][info][gc,phases   ] GC(1) O: Concurrent Select Relocation Set 0.094ms
[2026-10-03T23:47:52.484+0000][53.937s][info][gc,task     ] GC(1) O: Using 1 Workers for Old Generation
[2026-10-03T23:47:52.485+0000][53.939s][info][gc,task     ] GC(1) O: Using 1 Workers for Old Generation
[2026-10-03T23:47:52.485+0000][53.939s][info][gc,phases   ] GC(1) O: Concurrent Remap Roots 1.723ms
[2026-10-03T23:47:52.486+0000][53.939s][info][gc,phases   ] GC(1) O: Pause Relocate Start 0.006ms
[2026-10-03T23:47:52.486+0000][53.939s][info][gc,phases   ] GC(1) O: Concurrent Relocate 0.011ms
[2026-10-03T23:47:52.486+0000][53.939s][info][gc,alloc    ] GC(1) O:                         Mark Start        Mark End      Relocate Start    Relocate End   
[2026-10-03T23:47:52.486+0000][53.939s][info][gc,alloc    ] GC(1) O: Allocation Stalls:          0                0                0                0         
[2026-10-03T23:47:52.486+0000][53.939s][info][gc,load     ] GC(1) O: Load: 1.21 (24%) / 1.54 (31%) / 1.17 (23%)
[2026-10-03T23:47:52.486+0000][53.939s][info][gc,mmu      ] GC(1) O: MMU: 2ms/99.1%, 5ms/99.7%, 10ms/99.8%, 20ms/99.9%, 50ms/99.9%, 100ms/100.0%
[2026-10-03T23:47:52.486+0000][53.939s][info][gc,marking  ] GC(1) O: Mark: 1 stripe(s), 1 proactive flush(es), 1 terminate flush(es), 0 completion(s), 0 continuation(s) 
[2026-10-03T23:47:52.486+0000][53.939s][info][gc,nmethod  ] GC(1) O: NMethods: 3884 registered, 806 unregistered
[2026-10-03T23:47:52.486+0000][53.939s][info][gc,metaspace] GC(1) O: Metaspace: 23M used, 24M committed, 1088M reserved
[2026-10-03T23:47:52.486+0000][53.939s][info][gc,ref      ] GC(1) O:                       Encountered   Discovered     Enqueued 
[2026-10-03T23:47:52.486+0000][53.939s][info][gc,ref      ] GC(1) O: Soft References:             3075            0            0 
[2026-10-03T23:47:52.486+0000][53.939s][info][gc,ref      ] GC(1) O: Weak References:             1780            0            0 
[2026-10-03T23:47:52.486+0000][53.939s][info][gc,ref      ] GC(1) O: Final References:              33            0            0 
[2026-10-03T23:47:52.486+0000][53.939s][info][gc,ref      ] GC(1) O: Phantom References:           576            0            0 
[2026-10-03T23:47:52.486+0000][53.939s][info][gc,heap     ] GC(1) O: Min Capacity: 512M(17%)
[2026-10-03T23:47:52.486+0000][53.939s][info][gc,heap     ] GC(1) O: Max Capacity: 3072M(100%)
[2026-10-03T23:47:52.486+0000][53.939s][info][gc,heap     ] GC(1) O: Soft Max Capacity: 3072M(100%)
[2026-10-03T23:47:52.486+0000][53.939s][info][gc,heap     ] GC(1) O: Heap Statistics:
[2026-10-03T23:47:52.486+0000][53.939s][info][gc,heap     ] GC(1) O:                Mark Start          Mark End        Relocate Start      Relocate End           High               Low         
[2026-10-03T23:47:52.486+0000][53.939s][info][gc,heap     ] GC(1) O:  Capacity:      512M (17%)         512M (17%)         512M (17%)         512M (17%)         512M (17%)         512M (17%)    
[2026-10-03T23:47:52.486+0000][53.939s][info][gc,heap     ] GC(1) O:      Free:     2764M (90%)        2896M (94%)        2892M (94%)        2892M (94%)        2896M (94%)        2692M (88%)    
[2026-10-03T23:47:52.486+0000][53.939s][info][gc,heap     ] GC(1) O:      Used:      308M (10%)         176M (6%)          180M (6%)          180M (6%)          380M (12%)         176M (6%)     
[2026-10-03T23:47:52.486+0000][53.939s][info][gc,heap     ] GC(1) O: Old Generation Statistics:
[2026-10-03T23:47:52.486+0000][53.939s][info][gc,heap     ] GC(1) O:                Mark Start          Mark End        Relocate Start      Relocate End    
[2026-10-03T23:47:52.486+0000][53.939s][info][gc,heap     ] GC(1) O:      Used:        0M (0%)            0M (0%)            0M (0%)            0M (0%)     
[2026-10-03T23:47:52.486+0000][53.939s][info][gc,heap     ] GC(1) O:      Live:         -                 0M (0%)            0M (0%)            0M (0%)     
[2026-10-03T23:47:52.486+0000][53.939s][info][gc,heap     ] GC(1) O:   Garbage:         -                 0M (0%)            0M (0%)            0M (0%)     
[2026-10-03T23:47:52.486+0000][53.939s][info][gc,heap     ] GC(1) O: Allocated:         -                 0M (0%)            0M (0%)            0M (0%)     
[2026-10-03T23:47:52.486+0000][53.939s][info][gc,heap     ] GC(1) O: Reclaimed:         -                  -                 0M (0%)            0M (0%)     
[2026-10-03T23:47:52.486+0000][53.939s][info][gc,heap     ] GC(1) O: Compacted:         -                  -                  -                 0M (0%)     
[2026-10-03T23:47:52.486+0000][53.939s][info][gc,phases   ] GC(1) O: Old Generation 176M(6%)->180M(6%) 0.009s
[2026-10-03T23:47:52.486+0000][53.939s][info][gc          ] GC(1) Major Collection (Warmup) 308M(10%)->180M(6%) 0.137s
[2026-10-03T23:47:54.012+0000][55.465s][info][gc          ] GC(2) Major Collection (Metadata GC Threshold)
[2026-10-03T23:47:54.012+0000][55.465s][info][gc,task     ] GC(2) Using 1 Workers for Young Generation
[2026-10-03T23:47:54.012+0000][55.465s][info][gc,task     ] GC(2) Using 1 Workers for Old Generation
[2026-10-03T23:47:54.012+0000][55.465s][info][gc,phases   ] GC(2) Y: Young Generation
[2026-10-03T23:47:54.012+0000][55.465s][info][gc,phases   ] GC(2) Y: Pause Mark Start (Major) 0.012ms
[2026-10-03T23:47:54.172+0000][55.625s][info][gc,phases   ] GC(2) Y: Concurrent Mark 159.343ms
[2026-10-03T23:47:54.172+0000][55.625s][info][gc,phases   ] GC(2) Y: Pause Mark End 0.013ms
[2026-10-03T23:47:54.172+0000][55.625s][info][gc,phases   ] GC(2) Y: Concurrent Mark Free 0.004ms
[2026-10-03T23:47:54.172+0000][55.625s][info][gc,phases   ] GC(2) Y: Concurrent Reset Relocation Set 0.012ms
[2026-10-03T23:47:54.172+0000][55.625s][info][gc,reloc    ] GC(2) Y: Using tenuring threshold: 3 (Computed)
[2026-10-03T23:47:54.174+0000][55.627s][info][gc,phases   ] GC(2) Y: Concurrent Select Relocation Set 2.099ms
[2026-10-03T23:47:54.174+0000][55.627s][info][gc,phases   ] GC(2) Y: Pause Relocate Start 0.008ms
[2026-10-03T23:47:54.233+0000][55.686s][info][gc,phases   ] GC(2) Y: Concurrent Relocate 59.275ms
[2026-10-03T23:47:54.233+0000][55.687s][info][gc,alloc    ] GC(2) Y:                         Mark Start        Mark End      Relocate Start    Relocate End   
[2026-10-03T23:47:54.233+0000][55.687s][info][gc,alloc    ] GC(2) Y: Allocation Stalls:          0                0                0                0         
[2026-10-03T23:47:54.233+0000][55.687s][info][gc,load     ] GC(2) Y: Load: 1.21 (24%) / 1.54 (31%) / 1.17 (23%)
[2026-10-03T23:47:54.233+0000][55.687s][info][gc,mmu      ] GC(2) Y: MMU: 2ms/99.1%, 5ms/99.6%, 10ms/99.8%, 20ms/99.9%, 50ms/99.9%, 100ms/100.0%
[2026-10-03T23:47:54.233+0000][55.687s][info][gc,marking  ] GC(2) Y: Mark: 1 stripe(s), 2 proactive flush(es), 1 terminate flush(es), 0 completion(s), 0 continuation(s) 
[2026-10-03T23:47:54.233+0000][55.687s][info][gc,nmethod  ] GC(2) Y: NMethods: 5915 registered, 0 unregistered
[2026-10-03T23:47:54.233+0000][55.687s][info][gc,metaspace] GC(2) Y: Metaspace: 42M used, 43M committed, 1088M reserved
[2026-10-03T23:47:54.233+0000][55.687s][info][gc,reloc    ] GC(2) Y:                        Candidates     Selected     In-Place         Size        Empty    Relocated 
[2026-10-03T23:47:54.233+0000][55.687s][info][gc,reloc    ] GC(2) Y: Small Pages:                  235          192            0         470M           2M          26M 
[2026-10-03T23:47:54.233+0000][55.687s][info][gc,reloc    ] GC(2) Y: Medium Pages:                   3            2            0          96M           0M           3M 
[2026-10-03T23:47:54.233+0000][55.687s][info][gc,reloc    ] GC(2) Y: Large Pages:                    1            0            0          12M           0M           0M 
[2026-10-03T23:47:54.233+0000][55.687s][info][gc,reloc    ] GC(2) Y: Forwarding Usage: 14M
[2026-10-03T23:47:54.233+0000][55.687s][info][gc,reloc    ] GC(2) Y: Age Table:
[2026-10-03T23:47:54.234+0000][55.687s][info][gc,reloc    ] GC(2) Y:                    Live             Garbage             Small              Medium             Large        
[2026-10-03T23:47:54.234+0000][55.687s][info][gc,reloc    ] GC(2) Y: Eden              46M (2%)          419M (14%)        211 / 189            1 / 1              1 / 0        
[2026-10-03T23:47:54.234+0000][55.687s][info][gc,reloc    ] GC(2) Y: Survivor 1        23M (1%)           36M (1%)          14 / 1              1 / 0              0 / 0        
[2026-10-03T23:47:54.234+0000][55.687s][info][gc,reloc    ] GC(2) Y: Survivor 2        20M (1%)           31M (1%)          10 / 2              1 / 1              0 / 0        
[2026-10-03T23:47:54.234+0000][55.687s][info][gc,heap     ] GC(2) Y: Min Capacity: 512M(17%)
[2026-10-03T23:47:54.234+0000][55.687s][info][gc,heap     ] GC(2) Y: Max Capacity: 3072M(100%)
[2026-10-03T23:47:54.234+0000][55.687s][info][gc,heap     ] GC(2) Y: Soft Max Capacity: 3072M(100%)
[2026-10-03T23:47:54.234+0000][55.687s][info][gc,heap     ] GC(2) Y: Heap Statistics:
[2026-10-03T23:47:54.234+0000][55.687s][info][gc,heap     ] GC(2) Y:                Mark Start          Mark End        Relocate Start      Relocate End           High               Low         
[2026-10-03T23:47:54.234+0000][55.687s][info][gc,heap     ] GC(2) Y:  Capacity:      578M (19%)         608M (20%)         608M (20%)         648M (21%)         648M (21%)         578M (19%)    
[2026-10-03T23:47:54.234+0000][55.687s][info][gc,heap     ] GC(2) Y:      Free:     2494M (81%)        2464M (80%)        2466M (80%)        2836M (92%)        2836M (92%)        2424M (79%)    
[2026-10-03T23:47:54.234+0000][55.687s][info][gc,heap     ] GC(2) Y:      Used:      578M (19%)         608M (20%)         606M (20%)         236M (8%)          648M (21%)         236M (8%)     
[2026-10-03T23:47:54.234+0000][55.687s][info][gc,heap     ] GC(2) Y: Young Generation Statistics:
[2026-10-03T23:47:54.234+0000][55.687s][info][gc,heap     ] GC(2) Y:                Mark Start          Mark End        Relocate Start      Relocate End    
[2026-10-03T23:47:54.234+0000][55.687s][info][gc,heap     ] GC(2) Y:      Used:      578M (19%)         608M (20%)         606M (20%)         236M (8%)     
[2026-10-03T23:47:54.234+0000][55.687s][info][gc,heap     ] GC(2) Y:      Live:         -                90M (3%)           90M (3%)           90M (3%)     
[2026-10-03T23:47:54.234+0000][55.687s][info][gc,heap     ] GC(2) Y:   Garbage:         -               487M (16%)         485M (16%)           3M (0%)     
[2026-10-03T23:47:54.234+0000][55.687s][info][gc,heap     ] GC(2) Y: Allocated:         -                30M (1%)           30M (1%)          141M (5%)     
[2026-10-03T23:47:54.234+0000][55.687s][info][gc,heap     ] GC(2) Y: Reclaimed:         -                  -                 2M (0%)          483M (16%)    
[2026-10-03T23:47:54.234+0000][55.687s][info][gc,heap     ] GC(2) Y:  Promoted:         -                  -                 0M (0%)            0M (0%)     
[2026-10-03T23:47:54.234+0000][55.687s][info][gc,heap     ] GC(2) Y: Compacted:         -                  -                  -                38M (1%)     
[2026-10-03T23:47:54.234+0000][55.687s][info][gc,phases   ] GC(2) Y: Young Generation 578M(19%)->236M(8%) 0.221s
[2026-10-03T23:47:54.234+0000][55.687s][info][gc,phases   ] GC(2) O: Old Generation
[2026-10-03T23:47:54.235+0000][55.688s][info][gc,phases   ] GC(2) O: Concurrent Mark 1.507ms
[2026-10-03T23:47:54.235+0000][55.688s][info][gc,phases   ] GC(2) O: Pause Mark End 0.009ms
[2026-10-03T23:47:54.235+0000][55.688s][info][gc,phases   ] GC(2) O: Concurrent Mark Free 0.000ms
[2026-10-03T23:47:54.251+0000][55.704s][info][gc,phases   ] GC(2) O: Concurrent Process Non-Strong 15.972ms
[2026-10-03T23:47:54.251+0000][55.704s][info][gc,phases   ] GC(2) O: Concurrent Reset Relocation Set 0.000ms
[2026-10-03T23:47:54.252+0000][55.705s][info][gc,phases   ] GC(2) O: Concurrent Select Relocation Set 0.657ms
[2026-10-03T23:47:54.252+0000][55.705s][info][gc,task     ] GC(2) O: Using 1 Workers for Old Generation
[2026-10-03T23:47:54.256+0000][55.709s][info][gc,task     ] GC(2) O: Using 1 Workers for Old Generation
[2026-10-03T23:47:54.256+0000][55.709s][info][gc,phases   ] GC(2) O: Concurrent Remap Roots 4.154ms
[2026-10-03T23:47:54.256+0000][55.709s][info][gc,phases   ] GC(2) O: Pause Relocate Start 0.008ms
[2026-10-03T23:47:54.256+0000][55.709s][info][gc,phases   ] GC(2) O: Concurrent Relocate 0.012ms
[2026-10-03T23:47:54.256+0000][55.709s][info][gc,alloc    ] GC(2) O:                         Mark Start        Mark End      Relocate Start    Relocate End   
[2026-10-03T23:47:54.256+0000][55.709s][info][gc,alloc    ] GC(2) O: Allocation Stalls:          0                0                0                0         
[2026-10-03T23:47:54.256+0000][55.709s][info][gc,load     ] GC(2) O: Load: 1.21 (24%) / 1.54 (31%) / 1.17 (23%)
[2026-10-03T23:47:54.256+0000][55.709s][info][gc,mmu      ] GC(2) O: MMU: 2ms/99.1%, 5ms/99.6%, 10ms/99.8%, 20ms/99.9%, 50ms/99.9%, 100ms/100.0%
[2026-10-03T23:47:54.256+0000][55.709s][info][gc,marking  ] GC(2) O: Mark: 1 stripe(s), 1 proactive flush(es), 1 terminate flush(es), 0 completion(s), 0 continuation(s) 
[2026-10-03T23:47:54.256+0000][55.709s][info][gc,nmethod  ] GC(2) O: NMethods: 5464 registered, 484 unregistered
[2026-10-03T23:47:54.256+0000][55.709s][info][gc,metaspace] GC(2) O: Metaspace: 43M used, 43M committed, 1088M reserved
[2026-10-03T23:47:54.256+0000][55.709s][info][gc,ref      ] GC(2) O:                       Encountered   Discovered     Enqueued 
[2026-10-03T23:47:54.256+0000][55.709s][info][gc,ref      ] GC(2) O: Soft References:             3406            0            0 
[2026-10-03T23:47:54.256+0000][55.709s][info][gc,ref      ] GC(2) O: Weak References:             8466            0            0 
[2026-10-03T23:47:54.256+0000][55.709s][info][gc,ref      ] GC(2) O: Final References:              34            0            0 
[2026-10-03T23:47:54.256+0000][55.709s][info][gc,ref      ] GC(2) O: Phantom References:           619            0            0 
[2026-10-03T23:47:54.256+0000][55.709s][info][gc,heap     ] GC(2) O: Min Capacity: 512M(17%)
[2026-10-03T23:47:54.256+0000][55.709s][info][gc,heap     ] GC(2) O: Max Capacity: 3072M(100%)
[2026-10-03T23:47:54.256+0000][55.709s][info][gc,heap     ] GC(2) O: Soft Max Capacity: 3072M(100%)
[2026-10-03T23:47:54.256+0000][55.709s][info][gc,heap     ] GC(2) O: Heap Statistics:
[2026-10-03T23:47:54.256+0000][55.709s][info][gc,heap     ] GC(2) O:                Mark Start          Mark End        Relocate Start      Relocate End           High               Low         
[2026-10-03T23:47:54.256+0000][55.709s][info][gc,heap     ] GC(2) O:  Capacity:      578M (19%)         648M (21%)         648M (21%)         648M (21%)         648M (21%)         578M (19%)    
[2026-10-03T23:47:54.256+0000][55.709s][info][gc,heap     ] GC(2) O:      Free:     2494M (81%)        2834M (92%)        2832M (92%)        2832M (92%)        2836M (92%)        2424M (79%)    
[2026-10-03T23:47:54.256+0000][55.709s][info][gc,heap     ] GC(2) O:      Used:      578M (19%)         238M (8%)          240M (8%)          240M (8%)          648M (21%)         236M (8%)     
[2026-10-03T23:47:54.256+0000][55.709s][info][gc,heap     ] GC(2) O: Old Generation Statistics:
[2026-10-03T23:47:54.256+0000][55.709s][info][gc,heap     ] GC(2) O:                Mark Start          Mark End        Relocate Start      Relocate End    
[2026-10-03T23:47:54.256+0000][55.709s][info][gc,heap     ] GC(2) O:      Used:        0M (0%)            0M (0%)            0M (0%)            0M (0%)     
[2026-10-03T23:47:54.256+0000][55.709s][info][gc,heap     ] GC(2) O:      Live:         -                 0M (0%)            0M (0%)            0M (0%)     
[2026-10-03T23:47:54.256+0000][55.709s][info][gc,heap     ] GC(2) O:   Garbage:         -                 0M (0%)            0M (0%)            0M (0%)     
[2026-10-03T23:47:54.256+0000][55.709s][info][gc,heap     ] GC(2) O: Allocated:         -                 0M (0%)            0M (0%)            0M (0%)     
[2026-10-03T23:47:54.256+0000][55.709s][info][gc,heap     ] GC(2) O: Reclaimed:         -                  -                 0M (0%)            0M (0%)     
[2026-10-03T23:47:54.256+0000][55.709s][info][gc,heap     ] GC(2) O: Compacted:         -                  -                  -                 0M (0%)     
[2026-10-03T23:47:54.256+0000][55.709s][info][gc,phases   ] GC(2) O: Old Generation 238M(8%)->240M(8%) 0.023s
[2026-10-03T23:47:54.256+0000][55.709s][info][gc          ] GC(2) Major Collection (Metadata GC Threshold) 576M(19%)->240M(8%) 0.244s
[2026-10-03T23:47:55.347+0000][56.800s][info][gc          ] GC(3) Major Collection (Warmup)
[2026-10-03T23:47:55.347+0000][56.800s][info][gc,task     ] GC(3) Using 1 Workers for Young Generation
[2026-10-03T23:47:55.347+0000][56.800s][info][gc,task     ] GC(3) Using 1 Workers for Old Generation
[2026-10-03T23:47:55.347+0000][56.800s][info][gc,phases   ] GC(3) Y: Young Generation
[2026-10-03T23:47:55.347+0000][56.800s][info][gc,phases   ] GC(3) Y: Pause Mark Start (Major) 0.013ms
[2026-10-03T23:47:55.591+0000][57.044s][info][gc,phases   ] GC(3) Y: Concurrent Mark 244.329ms
[2026-10-03T23:47:55.591+0000][57.044s][info][gc,phases   ] GC(3) Y: Pause Mark End 0.015ms
[2026-10-03T23:47:55.591+0000][57.045s][info][gc,phases   ] GC(3) Y: Concurrent Mark Free 0.001ms
[2026-10-03T23:47:55.592+0000][57.045s][info][gc,phases   ] GC(3) Y: Concurrent Reset Relocation Set 0.016ms
[2026-10-03T23:47:55.592+0000][57.045s][info][gc,reloc    ] GC(3) Y: Using tenuring threshold: 4 (Computed)
[2026-10-03T23:47:55.592+0000][57.046s][info][gc,phases   ] GC(3) Y: Concurrent Select Relocation Set 0.944ms
[2026-10-03T23:47:55.593+0000][57.046s][info][gc,phases   ] GC(3) Y: Pause Relocate Start 0.010ms
[2026-10-03T23:47:55.633+0000][57.086s][info][gc,phases   ] GC(3) Y: Concurrent Relocate 40.127ms
[2026-10-03T23:47:55.633+0000][57.086s][info][gc,alloc    ] GC(3) Y:                         Mark Start        Mark End      Relocate Start    Relocate End   
[2026-10-03T23:47:55.633+0000][57.086s][info][gc,alloc    ] GC(3) Y: Allocation Stalls:          0                0                0                0         
[2026-10-03T23:47:55.633+0000][57.086s][info][gc,load     ] GC(3) Y: Load: 1.21 (24%) / 1.54 (31%) / 1.17 (23%)
[2026-10-03T23:47:55.633+0000][57.086s][info][gc,mmu      ] GC(3) Y: MMU: 2ms/98.8%, 5ms/99.5%, 10ms/99.8%, 20ms/99.9%, 50ms/99.9%, 100ms/100.0%
[2026-10-03T23:47:55.633+0000][57.086s][info][gc,marking  ] GC(3) Y: Mark: 1 stripe(s), 2 proactive flush(es), 1 terminate flush(es), 0 completion(s), 0 continuation(s) 
[2026-10-03T23:47:55.633+0000][57.086s][info][gc,nmethod  ] GC(3) Y: NMethods: 6938 registered, 484 unregistered
[2026-10-03T23:47:55.633+0000][57.086s][info][gc,metaspace] GC(3) Y: Metaspace: 51M used, 51M committed, 1088M reserved
[2026-10-03T23:47:55.633+0000][57.086s][info][gc,reloc    ] GC(3) Y:                        Candidates     Selected     In-Place         Size        Empty    Relocated 
[2026-10-03T23:47:55.633+0000][57.086s][info][gc,reloc    ] GC(3) Y: Small Pages:                  254          199            0         508M           0M          25M 
[2026-10-03T23:47:55.633+0000][57.086s][info][gc,reloc    ] GC(3) Y: Medium Pages:                   3            2            0          96M           0M           3M 
[2026-10-03T23:47:55.633+0000][57.086s][info][gc,reloc    ] GC(3) Y: Large Pages:                    1            0            0          12M           0M           0M 
[2026-10-03T23:47:55.633+0000][57.086s][info][gc,reloc    ] GC(3) Y: Forwarding Usage: 11M
[2026-10-03T23:47:55.633+0000][57.086s][info][gc,reloc    ] GC(3) Y: Age Table:
[2026-10-03T23:47:55.633+0000][57.086s][info][gc,reloc    ] GC(3) Y:                    Live             Garbage             Small              Medium             Large        
[2026-10-03T23:47:55.633+0000][57.086s][info][gc,reloc    ] GC(3) Y: Eden              26M (1%)          387M (13%)        207 / 192            0 / 0              0 / 0        
[2026-10-03T23:47:55.633+0000][57.086s][info][gc,reloc    ] GC(3) Y: Survivor 1        46M (2%)           37M (1%)          20 / 3              1 / 0              1 / 0        
[2026-10-03T23:47:55.633+0000][57.086s][info][gc,reloc    ] GC(3) Y: Survivor 2        23M (1%)           36M (1%)          14 / 1              1 / 1              0 / 0        
[2026-10-03T23:47:55.633+0000][57.086s][info][gc,reloc    ] GC(3) Y: Survivor 3        20M (1%)           37M (1%)          13 / 3              1 / 1              0 / 0        
[2026-10-03T23:47:55.633+0000][57.086s][info][gc,heap     ] GC(3) Y: Min Capacity: 512M(17%)
[2026-10-03T23:47:55.633+0000][57.086s][info][gc,heap     ] GC(3) Y: Max Capacity: 3072M(100%)
[2026-10-03T23:47:55.633+0000][57.086s][info][gc,heap     ] GC(3) Y: Soft Max Capacity: 3072M(100%)
[2026-10-03T23:47:55.633+0000][57.086s][info][gc,heap     ] GC(3) Y: Heap Statistics:
[2026-10-03T23:47:55.633+0000][57.086s][info][gc,heap     ] GC(3) Y:                Mark Start          Mark End        Relocate Start      Relocate End           High               Low         
[2026-10-03T23:47:55.633+0000][57.086s][info][gc,heap     ] GC(3) Y:  Capacity:      648M (21%)         664M (22%)         664M (22%)         702M (23%)         702M (23%)         648M (21%)    
[2026-10-03T23:47:55.633+0000][57.086s][info][gc,heap     ] GC(3) Y:      Free:     2456M (80%)        2408M (78%)        2408M (78%)        2788M (91%)        2788M (91%)        2370M (77%)    
[2026-10-03T23:47:55.633+0000][57.086s][info][gc,heap     ] GC(3) Y:      Used:      616M (20%)         664M (22%)         664M (22%)         284M (9%)          702M (23%)         284M (9%)     
[2026-10-03T23:47:55.633+0000][57.086s][info][gc,heap     ] GC(3) Y: Young Generation Statistics:
[2026-10-03T23:47:55.633+0000][57.086s][info][gc,heap     ] GC(3) Y:                Mark Start          Mark End        Relocate Start      Relocate End    
[2026-10-03T23:47:55.633+0000][57.086s][info][gc,heap     ] GC(3) Y:      Used:      616M (20%)         664M (22%)         664M (22%)         284M (9%)     
[2026-10-03T23:47:55.633+0000][57.086s][info][gc,heap     ] GC(3) Y:      Live:         -               116M (4%)          116M (4%)          116M (4%)     
[2026-10-03T23:47:55.633+0000][57.086s][info][gc,heap     ] GC(3) Y:   Garbage:         -               499M (16%)         499M (16%)           4M (0%)     
[2026-10-03T23:47:55.633+0000][57.086s][info][gc,heap     ] GC(3) Y: Allocated:         -                48M (2%)           48M (2%)          162M (5%)     
[2026-10-03T23:47:55.633+0000][57.086s][info][gc,heap     ] GC(3) Y: Reclaimed:         -                  -                 0M (0%)          494M (16%)    
[2026-10-03T23:47:55.633+0000][57.086s][info][gc,heap     ] GC(3) Y:  Promoted:         -                  -                 0M (0%)            0M (0%)     
[2026-10-03T23:47:55.633+0000][57.086s][info][gc,heap     ] GC(3) Y: Compacted:         -                  -                  -                33M (1%)     
[2026-10-03T23:47:55.633+0000][57.086s][info][gc,phases   ] GC(3) Y: Young Generation 616M(20%)->284M(9%) 0.286s
[2026-10-03T23:47:55.633+0000][57.086s][info][gc,phases   ] GC(3) O: Old Generation
[2026-10-03T23:47:55.635+0000][57.088s][info][gc,phases   ] GC(3) O: Concurrent Mark 1.573ms
[2026-10-03T23:47:55.635+0000][57.088s][info][gc,phases   ] GC(3) O: Pause Mark End 0.016ms
[2026-10-03T23:47:55.635+0000][57.088s][info][gc,phases   ] GC(3) O: Concurrent Mark Free 0.000ms
[2026-10-03T23:47:55.657+0000][57.110s][info][gc,phases   ] GC(3) O: Concurrent Process Non-Strong 22.298ms
[2026-10-03T23:47:55.657+0000][57.110s][info][gc,phases   ] GC(3) O: Concurrent Reset Relocation Set 0.001ms
[2026-10-03T23:47:55.657+0000][57.110s][info][gc,phases   ] GC(3) O: Concurrent Select Relocation Set 0.093ms
[2026-10-03T23:47:55.657+0000][57.110s][info][gc,task     ] GC(3) O: Using 1 Workers for Old Generation
[2026-10-03T23:47:55.663+0000][57.116s][info][gc,task     ] GC(3) O: Using 1 Workers for Old Generation
[2026-10-03T23:47:55.663+0000][57.116s][info][gc,phases   ] GC(3) O: Concurrent Remap Roots 5.382ms
[2026-10-03T23:47:55.665+0000][57.119s][info][gc,phases   ] GC(3) O: Pause Relocate Start 0.014ms
[2026-10-03T23:47:55.666+0000][57.119s][info][gc,phases   ] GC(3) O: Concurrent Relocate 0.019ms
[2026-10-03T23:47:55.666+0000][57.119s][info][gc,alloc    ] GC(3) O:                         Mark Start        Mark End      Relocate Start    Relocate End   
[2026-10-03T23:47:55.666+0000][57.119s][info][gc,alloc    ] GC(3) O: Allocation Stalls:          0                0                0                0         
[2026-10-03T23:47:55.666+0000][57.119s][info][gc,load     ] GC(3) O: Load: 1.21 (24%) / 1.54 (31%) / 1.17 (23%)
[2026-10-03T23:47:55.666+0000][57.119s][info][gc,mmu      ] GC(3) O: MMU: 2ms/98.8%, 5ms/99.5%, 10ms/99.8%, 20ms/99.9%, 50ms/99.9%, 100ms/99.9%
[2026-10-03T23:47:55.666+0000][57.119s][info][gc,marking  ] GC(3) O: Mark: 1 stripe(s), 1 proactive flush(es), 1 terminate flush(es), 0 completion(s), 0 continuation(s) 
[2026-10-03T23:47:55.666+0000][57.119s][info][gc,nmethod  ] GC(3) O: NMethods: 6429 registered, 1003 unregistered
[2026-10-03T23:47:55.666+0000][57.119s][info][gc,metaspace] GC(3) O: Metaspace: 51M used, 52M committed, 1088M reserved
[2026-10-03T23:47:55.666+0000][57.119s][info][gc,ref      ] GC(3) O:                       Encountered   Discovered     Enqueued 
[2026-10-03T23:47:55.666+0000][57.119s][info][gc,ref      ] GC(3) O: Soft References:             3485            0            0 
[2026-10-03T23:47:55.666+0000][57.119s][info][gc,ref      ] GC(3) O: Weak References:            13007            0            0 
[2026-10-03T23:47:55.666+0000][57.119s][info][gc,ref      ] GC(3) O: Final References:              34            0            0 
[2026-10-03T23:47:55.666+0000][57.119s][info][gc,ref      ] GC(3) O: Phantom References:           618            0            0 
[2026-10-03T23:47:55.666+0000][57.119s][info][gc,heap     ] GC(3) O: Min Capacity: 512M(17%)
[2026-10-03T23:47:55.666+0000][57.119s][info][gc,heap     ] GC(3) O: Max Capacity: 3072M(100%)
[2026-10-03T23:47:55.666+0000][57.119s][info][gc,heap     ] GC(3) O: Soft Max Capacity: 3072M(100%)
[2026-10-03T23:47:55.666+0000][57.119s][info][gc,heap     ] GC(3) O: Heap Statistics:
[2026-10-03T23:47:55.666+0000][57.119s][info][gc,heap     ] GC(3) O:                Mark Start          Mark End        Relocate Start      Relocate End           High               Low         
[2026-10-03T23:47:55.666+0000][57.119s][info][gc,heap     ] GC(3) O:  Capacity:      648M (21%)         702M (23%)         702M (23%)         702M (23%)         702M (23%)         648M (21%)    
[2026-10-03T23:47:55.666+0000][57.119s][info][gc,heap     ] GC(3) O:      Free:     2456M (80%)        2786M (91%)        2782M (91%)        2782M (91%)        2788M (91%)        2370M (77%)    
[2026-10-03T23:47:55.666+0000][57.119s][info][gc,heap     ] GC(3) O:      Used:      616M (20%)         286M (9%)          290M (9%)          290M (9%)          702M (23%)         284M (9%)     
[2026-10-03T23:47:55.666+0000][57.119s][info][gc,heap     ] GC(3) O: Old Generation Statistics:
[2026-10-03T23:47:55.666+0000][57.119s][info][gc,heap     ] GC(3) O:                Mark Start          Mark End        Relocate Start      Relocate End    
[2026-10-03T23:47:55.666+0000][57.119s][info][gc,heap     ] GC(3) O:      Used:        0M (0%)            0M (0%)            0M (0%)            0M (0%)     
[2026-10-03T23:47:55.666+0000][57.119s][info][gc,heap     ] GC(3) O:      Live:         -                 0M (0%)            0M (0%)            0M (0%)     
[2026-10-03T23:47:55.666+0000][57.119s][info][gc,heap     ] GC(3) O:   Garbage:         -                 0M (0%)            0M (0%)            0M (0%)     
[2026-10-03T23:47:55.666+0000][57.119s][info][gc,heap     ] GC(3) O: Allocated:         -                 0M (0%)            0M (0%)            0M (0%)     
[2026-10-03T23:47:55.666+0000][57.119s][info][gc,heap     ] GC(3) O: Reclaimed:         -                  -                 0M (0%)            0M (0%)     
[2026-10-03T23:47:55.666+0000][57.119s][info][gc,heap     ] GC(3) O: Compacted:         -                  -                  -                 0M (0%)     
[2026-10-03T23:47:55.666+0000][57.119s][info][gc,phases   ] GC(3) O: Old Generation 284M(9%)->290M(9%) 0.033s
[2026-10-03T23:47:55.666+0000][57.119s][info][gc          ] GC(3) Major Collection (Warmup) 616M(20%)->290M(9%) 0.319s
[2026-10-03T23:47:58.466+0000][59.919s][info][gc          ] GC(4) Major Collection (Warmup)
[2026-10-03T23:47:58.466+0000][59.919s][info][gc,task     ] GC(4) Using 1 Workers for Young Generation
[2026-10-03T23:47:58.466+0000][59.919s][info][gc,task     ] GC(4) Using 1 Workers for Old Generation
[2026-10-03T23:47:58.466+0000][59.919s][info][gc,phases   ] GC(4) Y: Young Generation
[2026-10-03T23:47:58.467+0000][59.920s][info][gc,phases   ] GC(4) Y: Pause Mark Start (Major) 0.013ms
[2026-10-03T23:47:58.808+0000][60.261s][info][gc,phases   ] GC(4) Y: Concurrent Mark 341.150ms
[2026-10-03T23:47:58.808+0000][60.261s][info][gc,phases   ] GC(4) Y: Pause Mark End 0.013ms
[2026-10-03T23:47:58.808+0000][60.261s][info][gc,phases   ] GC(4) Y: Concurrent Mark Free 0.001ms
[2026-10-03T23:47:58.808+0000][60.261s][info][gc,phases   ] GC(4) Y: Concurrent Reset Relocation Set 0.010ms
[2026-10-03T23:47:58.808+0000][60.261s][info][gc,reloc    ] GC(4) Y: Using tenuring threshold: 3 (Computed)
[2026-10-03T23:47:58.828+0000][60.281s][info][gc,phases   ] GC(4) Y: Concurrent Select Relocation Set 19.760ms
[2026-10-03T23:47:58.828+0000][60.281s][info][gc,phases   ] GC(4) Y: Pause Relocate Start 0.009ms
[2026-10-03T23:47:58.921+0000][60.374s][info][gc,phases   ] GC(4) Y: Concurrent Relocate 93.086ms
[2026-10-03T23:47:58.921+0000][60.374s][info][gc,alloc    ] GC(4) Y:                         Mark Start        Mark End      Relocate Start    Relocate End   
[2026-10-03T23:47:58.921+0000][60.374s][info][gc,alloc    ] GC(4) Y: Allocation Stalls:          0                0                0                0         
[2026-10-03T23:47:58.921+0000][60.374s][info][gc,load     ] GC(4) Y: Load: 1.35 (27%) / 1.57 (31%) / 1.18 (24%)
[2026-10-03T23:47:58.921+0000][60.374s][info][gc,mmu      ] GC(4) Y: MMU: 2ms/98.8%, 5ms/99.5%, 10ms/99.8%, 20ms/99.9%, 50ms/99.9%, 100ms/99.9%
[2026-10-03T23:47:58.921+0000][60.374s][info][gc,marking  ] GC(4) Y: Mark: 1 stripe(s), 2 proactive flush(es), 1 terminate flush(es), 0 completion(s), 0 continuation(s) 
[2026-10-03T23:47:58.921+0000][60.374s][info][gc,nmethod  ] GC(4) Y: NMethods: 9119 registered, 1003 unregistered
[2026-10-03T23:47:58.921+0000][60.374s][info][gc,metaspace] GC(4) Y: Metaspace: 89M used, 90M committed, 1152M reserved
[2026-10-03T23:47:58.921+0000][60.374s][info][gc,reloc    ] GC(4) Y:                        Candidates     Selected     In-Place         Size        Empty    Relocated 
[2026-10-03T23:47:58.921+0000][60.374s][info][gc,reloc    ] GC(4) Y: Small Pages:                  405          326            0         810M           0M          40M 
[2026-10-03T23:47:58.921+0000][60.374s][info][gc,reloc    ] GC(4) Y: Medium Pages:                   4            3            0         100M           0M           4M 
[2026-10-03T23:47:58.921+0000][60.374s][info][gc,reloc    ] GC(4) Y: Large Pages:                    1            0            0          12M           0M           0M 
[2026-10-03T23:47:58.921+0000][60.374s][info][gc,reloc    ] GC(4) Y: Forwarding Usage: 20M
[2026-10-03T23:47:58.921+0000][60.374s][info][gc,reloc    ] GC(4) Y: Age Table:
[2026-10-03T23:47:58.921+0000][60.374s][info][gc,reloc    ] GC(4) Y:                    Live             Garbage             Small              Medium             Large        
[2026-10-03T23:47:58.921+0000][60.374s][info][gc,reloc    ] GC(4) Y: Eden              46M (2%)          645M (21%)        344 / 319            1 / 1              0 / 0        
[2026-10-03T23:47:58.921+0000][60.374s][info][gc,reloc    ] GC(4) Y: Survivor 1        26M (1%)            3M (0%)          15 / 2              0 / 0              0 / 0        
[2026-10-03T23:47:58.921+0000][60.374s][info][gc,reloc    ] GC(4) Y: Survivor 2        45M (1%)           36M (1%)          19 / 1              1 / 1              1 / 0        
[2026-10-03T23:47:58.921+0000][60.374s][info][gc,reloc    ] GC(4) Y: Survivor 3        22M (1%)           39M (1%)          15 / 2              1 / 0              0 / 0        
[2026-10-03T23:47:58.921+0000][60.374s][info][gc,reloc    ] GC(4) Y: Survivor 4        20M (1%)           35M (1%)          12 / 2              1 / 1              0 / 0        
[2026-10-03T23:47:58.921+0000][60.374s][info][gc,heap     ] GC(4) Y: Min Capacity: 512M(17%)
[2026-10-03T23:47:58.921+0000][60.374s][info][gc,heap     ] GC(4) Y: Max Capacity: 3072M(100%)
[2026-10-03T23:47:58.921+0000][60.374s][info][gc,heap     ] GC(4) Y: Soft Max Capacity: 3072M(100%)
[2026-10-03T23:47:58.921+0000][60.374s][info][gc,heap     ] GC(4) Y: Heap Statistics:
[2026-10-03T23:47:58.921+0000][60.374s][info][gc,heap     ] GC(4) Y:                Mark Start          Mark End        Relocate Start      Relocate End           High               Low         
[2026-10-03T23:47:58.921+0000][60.374s][info][gc,heap     ] GC(4) Y:  Capacity:      922M (30%)        1008M (33%)        1012M (33%)        1084M (35%)        1084M (35%)         922M (30%)    
[2026-10-03T23:47:58.921+0000][60.374s][info][gc,heap     ] GC(4) Y:      Free:     2150M (70%)        2064M (67%)        2060M (67%)        2692M (88%)        2694M (88%)        1988M (65%)    
[2026-10-03T23:47:58.921+0000][60.374s][info][gc,heap     ] GC(4) Y:      Used:      922M (30%)        1008M (33%)        1012M (33%)         380M (12%)        1084M (35%)         378M (12%)    
[2026-10-03T23:47:58.921+0000][60.374s][info][gc,heap     ] GC(4) Y: Young Generation Statistics:
[2026-10-03T23:47:58.921+0000][60.374s][info][gc,heap     ] GC(4) Y:                Mark Start          Mark End        Relocate Start      Relocate End    
[2026-10-03T23:47:58.921+0000][60.374s][info][gc,heap     ] GC(4) Y:      Used:      922M (30%)        1008M (33%)         970M (32%)         298M (10%)    
[2026-10-03T23:47:58.921+0000][60.374s][info][gc,heap     ] GC(4) Y:      Live:         -               160M (5%)          123M (4%)          118M (4%)     
[2026-10-03T23:47:58.921+0000][60.374s][info][gc,heap     ] GC(4) Y:   Garbage:         -               761M (25%)         756M (25%)           3M (0%)     
[2026-10-03T23:47:58.921+0000][60.374s][info][gc,heap     ] GC(4) Y: Allocated:         -                86M (3%)           90M (3%)          176M (6%)     
[2026-10-03T23:47:58.921+0000][60.374s][info][gc,heap     ] GC(4) Y: Reclaimed:         -                  -                 4M (0%)          757M (25%)    
[2026-10-03T23:47:58.921+0000][60.374s][info][gc,heap     ] GC(4) Y:  Promoted:         -                  -                37M (1%)           42M (1%)     
[2026-10-03T23:47:58.921+0000][60.374s][info][gc,heap     ] GC(4) Y: Compacted:         -                  -                  -                47M (2%)     
[2026-10-03T23:47:58.921+0000][60.374s][info][gc,phases   ] GC(4) Y: Young Generation 922M(30%)->380M(12%) 0.454s
[2026-10-03T23:47:58.921+0000][60.374s][info][gc,phases   ] GC(4) O: Old Generation
[2026-10-03T23:47:58.927+0000][60.380s][info][gc,phases   ] GC(4) O: Concurrent Mark 5.742ms
[2026-10-03T23:47:58.927+0000][60.380s][info][gc,phases   ] GC(4) O: Pause Mark End 0.013ms
[2026-10-03T23:47:58.927+0000][60.380s][info][gc,phases   ] GC(4) O: Concurrent Mark Free 0.001ms
[2026-10-03T23:47:58.974+0000][60.427s][info][gc,phases   ] GC(4) O: Concurrent Process Non-Strong 46.657ms
[2026-10-03T23:47:58.974+0000][60.427s][info][gc,phases   ] GC(4) O: Concurrent Reset Relocation Set 0.001ms
[2026-10-03T23:47:58.974+0000][60.427s][info][gc,phases   ] GC(4) O: Concurrent Select Relocation Set 0.545ms
[2026-10-03T23:47:58.974+0000][60.427s][info][gc,task     ] GC(4) O: Using 1 Workers for Old Generation
[2026-10-03T23:47:58.987+0000][60.440s][info][gc,task     ] GC(4) O: Using 1 Workers for Old Generation
[2026-10-03T23:47:58.987+0000][60.440s][info][gc,phases   ] GC(4) O: Concurrent Remap Roots 12.897ms
[2026-10-03T23:47:58.987+0000][60.440s][info][gc,phases   ] GC(4) O: Pause Relocate Start 0.010ms
[2026-10-03T23:47:58.988+0000][60.441s][info][gc,phases   ] GC(4) O: Concurrent Relocate 0.015ms
[2026-10-03T23:47:58.988+0000][60.441s][info][gc,alloc    ] GC(4) O:                         Mark Start        Mark End      Relocate Start    Relocate End   
[2026-10-03T23:47:58.988+0000][60.441s][info][gc,alloc    ] GC(4) O: Allocation Stalls:          0                0                0                0         
[2026-10-03T23:47:58.988+0000][60.441s][info][gc,load     ] GC(4) O: Load: 1.35 (27%) / 1.57 (31%) / 1.18 (24%)
[2026-10-03T23:47:58.988+0000][60.441s][info][gc,mmu      ] GC(4) O: MMU: 2ms/98.8%, 5ms/99.5%, 10ms/99.8%, 20ms/99.9%, 50ms/99.9%, 100ms/99.9%
[2026-10-03T23:47:58.988+0000][60.441s][info][gc,marking  ] GC(4) O: Mark: 1 stripe(s), 1 proactive flush(es), 1 terminate flush(es), 0 completion(s), 0 continuation(s) 
[2026-10-03T23:47:58.988+0000][60.441s][info][gc,nmethod  ] GC(4) O: NMethods: 8288 registered, 1949 unregistered
[2026-10-03T23:47:58.988+0000][60.441s][info][gc,metaspace] GC(4) O: Metaspace: 89M used, 90M committed, 1152M reserved
[2026-10-03T23:47:58.988+0000][60.441s][info][gc,ref      ] GC(4) O:                       Encountered   Discovered     Enqueued 
[2026-10-03T23:47:58.988+0000][60.441s][info][gc,ref      ] GC(4) O: Soft References:             3900            0            0 
[2026-10-03T23:47:58.988+0000][60.441s][info][gc,ref      ] GC(4) O: Weak References:            29630            0            0 
[2026-10-03T23:47:58.988+0000][60.441s][info][gc,ref      ] GC(4) O: Final References:              36            0            0 
[2026-10-03T23:47:58.988+0000][60.441s][info][gc,ref      ] GC(4) O: Phantom References:           629            0            0 
[2026-10-03T23:47:58.988+0000][60.441s][info][gc,heap     ] GC(4) O: Min Capacity: 512M(17%)
[2026-10-03T23:47:58.988+0000][60.441s][info][gc,heap     ] GC(4) O: Max Capacity: 3072M(100%)
[2026-10-03T23:47:58.988+0000][60.441s][info][gc,heap     ] GC(4) O: Soft Max Capacity: 3072M(100%)
[2026-10-03T23:47:58.988+0000][60.441s][info][gc,heap     ] GC(4) O: Heap Statistics:
[2026-10-03T23:47:58.988+0000][60.441s][info][gc,heap     ] GC(4) O:                Mark Start          Mark End        Relocate Start      Relocate End           High               Low         
[2026-10-03T23:47:58.988+0000][60.441s][info][gc,heap     ] GC(4) O:  Capacity:      922M (30%)        1084M (35%)        1084M (35%)        1084M (35%)        1084M (35%)         922M (30%)    
[2026-10-03T23:47:58.988+0000][60.441s][info][gc,heap     ] GC(4) O:      Free:     2150M (70%)        2692M (88%)        2686M (87%)        2686M (87%)        2694M (88%)        1988M (65%)    
[2026-10-03T23:47:58.988+0000][60.441s][info][gc,heap     ] GC(4) O:      Used:      922M (30%)         380M (12%)         386M (13%)         386M (13%)        1084M (35%)         378M (12%)    
[2026-10-03T23:47:58.988+0000][60.441s][info][gc,heap     ] GC(4) O: Old Generation Statistics:
[2026-10-03T23:47:58.988+0000][60.441s][info][gc,heap     ] GC(4) O:                Mark Start          Mark End        Relocate Start      Relocate End    
[2026-10-03T23:47:58.988+0000][60.441s][info][gc,heap     ] GC(4) O:      Used:        0M (0%)           82M (3%)           82M (3%)           82M (3%)     
[2026-10-03T23:47:58.988+0000][60.441s][info][gc,heap     ] GC(4) O:      Live:         -                 0M (0%)            0M (0%)            0M (0%)     
[2026-10-03T23:47:58.988+0000][60.441s][info][gc,heap     ] GC(4) O:   Garbage:         -                 0M (0%)            0M (0%)            0M (0%)     
[2026-10-03T23:47:58.988+0000][60.441s][info][gc,heap     ] GC(4) O: Allocated:         -                82M (3%)           82M (3%)           82M (3%)     
[2026-10-03T23:47:58.988+0000][60.441s][info][gc,heap     ] GC(4) O: Reclaimed:         -                  -                 0M (0%)            0M (0%)     
[2026-10-03T23:47:58.988+0000][60.441s][info][gc,heap     ] GC(4) O: Compacted:         -                  -                  -                 0M (0%)     
[2026-10-03T23:47:58.988+0000][60.441s][info][gc,phases   ] GC(4) O: Old Generation 380M(12%)->386M(13%) 0.067s
[2026-10-03T23:47:58.988+0000][60.441s][info][gc          ] GC(4) Major Collection (Warmup) 922M(30%)->386M(13%) 0.521s
[2026-10-03T23:48:05.287+0000][66.740s][info][gc          ] GC(5) Minor Collection (Allocation Rate)
[2026-10-03T23:48:05.287+0000][66.740s][info][gc,task     ] GC(5) Using 1 Workers for Young Generation
[2026-10-03T23:48:05.287+0000][66.740s][info][gc,phases   ] GC(5) y: Young Generation
[2026-10-03T23:48:05.287+0000][66.740s][info][gc,phases   ] GC(5) y: Pause Mark Start 0.013ms
[2026-10-03T23:48:05.945+0000][67.398s][info][gc,phases   ] GC(5) y: Concurrent Mark 648.561ms
[2026-10-03T23:48:05.945+0000][67.398s][info][gc,phases   ] GC(5) y: Pause Mark End 0.017ms
[2026-10-03T23:48:05.945+0000][67.398s][info][gc,phases   ] GC(5) y: Concurrent Mark Free 0.001ms
[2026-10-03T23:48:05.945+0000][67.398s][info][gc,phases   ] GC(5) y: Concurrent Reset Relocation Set 0.042ms
[2026-10-03T23:48:05.945+0000][67.398s][info][gc,reloc    ] GC(5) y: Using tenuring threshold: 3 (Computed)
[2026-10-03T23:48:05.970+0000][67.423s][info][gc,phases   ] GC(5) y: Concurrent Select Relocation Set 25.246ms
[2026-10-03T23:48:05.971+0000][67.424s][info][gc,phases   ] GC(5) y: Pause Relocate Start 0.016ms
[2026-10-03T23:48:06.085+0000][67.538s][info][gc,phases   ] GC(5) y: Concurrent Relocate 114.324ms
[2026-10-03T23:48:06.085+0000][67.538s][info][gc,alloc    ] GC(5) y:                         Mark Start        Mark End      Relocate Start    Relocate End   
[2026-10-03T23:48:06.085+0000][67.538s][info][gc,alloc    ] GC(5) y: Allocation Stalls:          0                0                0                0         
[2026-10-03T23:48:06.085+0000][67.538s][info][gc,load     ] GC(5) y: Load: 1.77 (35%) / 1.65 (33%) / 1.21 (24%)
[2026-10-03T23:48:06.085+0000][67.538s][info][gc,mmu      ] GC(5) y: MMU: 2ms/98.8%, 5ms/99.5%, 10ms/99.8%, 20ms/99.9%, 50ms/99.9%, 100ms/99.9%
[2026-10-03T23:48:06.085+0000][67.538s][info][gc,marking  ] GC(5) y: Mark: 1 stripe(s), 2 proactive flush(es), 1 terminate flush(es), 0 completion(s), 0 continuation(s) 
[2026-10-03T23:48:06.085+0000][67.538s][info][gc,nmethod  ] GC(5) y: NMethods: 15155 registered, 0 unregistered
[2026-10-03T23:48:06.085+0000][67.538s][info][gc,metaspace] GC(5) y: Metaspace: 111M used, 112M committed, 1152M reserved
[2026-10-03T23:48:06.085+0000][67.538s][info][gc,reloc    ] GC(5) y:                        Candidates     Selected     In-Place         Size        Empty    Relocated 
[2026-10-03T23:48:06.085+0000][67.538s][info][gc,reloc    ] GC(5) y: Small Pages:                  722          599            0        1444M          70M          47M 
[2026-10-03T23:48:06.085+0000][67.538s][info][gc,reloc    ] GC(5) y: Medium Pages:                   4            2            0         100M          32M           3M 
[2026-10-03T23:48:06.085+0000][67.538s][info][gc,reloc    ] GC(5) y: Large Pages:                    1            0            0          12M           0M           0M 
[2026-10-03T23:48:06.085+0000][67.538s][info][gc,reloc    ] GC(5) y: Forwarding Usage: 25M
[2026-10-03T23:48:06.085+0000][67.538s][info][gc,reloc    ] GC(5) y: Age Table:
[2026-10-03T23:48:06.085+0000][67.538s][info][gc,reloc    ] GC(5) y:                    Live             Garbage             Small              Medium             Large        
[2026-10-03T23:48:06.085+0000][67.538s][info][gc,reloc    ] GC(5) y: Eden              62M (2%)         1293M (42%)        662 / 593            1 / 1              0 / 0        
[2026-10-03T23:48:06.085+0000][67.538s][info][gc,reloc    ] GC(5) y: Survivor 1        45M (1%)           42M (1%)          26 / 3              2 / 1              0 / 0        
[2026-10-03T23:48:06.085+0000][67.538s][info][gc,reloc    ] GC(5) y: Survivor 2        26M (1%)            3M (0%)          15 / 1              0 / 0              0 / 0        
[2026-10-03T23:48:06.085+0000][67.538s][info][gc,reloc    ] GC(5) y: Survivor 3        44M (1%)           37M (1%)          19 / 2              1 / 0              1 / 0        
[2026-10-03T23:48:06.085+0000][67.538s][info][gc,heap     ] GC(5) y: Min Capacity: 512M(17%)
[2026-10-03T23:48:06.085+0000][67.538s][info][gc,heap     ] GC(5) y: Max Capacity: 3072M(100%)
[2026-10-03T23:48:06.085+0000][67.538s][info][gc,heap     ] GC(5) y: Soft Max Capacity: 3072M(100%)
[2026-10-03T23:48:06.085+0000][67.538s][info][gc,heap     ] GC(5) y: Heap Statistics:
[2026-10-03T23:48:06.085+0000][67.538s][info][gc,heap     ] GC(5) y:                Mark Start          Mark End        Relocate Start      Relocate End           High               Low         
[2026-10-03T23:48:06.085+0000][67.538s][info][gc,heap     ] GC(5) y:  Capacity:     1638M (53%)        1748M (57%)        1748M (57%)        1748M (57%)        1748M (57%)        1638M (53%)    
[2026-10-03T23:48:06.085+0000][67.538s][info][gc,heap     ] GC(5) y:      Free:     1434M (47%)        1324M (43%)        1426M (46%)        2616M (85%)        2616M (85%)        1324M (43%)    
[2026-10-03T23:48:06.085+0000][67.538s][info][gc,heap     ] GC(5) y:      Used:     1638M (53%)        1748M (57%)        1646M (54%)         456M (15%)        1748M (57%)         456M (15%)    
[2026-10-03T23:48:06.085+0000][67.538s][info][gc,heap     ] GC(5) y: Young Generation Statistics:
[2026-10-03T23:48:06.085+0000][67.538s][info][gc,heap     ] GC(5) y:                Mark Start          Mark End        Relocate Start      Relocate End    
[2026-10-03T23:48:06.085+0000][67.538s][info][gc,heap     ] GC(5) y:      Used:     1556M (51%)        1666M (54%)        1518M (49%)         292M (10%)    
[2026-10-03T23:48:06.085+0000][67.538s][info][gc,heap     ] GC(5) y:      Live:         -               179M (6%)          136M (4%)          134M (4%)     
[2026-10-03T23:48:06.085+0000][67.538s][info][gc,heap     ] GC(5) y:   Garbage:         -              1376M (45%)        1271M (41%)           0M (0%)     
[2026-10-03T23:48:06.085+0000][67.538s][info][gc,heap     ] GC(5) y: Allocated:         -               110M (4%)          110M (4%)          156M (5%)     
[2026-10-03T23:48:06.085+0000][67.538s][info][gc,heap     ] GC(5) y: Reclaimed:         -                  -               104M (3%)         1375M (45%)    
[2026-10-03T23:48:06.085+0000][67.538s][info][gc,heap     ] GC(5) y:  Promoted:         -                  -                43M (1%)           44M (1%)     
[2026-10-03T23:48:06.085+0000][67.538s][info][gc,heap     ] GC(5) y: Compacted:         -                  -                  -                63M (2%)     
[2026-10-03T23:48:06.085+0000][67.538s][info][gc,phases   ] GC(5) y: Young Generation 1638M(53%)->456M(15%) 0.798s
[2026-10-03T23:48:06.085+0000][67.538s][info][gc          ] GC(5) Minor Collection (Allocation Rate) 1638M(53%)->456M(15%) 0.799s
[2026-10-03T23:48:31.244+0000][92.697s][info][gc          ] GC(6) Major Collection (Allocation Rate)
[2026-10-03T23:48:31.244+0000][92.697s][info][gc,task     ] GC(6) Using 1 Workers for Young Generation
[2026-10-03T23:48:31.244+0000][92.697s][info][gc,task     ] GC(6) Using 1 Workers for Old Generation
[2026-10-03T23:48:31.244+0000][92.697s][info][gc,phases   ] GC(6) Y: Young Generation
[2026-10-03T23:48:31.265+0000][92.718s][info][gc,phases   ] GC(6) Y: Pause Mark Start (Major) 0.014ms
[2026-10-03T23:48:31.905+0000][93.358s][info][gc,phases   ] GC(6) Y: Concurrent Mark 639.775ms
[2026-10-03T23:48:31.906+0000][93.359s][info][gc,phases   ] GC(6) Y: Pause Mark End 0.015ms
[2026-10-03T23:48:31.906+0000][93.359s][info][gc,phases   ] GC(6) Y: Concurrent Mark Free 0.001ms
[2026-10-03T23:48:31.906+0000][93.359s][info][gc,phases   ] GC(6) Y: Concurrent Reset Relocation Set 0.041ms
[2026-10-03T23:48:31.906+0000][93.359s][info][gc,reloc    ] GC(6) Y: Using tenuring threshold: 4 (Computed)
[2026-10-03T23:48:31.907+0000][93.360s][info][gc,phases   ] GC(6) Y: Concurrent Select Relocation Set 1.187ms
[2026-10-03T23:48:31.908+0000][93.361s][info][gc,phases   ] GC(6) Y: Pause Relocate Start 0.008ms
[2026-10-03T23:48:31.979+0000][93.432s][info][gc,phases   ] GC(6) Y: Concurrent Relocate 70.850ms
[2026-10-03T23:48:31.979+0000][93.432s][info][gc,alloc    ] GC(6) Y:                         Mark Start        Mark End      Relocate Start    Relocate End   
[2026-10-03T23:48:31.979+0000][93.432s][info][gc,alloc    ] GC(6) Y: Allocation Stalls:          0                0                0                0         
[2026-10-03T23:48:31.979+0000][93.432s][info][gc,load     ] GC(6) Y: Load: 2.28 (46%) / 1.76 (35%) / 1.26 (25%)
[2026-10-03T23:48:31.979+0000][93.432s][info][gc,mmu      ] GC(6) Y: MMU: 2ms/98.8%, 5ms/99.5%, 10ms/99.8%, 20ms/99.9%, 50ms/99.9%, 100ms/99.9%
[2026-10-03T23:48:31.979+0000][93.432s][info][gc,marking  ] GC(6) Y: Mark: 1 stripe(s), 2 proactive flush(es), 1 terminate flush(es), 0 completion(s), 0 continuation(s) 
[2026-10-03T23:48:31.979+0000][93.432s][info][gc,nmethod  ] GC(6) Y: NMethods: 19271 registered, 0 unregistered
[2026-10-03T23:48:31.979+0000][93.432s][info][gc,metaspace] GC(6) Y: Metaspace: 120M used, 121M committed, 1152M reserved
[2026-10-03T23:48:31.979+0000][93.432s][info][gc,reloc    ] GC(6) Y:                        Candidates     Selected     In-Place         Size        Empty    Relocated 
[2026-10-03T23:48:31.979+0000][93.432s][info][gc,reloc    ] GC(6) Y: Small Pages:                  710          522            0        1420M         212M          36M 
[2026-10-03T23:48:31.979+0000][93.432s][info][gc,reloc    ] GC(6) Y: Medium Pages:                   3            1            0          68M          32M           0M 
[2026-10-03T23:48:31.979+0000][93.432s][info][gc,reloc    ] GC(6) Y: Large Pages:                    0            0            0           0M           0M           0M 
[2026-10-03T23:48:31.979+0000][93.432s][info][gc,reloc    ] GC(6) Y: Forwarding Usage: 14M
[2026-10-03T23:48:31.979+0000][93.433s][info][gc,reloc    ] GC(6) Y: Age Table:
[2026-10-03T23:48:31.979+0000][93.433s][info][gc,reloc    ] GC(6) Y:                    Live             Garbage             Small              Medium             Large        
[2026-10-03T23:48:31.979+0000][93.433s][info][gc,reloc    ] GC(6) Y: Eden              38M (1%)         1267M (41%)        637 / 507            1 / 0              0 / 0        
[2026-10-03T23:48:31.979+0000][93.433s][info][gc,reloc    ] GC(6) Y: Survivor 1        44M (1%)           57M (2%)          35 / 12             1 / 0              0 / 0        
[2026-10-03T23:48:31.979+0000][93.433s][info][gc,reloc    ] GC(6) Y: Survivor 2        45M (1%)            6M (0%)          24 / 2              1 / 1              0 / 0        
[2026-10-03T23:48:31.979+0000][93.433s][info][gc,reloc    ] GC(6) Y: Survivor 3        26M (1%)            1M (0%)          14 / 1              0 / 0              0 / 0        
[2026-10-03T23:48:31.979+0000][93.433s][info][gc,heap     ] GC(6) Y: Min Capacity: 512M(17%)
[2026-10-03T23:48:31.979+0000][93.433s][info][gc,heap     ] GC(6) Y: Max Capacity: 3072M(100%)
[2026-10-03T23:48:31.979+0000][93.433s][info][gc,heap     ] GC(6) Y: Soft Max Capacity: 3072M(100%)
[2026-10-03T23:48:31.979+0000][93.433s][info][gc,heap     ] GC(6) Y: Heap Statistics:
[2026-10-03T23:48:31.979+0000][93.433s][info][gc,heap     ] GC(6) Y:                Mark Start          Mark End        Relocate Start      Relocate End           High               Low         
[2026-10-03T23:48:31.979+0000][93.433s][info][gc,heap     ] GC(6) Y:  Capacity:     1748M (57%)        1752M (57%)        1752M (57%)        1752M (57%)        1752M (57%)        1748M (57%)    
[2026-10-03T23:48:31.980+0000][93.433s][info][gc,heap     ] GC(6) Y:      Free:     1420M (46%)        1320M (43%)        1564M (51%)        2576M (84%)        2576M (84%)        1320M (43%)    
[2026-10-03T23:48:31.980+0000][93.433s][info][gc,heap     ] GC(6) Y:      Used:     1652M (54%)        1752M (57%)        1508M (49%)         496M (16%)        1752M (57%)         496M (16%)    
[2026-10-03T23:48:31.980+0000][93.433s][info][gc,heap     ] GC(6) Y: Young Generation Statistics:
[2026-10-03T23:48:31.980+0000][93.433s][info][gc,heap     ] GC(6) Y:                Mark Start          Mark End        Relocate Start      Relocate End    
[2026-10-03T23:48:31.980+0000][93.433s][info][gc,heap     ] GC(6) Y:      Used:     1488M (48%)        1588M (52%)        1344M (44%)         332M (11%)    
[2026-10-03T23:48:31.980+0000][93.433s][info][gc,heap     ] GC(6) Y:      Live:         -               154M (5%)          154M (5%)          154M (5%)     
[2026-10-03T23:48:31.980+0000][93.433s][info][gc,heap     ] GC(6) Y:   Garbage:         -              1333M (43%)        1089M (35%)           7M (0%)     
[2026-10-03T23:48:31.980+0000][93.433s][info][gc,heap     ] GC(6) Y: Allocated:         -               100M (3%)          100M (3%)          170M (6%)     
[2026-10-03T23:48:31.980+0000][93.433s][info][gc,heap     ] GC(6) Y: Reclaimed:         -                  -               244M (8%)         1326M (43%)    
[2026-10-03T23:48:31.980+0000][93.433s][info][gc,heap     ] GC(6) Y:  Promoted:         -                  -                 0M (0%)            0M (0%)     
[2026-10-03T23:48:31.980+0000][93.433s][info][gc,heap     ] GC(6) Y: Compacted:         -                  -                  -                45M (1%)     
[2026-10-03T23:48:31.980+0000][93.433s][info][gc,phases   ] GC(6) Y: Young Generation 1650M(54%)->496M(16%) 0.735s
[2026-10-03T23:48:31.980+0000][93.433s][info][gc,phases   ] GC(6) O: Old Generation
[2026-10-03T23:48:32.133+0000][93.586s][info][gc,phases   ] GC(6) O: Concurrent Mark 153.017ms
[2026-10-03T23:48:32.141+0000][93.594s][info][gc,phases   ] GC(6) O: Pause Mark End 0.015ms
[2026-10-03T23:48:32.141+0000][93.594s][info][gc,phases   ] GC(6) O: Concurrent Mark Free 0.001ms
[2026-10-03T23:48:32.298+0000][93.751s][info][gc,phases   ] GC(6) O: Concurrent Process Non-Strong 156.373ms
[2026-10-03T23:48:32.298+0000][93.751s][info][gc,phases   ] GC(6) O: Concurrent Reset Relocation Set 0.001ms
[2026-10-03T23:48:32.316+0000][93.769s][info][gc,phases   ] GC(6) O: Concurrent Select Relocation Set 18.445ms
[2026-10-03T23:48:32.316+0000][93.769s][info][gc,task     ] GC(6) O: Using 1 Workers for Old Generation
[2026-10-03T23:48:32.379+0000][93.832s][info][gc,task     ] GC(6) O: Using 1 Workers for Old Generation
[2026-10-03T23:48:32.379+0000][93.832s][info][gc,phases   ] GC(6) O: Concurrent Remap Roots 62.530ms
[2026-10-03T23:48:32.388+0000][93.841s][info][gc,phases   ] GC(6) O: Pause Relocate Start 0.012ms
[2026-10-03T23:48:32.481+0000][93.934s][info][gc,phases   ] GC(6) O: Concurrent Relocate 92.780ms
[2026-10-03T23:48:32.481+0000][93.934s][info][gc,alloc    ] GC(6) O:                         Mark Start        Mark End      Relocate Start    Relocate End   
[2026-10-03T23:48:32.481+0000][93.934s][info][gc,alloc    ] GC(6) O: Allocation Stalls:          0                0                0                0         
[2026-10-03T23:48:32.481+0000][93.934s][info][gc,load     ] GC(6) O: Load: 2.28 (46%) / 1.76 (35%) / 1.26 (25%)
[2026-10-03T23:48:32.481+0000][93.934s][info][gc,mmu      ] GC(6) O: MMU: 2ms/98.8%, 5ms/99.5%, 10ms/99.8%, 20ms/99.9%, 50ms/99.9%, 100ms/99.9%
[2026-10-03T23:48:32.481+0000][93.934s][info][gc,marking  ] GC(6) O: Mark: 1 stripe(s), 2 proactive flush(es), 1 terminate flush(es), 0 completion(s), 0 continuation(s) 
[2026-10-03T23:48:32.481+0000][93.934s][info][gc,nmethod  ] GC(6) O: NMethods: 14969 registered, 4507 unregistered
[2026-10-03T23:48:32.481+0000][93.934s][info][gc,metaspace] GC(6) O: Metaspace: 120M used, 121M committed, 1152M reserved
[2026-10-03T23:48:32.481+0000][93.934s][info][gc,ref      ] GC(6) O:                       Encountered   Discovered     Enqueued 
[2026-10-03T23:48:32.481+0000][93.934s][info][gc,ref      ] GC(6) O: Soft References:             4477            0            0 
[2026-10-03T23:48:32.481+0000][93.934s][info][gc,ref      ] GC(6) O: Weak References:            45953         3258         1345 
[2026-10-03T23:48:32.481+0000][93.934s][info][gc,ref      ] GC(6) O: Final References:              59           33            0 
[2026-10-03T23:48:32.481+0000][93.934s][info][gc,ref      ] GC(6) O: Phantom References:           724          255           51 
[2026-10-03T23:48:32.481+0000][93.934s][info][gc,reloc    ] GC(6) O:                        Candidates     Selected     In-Place         Size        Empty    Relocated 
[2026-10-03T23:48:32.481+0000][93.934s][info][gc,reloc    ] GC(6) O: Small Pages:                   44           10            0          88M           0M           6M 
[2026-10-03T23:48:32.481+0000][93.934s][info][gc,reloc    ] GC(6) O: Medium Pages:                   2            1            0          64M           0M           3M 
[2026-10-03T23:48:32.481+0000][93.934s][info][gc,reloc    ] GC(6) O: Large Pages:                    1            0            0          12M           0M           0M 
[2026-10-03T23:48:32.481+0000][93.934s][info][gc,reloc    ] GC(6) O: Forwarding Usage: 7M
[2026-10-03T23:48:32.481+0000][93.934s][info][gc,heap     ] GC(6) O: Min Capacity: 512M(17%)
[2026-10-03T23:48:32.481+0000][93.934s][info][gc,heap     ] GC(6) O: Max Capacity: 3072M(100%)
[2026-10-03T23:48:32.481+0000][93.934s][info][gc,heap     ] GC(6) O: Soft Max Capacity: 3072M(100%)
[2026-10-03T23:48:32.481+0000][93.934s][info][gc,heap     ] GC(6) O: Heap Statistics:
[2026-10-03T23:48:32.481+0000][93.934s][info][gc,heap     ] GC(6) O:                Mark Start          Mark End        Relocate Start      Relocate End           High               Low         
[2026-10-03T23:48:32.481+0000][93.934s][info][gc,heap     ] GC(6) O:  Capacity:     1748M (57%)        1752M (57%)        1752M (57%)        1752M (57%)        1752M (57%)        1748M (57%)    
[2026-10-03T23:48:32.481+0000][93.934s][info][gc,heap     ] GC(6) O:      Free:     1420M (46%)        2562M (83%)        2534M (82%)        2570M (84%)        2576M (84%)        1320M (43%)    
[2026-10-03T23:48:32.481+0000][93.934s][info][gc,heap     ] GC(6) O:      Used:     1652M (54%)         510M (17%)         538M (18%)         502M (16%)        1752M (57%)         496M (16%)    
[2026-10-03T23:48:32.481+0000][93.934s][info][gc,heap     ] GC(6) O: Old Generation Statistics:
[2026-10-03T23:48:32.481+0000][93.934s][info][gc,heap     ] GC(6) O:                Mark Start          Mark End        Relocate Start      Relocate End    
[2026-10-03T23:48:32.481+0000][93.934s][info][gc,heap     ] GC(6) O:      Used:      164M (5%)          164M (5%)          164M (5%)          120M (4%)     
[2026-10-03T23:48:32.481+0000][93.934s][info][gc,heap     ] GC(6) O:      Live:         -                76M (2%)           76M (2%)           76M (2%)     
[2026-10-03T23:48:32.481+0000][93.934s][info][gc,heap     ] GC(6) O:   Garbage:         -                87M (3%)           87M (3%)            4M (0%)     
[2026-10-03T23:48:32.481+0000][93.934s][info][gc,heap     ] GC(6) O: Allocated:         -                 0M (0%)            0M (0%)           39M (1%)     
[2026-10-03T23:48:32.481+0000][93.934s][info][gc,heap     ] GC(6) O: Reclaimed:         -                  -                 0M (0%)           83M (3%)     
[2026-10-03T23:48:32.481+0000][93.934s][info][gc,heap     ] GC(6) O: Compacted:         -                  -                  -                22M (1%)     
[2026-10-03T23:48:32.481+0000][93.934s][info][gc,phases   ] GC(6) O: Old Generation 496M(16%)->502M(16%) 0.501s
[2026-10-03T23:48:32.481+0000][93.934s][info][gc          ] GC(6) Major Collection (Allocation Rate) 1650M(54%)->502M(16%) 1.237s
[2026-10-03T23:48:38.514+0000][99.967s][info][gc          ] GC(7) Minor Collection (Allocation Rate)
[2026-10-03T23:48:38.514+0000][99.967s][info][gc,task     ] GC(7) Using 1 Workers for Young Generation
[2026-10-03T23:48:38.514+0000][99.967s][info][gc,phases   ] GC(7) y: Young Generation
[2026-10-03T23:48:38.515+0000][99.968s][info][gc,phases   ] GC(7) y: Pause Mark Start 0.012ms
[2026-10-03T23:48:39.055+0000][100.508s][info][gc,phases   ] GC(7) y: Concurrent Mark 538.969ms
[2026-10-03T23:48:39.055+0000][100.508s][info][gc,phases   ] GC(7) y: Pause Mark End 0.013ms
[2026-10-03T23:48:39.055+0000][100.508s][info][gc,phases   ] GC(7) y: Concurrent Mark Free 0.004ms
[2026-10-03T23:48:39.055+0000][100.509s][info][gc,phases   ] GC(7) y: Concurrent Reset Relocation Set 0.067ms
[2026-10-03T23:48:39.056+0000][100.509s][info][gc,reloc    ] GC(7) y: Using tenuring threshold: 3 (Computed)
[2026-10-03T23:48:39.102+0000][100.555s][info][gc,phases   ] GC(7) y: Concurrent Select Relocation Set 46.406ms
[2026-10-03T23:48:39.102+0000][100.555s][info][gc,phases   ] GC(7) y: Pause Relocate Start 0.009ms
[2026-10-03T23:48:39.252+0000][100.705s][info][gc,phases   ] GC(7) y: Concurrent Relocate 149.734ms
[2026-10-03T23:48:39.252+0000][100.705s][info][gc,alloc    ] GC(7) y:                         Mark Start        Mark End      Relocate Start    Relocate End   
[2026-10-03T23:48:39.252+0000][100.705s][info][gc,alloc    ] GC(7) y: Allocation Stalls:          0                0                0                0         
[2026-10-03T23:48:39.252+0000][100.705s][info][gc,load     ] GC(7) y: Load: 2.34 (47%) / 1.78 (36%) / 1.27 (25%)
[2026-10-03T23:48:39.252+0000][100.705s][info][gc,mmu      ] GC(7) y: MMU: 2ms/98.8%, 5ms/99.5%, 10ms/99.8%, 20ms/99.9%, 50ms/99.9%, 100ms/99.9%
[2026-10-03T23:48:39.252+0000][100.705s][info][gc,marking  ] GC(7) y: Mark: 1 stripe(s), 2 proactive flush(es), 1 terminate flush(es), 0 completion(s), 0 continuation(s) 
[2026-10-03T23:48:39.252+0000][100.705s][info][gc,nmethod  ] GC(7) y: NMethods: 18246 registered, 4507 unregistered
[2026-10-03T23:48:39.252+0000][100.705s][info][gc,metaspace] GC(7) y: Metaspace: 123M used, 124M committed, 1152M reserved
[2026-10-03T23:48:39.252+0000][100.705s][info][gc,reloc    ] GC(7) y:                        Candidates     Selected     In-Place         Size        Empty    Relocated 
[2026-10-03T23:48:39.252+0000][100.705s][info][gc,reloc    ] GC(7) y: Small Pages:                  944          717            0        1888M         202M          61M 
[2026-10-03T23:48:39.252+0000][100.705s][info][gc,reloc    ] GC(7) y: Medium Pages:                   3            2            0          68M           0M           3M 
[2026-10-03T23:48:39.252+0000][100.705s][info][gc,reloc    ] GC(7) y: Large Pages:                    0            0            0           0M           0M           0M 
[2026-10-03T23:48:39.252+0000][100.705s][info][gc,reloc    ] GC(7) y: Forwarding Usage: 32M
[2026-10-03T23:48:39.252+0000][100.705s][info][gc,reloc    ] GC(7) y: Age Table:
[2026-10-03T23:48:39.252+0000][100.705s][info][gc,reloc    ] GC(7) y:                    Live             Garbage             Small              Medium             Large        
[2026-10-03T23:48:39.252+0000][100.705s][info][gc,reloc    ] GC(7) y: Eden              86M (3%)         1651M (54%)        853 / 704            1 / 0              0 / 0        
[2026-10-03T23:48:39.252+0000][100.705s][info][gc,reloc    ] GC(7) y: Survivor 1        27M (1%)           20M (1%)          24 / 6              0 / 0              0 / 0        
[2026-10-03T23:48:39.252+0000][100.705s][info][gc,reloc    ] GC(7) y: Survivor 2        43M (1%)           44M (1%)          28 / 4              1 / 1              0 / 0        
[2026-10-03T23:48:39.252+0000][100.705s][info][gc,reloc    ] GC(7) y: Survivor 3        45M (1%)            4M (0%)          23 / 1              1 / 1              0 / 0        
[2026-10-03T23:48:39.252+0000][100.705s][info][gc,reloc    ] GC(7) y: Survivor 4        26M (1%)            5M (0%)          16 / 2              0 / 0              0 / 0        
[2026-10-03T23:48:39.252+0000][100.705s][info][gc,heap     ] GC(7) y: Min Capacity: 512M(17%)
[2026-10-03T23:48:39.252+0000][100.705s][info][gc,heap     ] GC(7) y: Max Capacity: 3072M(100%)
[2026-10-03T23:48:39.252+0000][100.705s][info][gc,heap     ] GC(7) y: Soft Max Capacity: 3072M(100%)
[2026-10-03T23:48:39.252+0000][100.705s][info][gc,heap     ] GC(7) y: Heap Statistics:
[2026-10-03T23:48:39.252+0000][100.705s][info][gc,heap     ] GC(7) y:                Mark Start          Mark End        Relocate Start      Relocate End           High               Low         
[2026-10-03T23:48:39.252+0000][100.705s][info][gc,heap     ] GC(7) y:  Capacity:     2076M (68%)        2278M (74%)        2278M (74%)        2310M (75%)        2310M (75%)        2076M (68%)    
[2026-10-03T23:48:39.252+0000][100.705s][info][gc,heap     ] GC(7) y:      Free:      996M (32%)         794M (26%)         982M (32%)        2356M (77%)        2386M (78%)         794M (26%)    
[2026-10-03T23:48:39.252+0000][100.705s][info][gc,heap     ] GC(7) y:      Used:     2076M (68%)        2278M (74%)        2090M (68%)         716M (23%)        2278M (74%)         686M (22%)    
[2026-10-03T23:48:39.252+0000][100.705s][info][gc,heap     ] GC(7) y: Young Generation Statistics:
[2026-10-03T23:48:39.252+0000][100.705s][info][gc,heap     ] GC(7) y:                Mark Start          Mark End        Relocate Start      Relocate End    
[2026-10-03T23:48:39.252+0000][100.705s][info][gc,heap     ] GC(7) y:      Used:     1956M (64%)        2158M (70%)        1900M (62%)         520M (17%)    
[2026-10-03T23:48:39.252+0000][100.705s][info][gc,heap     ] GC(7) y:      Live:         -               229M (7%)          160M (5%)          157M (5%)     
[2026-10-03T23:48:39.252+0000][100.705s][info][gc,heap     ] GC(7) y:   Garbage:         -              1726M (56%)        1523M (50%)          13M (0%)     
[2026-10-03T23:48:39.252+0000][100.705s][info][gc,heap     ] GC(7) y: Allocated:         -               202M (7%)          216M (7%)          348M (11%)    
[2026-10-03T23:48:39.252+0000][100.705s][info][gc,heap     ] GC(7) y: Reclaimed:         -                  -               202M (7%)         1712M (56%)    
[2026-10-03T23:48:39.252+0000][100.705s][info][gc,heap     ] GC(7) y:  Promoted:         -                  -                69M (2%)           71M (2%)     
[2026-10-03T23:48:39.252+0000][100.705s][info][gc,heap     ] GC(7) y: Compacted:         -                  -                  -                93M (3%)     
[2026-10-03T23:48:39.252+0000][100.705s][info][gc,phases   ] GC(7) y: Young Generation 2076M(68%)->716M(23%) 0.738s
[2026-10-03T23:48:39.252+0000][100.705s][info][gc          ] GC(7) Minor Collection (Allocation Rate) 2076M(68%)->716M(23%) 0.738s
[2026-10-03T23:48:56.664+0000][118.117s][info][gc,exit     ] Stopping ZGC
[2026-10-03T23:48:56.664+0000][118.117s][info][gc,stats    ] === Garbage Collection Statistics =======================================================================================================================
[2026-10-03T23:48:56.664+0000][118.117s][info][gc,stats    ]                                                              Last 10s              Last 10m              Last 10h                Total
[2026-10-03T23:48:56.664+0000][118.117s][info][gc,stats    ]                                                              Avg / Max             Avg / Max             Avg / Max             Avg / Max
[2026-10-03T23:48:56.664+0000][118.117s][info][gc,stats    ]        Contention: Mark Segment Reset Contention                     0 / 0                 0 / 0                 0 / 0                 0 / 0           ops/s
[2026-10-03T23:48:56.664+0000][118.117s][info][gc,stats    ]        Contention: Mark SeqNum Reset Contention                      0 / 0                 0 / 0                 0 / 0                 0 / 0           ops/s
[2026-10-03T23:48:56.664+0000][118.117s][info][gc,stats    ]          Critical: Allocation Stall                                  0 / 0                 0 / 0                 0 / 0                 0 / 0           ops/s
[2026-10-03T23:48:56.664+0000][118.117s][info][gc,stats    ]          Critical: Allocation Stall                              0.000 / 0.000         0.000 / 0.000         0.000 / 0.000         0.000 / 0.000       ms
[2026-10-03T23:48:56.664+0000][118.117s][info][gc,stats    ]          Critical: JNI Critical Stall                                0 / 0                 0 / 1                 0 / 1                 0 / 1           ops/s
[2026-10-03T23:48:56.664+0000][118.117s][info][gc,stats    ]          Critical: JNI Critical Stall                            0.000 / 0.000         0.285 / 0.285         0.285 / 0.285         0.285 / 0.285       ms
[2026-10-03T23:48:56.664+0000][118.117s][info][gc,stats    ]          Critical: Relocation Stall                                  0 / 0                 0 / 0                 0 / 0                 0 / 0           ops/s
[2026-10-03T23:48:56.664+0000][118.117s][info][gc,stats    ]          Critical: Relocation Stall                              0.000 / 0.000         0.000 / 0.000         0.000 / 0.000         0.000 / 0.000       ms
[2026-10-03T23:48:56.664+0000][118.117s][info][gc,stats    ]  Major Collection: Major Collection                              0.000 / 0.000       422.617 / 1236.653    422.617 / 1236.653    422.617 / 1236.653    ms
[2026-10-03T23:48:56.664+0000][118.117s][info][gc,stats    ]            Memory: Allocation Rate                                  97 / 754              69 / 754              69 / 754              69 / 754         MB/s
[2026-10-03T23:48:56.664+0000][118.117s][info][gc,stats    ]            Memory: Defragment                                        0 / 0                 0 / 0                 0 / 0                 0 / 0           ops/s
[2026-10-03T23:48:56.664+0000][118.117s][info][gc,stats    ]            Memory: Mapped Cache Harvest                              0 / 0                 0 / 0                 0 / 0                 0 / 0           MB/s
[2026-10-03T23:48:56.664+0000][118.117s][info][gc,stats    ]            Memory: Out Of Memory                                     0 / 0                 0 / 0                 0 / 0                 0 / 0           ops/s
[2026-10-03T23:48:56.664+0000][118.117s][info][gc,stats    ]            Memory: Uncommit                                          0 / 0                 0 / 0                 0 / 0                 0 / 0           MB/s
[2026-10-03T23:48:56.664+0000][118.117s][info][gc,stats    ]            Memory: Undo Object Allocation Failed                     0 / 0                 0 / 0                 0 / 0                 0 / 0           ops/s
[2026-10-03T23:48:56.664+0000][118.117s][info][gc,stats    ]            Memory: Undo Object Allocation Succeeded                  0 / 0                 0 / 27                0 / 27                0 / 27          ops/s
[2026-10-03T23:48:56.664+0000][118.117s][info][gc,stats    ]            Memory: Undo Page Allocation                              0 / 2                 0 / 2                 0 / 2                 0 / 2           ops/s
[2026-10-03T23:48:56.664+0000][118.117s][info][gc,stats    ]  Minor Collection: Minor Collection                              0.000 / 0.000       768.143 / 798.586     768.143 / 798.586     768.143 / 798.586     ms
[2026-10-03T23:48:56.664+0000][118.117s][info][gc,stats    ]    Old Generation: Old Generation                                0.000 / 0.000       107.313 / 501.095     107.313 / 501.095     107.313 / 501.095     ms
[2026-10-03T23:48:56.664+0000][118.117s][info][gc,stats    ]         Old Pause: Pause Mark End                                0.000 / 0.000         0.011 / 0.016         0.011 / 0.016         0.011 / 0.016       ms
[2026-10-03T23:48:56.664+0000][118.117s][info][gc,stats    ]         Old Pause: Pause Relocate Start                          0.000 / 0.000         0.009 / 0.014         0.009 / 0.014         0.009 / 0.014       ms
[2026-10-03T23:48:56.664+0000][118.117s][info][gc,stats    ]         Old Phase: Concurrent Mark                               0.000 / 0.000        27.111 / 153.017      27.111 / 153.017      27.111 / 153.017     ms
[2026-10-03T23:48:56.664+0000][118.117s][info][gc,stats    ]         Old Phase: Concurrent Mark Continue                      0.000 / 0.000         0.000 / 0.000         0.000 / 0.000         0.000 / 0.000       ms
[2026-10-03T23:48:56.664+0000][118.117s][info][gc,stats    ]         Old Phase: Concurrent Mark Free                          0.000 / 0.000         0.000 / 0.001         0.000 / 0.001         0.000 / 0.001       ms
[2026-10-03T23:48:56.664+0000][118.117s][info][gc,stats    ]         Old Phase: Concurrent Process Non-Strong                 0.000 / 0.000        42.892 / 156.373      42.892 / 156.373      42.892 / 156.373     ms
[2026-10-03T23:48:56.664+0000][118.117s][info][gc,stats    ]         Old Phase: Concurrent Relocate                           0.000 / 0.000        15.475 / 92.780       15.475 / 92.780       15.475 / 92.780      ms
[2026-10-03T23:48:56.664+0000][118.117s][info][gc,stats    ]         Old Phase: Concurrent Remap Roots                        0.000 / 0.000        14.696 / 62.530       14.696 / 62.530       14.696 / 62.530      ms
[2026-10-03T23:48:56.664+0000][118.117s][info][gc,stats    ]         Old Phase: Concurrent Reset Relocation Set               0.000 / 0.000         0.000 / 0.001         0.000 / 0.001         0.000 / 0.001       ms
[2026-10-03T23:48:56.664+0000][118.117s][info][gc,stats    ]         Old Phase: Concurrent Select Relocation Set              0.000 / 0.000         3.342 / 18.445        3.342 / 18.445        3.342 / 18.445      ms
[2026-10-03T23:48:56.664+0000][118.117s][info][gc,stats    ]      Old Subphase: Concurrent Classes Purge                      0.000 / 0.000         2.159 / 9.417         2.159 / 9.417         2.159 / 9.417       ms
[2026-10-03T23:48:56.664+0000][118.117s][info][gc,stats    ]      Old Subphase: Concurrent Classes Unlink                     0.000 / 0.000        35.814 / 135.951      35.814 / 135.951      35.814 / 135.951     ms
[2026-10-03T23:48:56.664+0000][118.117s][info][gc,stats    ]      Old Subphase: Concurrent Mark Follow                        0.000 / 0.000        26.504 / 152.490      26.504 / 152.490      26.504 / 152.490     ms
[2026-10-03T23:48:56.664+0000][118.117s][info][gc,stats    ]      Old Subphase: Concurrent Mark Root Colored                  0.000 / 0.000         0.092 / 0.220         0.092 / 0.220         0.092 / 0.220       ms
[2026-10-03T23:48:56.664+0000][118.117s][info][gc,stats    ]      Old Subphase: Concurrent Mark Root Uncolored                0.000 / 0.000         0.480 / 1.326         0.480 / 1.326         0.480 / 1.326       ms
[2026-10-03T23:48:56.664+0000][118.117s][info][gc,stats    ]      Old Subphase: Concurrent Mark Roots                         0.000 / 0.000         0.605 / 1.414         0.605 / 1.414         0.605 / 1.414       ms
[2026-10-03T23:48:56.664+0000][118.117s][info][gc,stats    ]      Old Subphase: Concurrent References Enqueue                 0.000 / 0.000         0.002 / 0.013         0.002 / 0.013         0.002 / 0.013       ms
[2026-10-03T23:48:56.664+0000][118.117s][info][gc,stats    ]      Old Subphase: Concurrent References Process                 0.000 / 0.000         0.088 / 0.478         0.088 / 0.478         0.088 / 0.478       ms
[2026-10-03T23:48:56.664+0000][118.117s][info][gc,stats    ]      Old Subphase: Concurrent Remap Remembered                   0.000 / 0.000         1.576 / 7.552         1.576 / 7.552         1.576 / 7.552       ms
[2026-10-03T23:48:56.664+0000][118.117s][info][gc,stats    ]      Old Subphase: Concurrent Remap Roots Colored                0.000 / 0.000         1.148 / 2.147         1.148 / 2.147         1.148 / 2.147       ms
[2026-10-03T23:48:56.664+0000][118.117s][info][gc,stats    ]      Old Subphase: Concurrent Remap Roots Uncolored              0.000 / 0.000        11.203 / 54.428       11.203 / 54.428       11.203 / 54.428      ms
[2026-10-03T23:48:56.664+0000][118.117s][info][gc,stats    ]      Old Subphase: Concurrent Roots ClassLoaderDataGraph         0.000 / 0.000         0.369 / 1.410         0.369 / 1.410         0.369 / 1.410       ms
[2026-10-03T23:48:56.664+0000][118.117s][info][gc,stats    ]      Old Subphase: Concurrent Roots CodeCache                    0.000 / 0.000        11.200 / 54.420       11.200 / 54.420       11.200 / 54.420      ms
[2026-10-03T23:48:56.664+0000][118.117s][info][gc,stats    ]      Old Subphase: Concurrent Roots JavaThreads                  0.000 / 0.000         0.162 / 1.325         0.162 / 1.325         0.162 / 1.325       ms
[2026-10-03T23:48:56.664+0000][118.117s][info][gc,stats    ]      Old Subphase: Concurrent Roots OopStorageSet                0.000 / 0.000         0.016 / 0.067         0.016 / 0.067         0.016 / 0.067       ms
[2026-10-03T23:48:56.664+0000][118.117s][info][gc,stats    ]      Old Subphase: Concurrent Weak Roots OopStorageSet           0.000 / 0.000         1.930 / 12.329        1.930 / 12.329        1.930 / 12.329      ms
[2026-10-03T23:48:56.664+0000][118.117s][info][gc,stats    ]            System: Java Threads                                      0 / 0                20 / 41               20 / 41               20 / 41          threads
[2026-10-03T23:48:56.664+0000][118.117s][info][gc,stats    ]  Young Generation: Young Generation                              0.000 / 0.000       314.934 / 735.186     314.934 / 735.186     314.934 / 735.186     ms
[2026-10-03T23:48:56.664+0000][118.117s][info][gc,stats    ]  Young Generation: Young Generation                              0.000 / 0.000       767.930 / 798.343     767.930 / 798.343     767.930 / 798.343     ms
[2026-10-03T23:48:56.664+0000][118.117s][info][gc,stats    ]  Young Generation: Young Generation (Collect Roots)              0.000 / 0.000         0.000 / 0.000         0.000 / 0.000         0.000 / 0.000       ms
[2026-10-03T23:48:56.664+0000][118.117s][info][gc,stats    ]  Young Generation: Young Generation (Promote All)                0.000 / 0.000         0.000 / 0.000         0.000 / 0.000         0.000 / 0.000       ms
[2026-10-03T23:48:56.664+0000][118.117s][info][gc,stats    ]       Young Pause: Pause Mark End                                0.000 / 0.000         0.013 / 0.017         0.013 / 0.017         0.013 / 0.017       ms
[2026-10-03T23:48:56.664+0000][118.117s][info][gc,stats    ]       Young Pause: Pause Mark Start                              0.000 / 0.000         0.012 / 0.013         0.012 / 0.013         0.012 / 0.013       ms
[2026-10-03T23:48:56.664+0000][118.117s][info][gc,stats    ]       Young Pause: Pause Mark Start (Major)                      0.000 / 0.000         0.013 / 0.017         0.013 / 0.017         0.013 / 0.017       ms
[2026-10-03T23:48:56.664+0000][118.117s][info][gc,stats    ]       Young Pause: Pause Relocate Start                          0.000 / 0.000         0.009 / 0.016         0.009 / 0.016         0.009 / 0.016       ms
[2026-10-03T23:48:56.664+0000][118.117s][info][gc,stats    ]       Young Phase: Concurrent Mark                               0.000 / 0.000       337.216 / 648.561     337.216 / 648.561     337.216 / 648.561     ms
[2026-10-03T23:48:56.664+0000][118.117s][info][gc,stats    ]       Young Phase: Concurrent Mark Continue                      0.000 / 0.000         0.000 / 0.000         0.000 / 0.000         0.000 / 0.000       ms
[2026-10-03T23:48:56.664+0000][118.117s][info][gc,stats    ]       Young Phase: Concurrent Mark Free                          0.000 / 0.000         0.002 / 0.004         0.002 / 0.004         0.002 / 0.004       ms
[2026-10-03T23:48:56.664+0000][118.117s][info][gc,stats    ]       Young Phase: Concurrent Relocate                           0.000 / 0.000        72.541 / 149.734      72.541 / 149.734      72.541 / 149.734     ms
[2026-10-03T23:48:56.664+0000][118.117s][info][gc,stats    ]       Young Phase: Concurrent Reset Relocation Set               0.000 / 0.000         0.026 / 0.067         0.026 / 0.067         0.026 / 0.067       ms
[2026-10-03T23:48:56.664+0000][118.118s][info][gc,stats    ]       Young Phase: Concurrent Select Relocation Set              0.000 / 0.000        13.383 / 46.406       13.383 / 46.406       13.383 / 46.406      ms
[2026-10-03T23:48:56.664+0000][118.118s][info][gc,stats    ]    Young Subphase: Concurrent Mark Follow                        0.000 / 0.000       318.142 / 603.032     318.142 / 603.032     318.142 / 603.032     ms
[2026-10-03T23:48:56.664+0000][118.118s][info][gc,stats    ]    Young Subphase: Concurrent Mark Root Colored                  0.000 / 0.000         6.605 / 18.695        6.605 / 18.695        6.605 / 18.695      ms
[2026-10-03T23:48:56.664+0000][118.118s][info][gc,stats    ]    Young Subphase: Concurrent Mark Root Uncolored                0.000 / 0.000        12.253 / 30.012       12.253 / 30.012       12.253 / 30.012      ms
[2026-10-03T23:48:56.664+0000][118.118s][info][gc,stats    ]    Young Subphase: Concurrent Mark Roots                         0.000 / 0.000        19.072 / 45.525       19.072 / 45.525       19.072 / 45.525      ms
[2026-10-03T23:48:56.664+0000][118.118s][info][gc,stats    ]    Young Subphase: Concurrent Relocate Remset FP                 0.000 / 0.000        13.510 / 55.235       13.510 / 55.235       13.510 / 55.235      ms
[2026-10-03T23:48:56.664+0000][118.118s][info][gc,stats    ]    Young Subphase: Concurrent Roots ClassLoaderDataGraph         0.000 / 0.000         3.140 / 11.436        3.140 / 11.436        3.140 / 11.436      ms
[2026-10-03T23:48:56.664+0000][118.118s][info][gc,stats    ]    Young Subphase: Concurrent Roots CodeCache                    0.000 / 0.000        11.745 / 29.820       11.745 / 29.820       11.745 / 29.820      ms
[2026-10-03T23:48:56.664+0000][118.118s][info][gc,stats    ]    Young Subphase: Concurrent Roots JavaThreads                  0.000 / 0.000         0.257 / 2.041         0.257 / 2.041         0.257 / 2.041       ms
[2026-10-03T23:48:56.664+0000][118.118s][info][gc,stats    ]    Young Subphase: Concurrent Roots OopStorageSet                0.000 / 0.000         0.091 / 0.136         0.091 / 0.136         0.091 / 0.136       ms
[2026-10-03T23:48:56.664+0000][118.118s][info][gc,stats    ]    Young Subphase: Concurrent Weak Roots OopStorageSet           0.000 / 0.000         3.371 / 7.121         3.371 / 7.121         3.371 / 7.121       ms
[2026-10-03T23:48:56.664+0000][118.118s][info][gc,stats    ] =========================================================================================================================================================
[2026-10-03T23:48:56.665+0000][118.118s][info][gc,exit     ] Heap
[2026-10-03T23:48:56.665+0000][118.118s][info][gc,exit     ]  ZHeap           used 2044M, capacity 2310M, max capacity 3072M
[2026-10-03T23:48:56.665+0000][118.118s][info][gc,exit     ]   Cache          266M (2)
[2026-10-03T23:48:56.665+0000][118.118s][info][gc,exit     ]    size classes  32M (1), 128M (1)
[2026-10-03T23:48:56.665+0000][118.118s][info][gc,exit     ]  Metaspace       used 126633K, committed 127808K, reserved 1179648K
[2026-10-03T23:48:56.665+0000][118.118s][info][gc,exit     ]   class space    used 21095K, committed 21568K, reserved 1048576K
