[2026-10-03T23:45:03.030+0000][0.004s][info][gc,init] Initializing The Z Garbage Collector
[2026-10-03T23:45:03.030+0000][0.004s][info][gc,init] Version: 25.0.4.1+1-LTS-5 (release)
[2026-10-03T23:45:03.030+0000][0.004s][info][gc,init] NUMA Support: Disabled
[2026-10-03T23:45:03.030+0000][0.004s][info][gc,init] CPUs: 5 total, 4 available
[2026-10-03T23:45:03.030+0000][0.004s][info][gc,init] Memory: 16384M
[2026-10-03T23:45:03.030+0000][0.004s][info][gc,init] Large Page Support: Disabled
[2026-10-03T23:45:03.030+0000][0.004s][info][gc,init] Address Space Size: unlimited
[2026-10-03T23:45:03.030+0000][0.004s][info][gc,init] Reserved Space Type: Contiguous/Unrestricted/Complete
[2026-10-03T23:45:03.030+0000][0.004s][info][gc,init] Reserved Space Size: 48G
[2026-10-03T23:45:03.030+0000][0.004s][info][gc,init] Heap Backing File: /memfd:java_heap
[2026-10-03T23:45:03.030+0000][0.004s][info][gc,init] Heap Backing Filesystem: tmpfs (0x1021994)
[2026-10-03T23:45:03.031+0000][0.005s][info][gc,init] Min Capacity: 512M
[2026-10-03T23:45:03.031+0000][0.005s][info][gc,init] Initial Capacity: 512M
[2026-10-03T23:45:03.031+0000][0.005s][info][gc,init] Max Capacity: 3072M
[2026-10-03T23:45:03.031+0000][0.005s][info][gc,init] Soft Max Capacity: 3072M
[2026-10-03T23:45:03.031+0000][0.005s][info][gc,init] Page Size Medium: Range [4M, 32M]
[2026-10-03T23:45:03.031+0000][0.005s][info][gc,init] Pre-touch: Disabled
[2026-10-03T23:45:03.031+0000][0.005s][info][gc,init] Available space on backing filesystem: N/A
[2026-10-03T23:45:03.031+0000][0.005s][info][gc,init] Uncommit: Enabled
[2026-10-03T23:45:03.031+0000][0.005s][info][gc,init] Uncommit Delay: 300s
[2026-10-03T23:45:03.031+0000][0.005s][info][gc,init] GC Workers for Old Generation: 1 (dynamic)
[2026-10-03T23:45:03.031+0000][0.005s][info][gc,init] GC Workers for Young Generation: 1 (dynamic)
[2026-10-03T23:45:03.068+0000][0.042s][info][gc,init] GC Workers Max: 1 (dynamic)
[2026-10-03T23:45:03.069+0000][0.043s][info][gc,init] Runtime Workers: 3
[2026-10-03T23:45:03.069+0000][0.043s][info][gc     ] Using The Z Garbage Collector
[2026-10-03T23:45:03.072+0000][0.046s][info][gc,metaspace] CDS archive(s) mapped at: [0x0000000073000000-0x0000000073d94000-0x0000000073d94000), size 14237696, SharedBaseAddress: 0x0000000073000000, ArchiveRelocationMode: 1.
[2026-10-03T23:45:03.072+0000][0.046s][info][gc,metaspace] Compressed class space mapped at: 0x0000000074000000-0x00000000b4000000, reserved size: 1073741824
[2026-10-03T23:45:03.072+0000][0.046s][info][gc,metaspace] UseCompressedClassPointers 1, UseCompactObjectHeaders 0
[2026-10-03T23:45:03.072+0000][0.046s][info][gc,metaspace] Narrow klass pointer bits 32, Max shift 3
[2026-10-03T23:45:03.072+0000][0.046s][info][gc,metaspace] Narrow klass base: 0x0000000073000000, Narrow klass shift: 0
[2026-10-03T23:45:03.072+0000][0.046s][info][gc,metaspace] Encoding Range: [0x0000000073000000 - 0x0000000173000000), (4294967296 bytes)
[2026-10-03T23:45:03.072+0000][0.046s][info][gc,metaspace] Klass Range:    [0x0000000073001000 - 0x00000000b4000000), (1090514944 bytes)
[2026-10-03T23:45:03.072+0000][0.046s][info][gc,metaspace] Klass ID Range:  [4096 - 1090519033) (1090514937)
[2026-10-03T23:45:03.072+0000][0.046s][info][gc,metaspace] Protection zone: [0x0000000073000000 - 0x0000000073001000), (4096 bytes)
[2026-10-03T23:45:52.983+0000][49.957s][info][gc          ] GC(0) Major Collection (Metadata GC Threshold)
[2026-10-03T23:45:52.983+0000][49.957s][info][gc,task     ] GC(0) Using 1 Workers for Young Generation
[2026-10-03T23:45:52.983+0000][49.957s][info][gc,task     ] GC(0) Using 1 Workers for Old Generation
[2026-10-03T23:45:52.983+0000][49.957s][info][gc,phases   ] GC(0) Y: Young Generation
[2026-10-03T23:45:52.983+0000][49.957s][info][gc,phases   ] GC(0) Y: Pause Mark Start (Major) 0.016ms
[2026-10-03T23:45:53.047+0000][50.021s][info][gc,phases   ] GC(0) Y: Concurrent Mark 63.822ms
[2026-10-03T23:45:53.047+0000][50.021s][info][gc,phases   ] GC(0) Y: Pause Mark End 0.011ms
[2026-10-03T23:45:53.047+0000][50.021s][info][gc,phases   ] GC(0) Y: Concurrent Mark Free 0.001ms
[2026-10-03T23:45:53.047+0000][50.022s][info][gc,phases   ] GC(0) Y: Concurrent Reset Relocation Set 0.009ms
[2026-10-03T23:45:53.048+0000][50.022s][info][gc,reloc    ] GC(0) Y: Using tenuring threshold: 1 (Computed)
[2026-10-03T23:45:53.049+0000][50.023s][info][gc,phases   ] GC(0) Y: Concurrent Select Relocation Set 1.543ms
[2026-10-03T23:45:53.049+0000][50.023s][info][gc,phases   ] GC(0) Y: Pause Relocate Start 0.006ms
[2026-10-03T23:45:53.064+0000][50.039s][info][gc,phases   ] GC(0) Y: Concurrent Relocate 15.303ms
[2026-10-03T23:45:53.064+0000][50.039s][info][gc,alloc    ] GC(0) Y:                         Mark Start        Mark End      Relocate Start    Relocate End   
[2026-10-03T23:45:53.064+0000][50.039s][info][gc,alloc    ] GC(0) Y: Allocation Stalls:          0                0                0                0         
[2026-10-03T23:45:53.064+0000][50.039s][info][gc,load     ] GC(0) Y: Load: 1.14 (23%) / 1.43 (29%) / 1.08 (22%)
[2026-10-03T23:45:53.064+0000][50.039s][info][gc,mmu      ] GC(0) Y: MMU: 2ms/99.1%, 5ms/99.7%, 10ms/99.8%, 20ms/99.9%, 50ms/100.0%, 100ms/100.0%
[2026-10-03T23:45:53.064+0000][50.039s][info][gc,marking  ] GC(0) Y: Mark: 1 stripe(s), 2 proactive flush(es), 1 terminate flush(es), 0 completion(s), 0 continuation(s) 
[2026-10-03T23:45:53.064+0000][50.039s][info][gc,nmethod  ] GC(0) Y: NMethods: 4001 registered, 0 unregistered
[2026-10-03T23:45:53.064+0000][50.039s][info][gc,metaspace] GC(0) Y: Metaspace: 21M used, 21M committed, 1088M reserved
[2026-10-03T23:45:53.064+0000][50.039s][info][gc,reloc    ] GC(0) Y:                        Candidates     Selected     In-Place         Size        Empty    Relocated 
[2026-10-03T23:45:53.064+0000][50.039s][info][gc,reloc    ] GC(0) Y: Small Pages:                   65           53            0         130M           4M          11M 
[2026-10-03T23:45:53.064+0000][50.039s][info][gc,reloc    ] GC(0) Y: Medium Pages:                   1            0            0          32M           0M           0M 
[2026-10-03T23:45:53.064+0000][50.039s][info][gc,reloc    ] GC(0) Y: Large Pages:                    1            0            0          12M          12M           0M 
[2026-10-03T23:45:53.064+0000][50.039s][info][gc,reloc    ] GC(0) Y: Forwarding Usage: 5M
[2026-10-03T23:45:53.064+0000][50.039s][info][gc,reloc    ] GC(0) Y: Age Table:
[2026-10-03T23:45:53.064+0000][50.039s][info][gc,reloc    ] GC(0) Y:                    Live             Garbage             Small              Medium             Large        
[2026-10-03T23:45:53.064+0000][50.039s][info][gc,reloc    ] GC(0) Y: Eden              20M (1%)          153M (5%)          65 / 53             1 / 0              1 / 0        
[2026-10-03T23:45:53.064+0000][50.039s][info][gc,heap     ] GC(0) Y: Min Capacity: 512M(17%)
[2026-10-03T23:45:53.064+0000][50.039s][info][gc,heap     ] GC(0) Y: Max Capacity: 3072M(100%)
[2026-10-03T23:45:53.065+0000][50.039s][info][gc,heap     ] GC(0) Y: Soft Max Capacity: 3072M(100%)
[2026-10-03T23:45:53.065+0000][50.039s][info][gc,heap     ] GC(0) Y: Heap Statistics:
[2026-10-03T23:45:53.065+0000][50.039s][info][gc,heap     ] GC(0) Y:                Mark Start          Mark End        Relocate Start      Relocate End           High               Low         
[2026-10-03T23:45:53.065+0000][50.039s][info][gc,heap     ] GC(0) Y:  Capacity:      512M (17%)         512M (17%)         512M (17%)         512M (17%)         512M (17%)         512M (17%)    
[2026-10-03T23:45:53.065+0000][50.039s][info][gc,heap     ] GC(0) Y:      Free:     2898M (94%)        2890M (94%)        2906M (95%)        3006M (98%)        3006M (98%)        2890M (94%)    
[2026-10-03T23:45:53.065+0000][50.039s][info][gc,heap     ] GC(0) Y:      Used:      174M (6%)          182M (6%)          166M (5%)           66M (2%)          182M (6%)           66M (2%)     
[2026-10-03T23:45:53.065+0000][50.039s][info][gc,heap     ] GC(0) Y: Young Generation Statistics:
[2026-10-03T23:45:53.065+0000][50.039s][info][gc,heap     ] GC(0) Y:                Mark Start          Mark End        Relocate Start      Relocate End    
[2026-10-03T23:45:53.065+0000][50.039s][info][gc,heap     ] GC(0) Y:      Used:      174M (6%)          182M (6%)          166M (5%)           66M (2%)     
[2026-10-03T23:45:53.065+0000][50.039s][info][gc,heap     ] GC(0) Y:      Live:         -                20M (1%)           20M (1%)           20M (1%)     
[2026-10-03T23:45:53.065+0000][50.039s][info][gc,heap     ] GC(0) Y:   Garbage:         -               153M (5%)          137M (4%)           29M (1%)     
[2026-10-03T23:45:53.065+0000][50.039s][info][gc,heap     ] GC(0) Y: Allocated:         -                 8M (0%)            8M (0%)           16M (1%)     
[2026-10-03T23:45:53.065+0000][50.039s][info][gc,heap     ] GC(0) Y: Reclaimed:         -                  -                16M (1%)          124M (4%)     
[2026-10-03T23:45:53.065+0000][50.039s][info][gc,heap     ] GC(0) Y:  Promoted:         -                  -                 0M (0%)            0M (0%)     
[2026-10-03T23:45:53.065+0000][50.039s][info][gc,heap     ] GC(0) Y: Compacted:         -                  -                  -                15M (1%)     
[2026-10-03T23:45:53.065+0000][50.039s][info][gc,phases   ] GC(0) Y: Young Generation 174M(6%)->66M(2%) 0.081s
[2026-10-03T23:45:53.065+0000][50.039s][info][gc,phases   ] GC(0) O: Old Generation
[2026-10-03T23:45:53.065+0000][50.039s][info][gc,phases   ] GC(0) O: Concurrent Mark 0.667ms
[2026-10-03T23:45:53.065+0000][50.039s][info][gc,phases   ] GC(0) O: Pause Mark End 0.008ms
[2026-10-03T23:45:53.065+0000][50.039s][info][gc,phases   ] GC(0) O: Concurrent Mark Free 0.000ms
[2026-10-03T23:45:53.084+0000][50.058s][info][gc,phases   ] GC(0) O: Concurrent Process Non-Strong 18.790ms
[2026-10-03T23:45:53.084+0000][50.058s][info][gc,phases   ] GC(0) O: Concurrent Reset Relocation Set 0.001ms
[2026-10-03T23:45:53.085+0000][50.059s][info][gc,phases   ] GC(0) O: Concurrent Select Relocation Set 0.575ms
[2026-10-03T23:45:53.085+0000][50.059s][info][gc,task     ] GC(0) O: Using 1 Workers for Old Generation
[2026-10-03T23:45:53.087+0000][50.061s][info][gc,task     ] GC(0) O: Using 1 Workers for Old Generation
[2026-10-03T23:45:53.087+0000][50.061s][info][gc,phases   ] GC(0) O: Concurrent Remap Roots 2.039ms
[2026-10-03T23:45:53.087+0000][50.061s][info][gc,phases   ] GC(0) O: Pause Relocate Start 0.006ms
[2026-10-03T23:45:53.092+0000][50.066s][info][gc,phases   ] GC(0) O: Concurrent Relocate 5.488ms
[2026-10-03T23:45:53.092+0000][50.066s][info][gc,alloc    ] GC(0) O:                         Mark Start        Mark End      Relocate Start    Relocate End   
[2026-10-03T23:45:53.092+0000][50.067s][info][gc,alloc    ] GC(0) O: Allocation Stalls:          0                0                0                0         
[2026-10-03T23:45:53.092+0000][50.067s][info][gc,load     ] GC(0) O: Load: 1.14 (23%) / 1.43 (29%) / 1.08 (22%)
[2026-10-03T23:45:53.092+0000][50.067s][info][gc,mmu      ] GC(0) O: MMU: 2ms/99.1%, 5ms/99.7%, 10ms/99.8%, 20ms/99.9%, 50ms/99.9%, 100ms/100.0%
[2026-10-03T23:45:53.092+0000][50.067s][info][gc,marking  ] GC(0) O: Mark: 1 stripe(s), 1 proactive flush(es), 1 terminate flush(es), 0 completion(s), 0 continuation(s) 
[2026-10-03T23:45:53.092+0000][50.067s][info][gc,nmethod  ] GC(0) O: NMethods: 3348 registered, 673 unregistered
[2026-10-03T23:45:53.092+0000][50.067s][info][gc,metaspace] GC(0) O: Metaspace: 21M used, 22M committed, 1088M reserved
[2026-10-03T23:45:53.092+0000][50.067s][info][gc,ref      ] GC(0) O:                       Encountered   Discovered     Enqueued 
[2026-10-03T23:45:53.092+0000][50.067s][info][gc,ref      ] GC(0) O: Soft References:             2978            0            0 
[2026-10-03T23:45:53.092+0000][50.067s][info][gc,ref      ] GC(0) O: Weak References:             1646            0            0 
[2026-10-03T23:45:53.092+0000][50.067s][info][gc,ref      ] GC(0) O: Final References:              33            0            0 
[2026-10-03T23:45:53.092+0000][50.067s][info][gc,ref      ] GC(0) O: Phantom References:           557            0            0 
[2026-10-03T23:45:53.092+0000][50.067s][info][gc,heap     ] GC(0) O: Min Capacity: 512M(17%)
[2026-10-03T23:45:53.092+0000][50.067s][info][gc,heap     ] GC(0) O: Max Capacity: 3072M(100%)
[2026-10-03T23:45:53.092+0000][50.067s][info][gc,heap     ] GC(0) O: Soft Max Capacity: 3072M(100%)
[2026-10-03T23:45:53.092+0000][50.067s][info][gc,heap     ] GC(0) O: Heap Statistics:
[2026-10-03T23:45:53.092+0000][50.067s][info][gc,heap     ] GC(0) O:                Mark Start          Mark End        Relocate Start      Relocate End           High               Low         
[2026-10-03T23:45:53.092+0000][50.067s][info][gc,heap     ] GC(0) O:  Capacity:      512M (17%)         512M (17%)         512M (17%)         512M (17%)         512M (17%)         512M (17%)    
[2026-10-03T23:45:53.092+0000][50.067s][info][gc,heap     ] GC(0) O:      Free:     2898M (94%)        3006M (98%)        3004M (98%)        3002M (98%)        3006M (98%)        2890M (94%)    
[2026-10-03T23:45:53.092+0000][50.067s][info][gc,heap     ] GC(0) O:      Used:      174M (6%)           66M (2%)           68M (2%)           70M (2%)          182M (6%)           66M (2%)     
[2026-10-03T23:45:53.092+0000][50.067s][info][gc,heap     ] GC(0) O: Old Generation Statistics:
[2026-10-03T23:45:53.092+0000][50.067s][info][gc,heap     ] GC(0) O:                Mark Start          Mark End        Relocate Start      Relocate End    
[2026-10-03T23:45:53.092+0000][50.067s][info][gc,heap     ] GC(0) O:      Used:        0M (0%)            0M (0%)            0M (0%)            0M (0%)     
[2026-10-03T23:45:53.093+0000][50.067s][info][gc,heap     ] GC(0) O:      Live:         -                 0M (0%)            0M (0%)            0M (0%)     
[2026-10-03T23:45:53.093+0000][50.067s][info][gc,heap     ] GC(0) O:   Garbage:         -                 0M (0%)            0M (0%)            0M (0%)     
[2026-10-03T23:45:53.093+0000][50.067s][info][gc,heap     ] GC(0) O: Allocated:         -                 0M (0%)            0M (0%)            0M (0%)     
[2026-10-03T23:45:53.093+0000][50.067s][info][gc,heap     ] GC(0) O: Reclaimed:         -                  -                 0M (0%)            0M (0%)     
[2026-10-03T23:45:53.093+0000][50.067s][info][gc,heap     ] GC(0) O: Compacted:         -                  -                  -                 0M (0%)     
[2026-10-03T23:45:53.093+0000][50.067s][info][gc,phases   ] GC(0) O: Old Generation 66M(2%)->70M(2%) 0.028s
[2026-10-03T23:45:53.093+0000][50.067s][info][gc          ] GC(0) Major Collection (Metadata GC Threshold) 174M(6%)->70M(2%) 0.109s
[2026-10-03T23:45:53.707+0000][50.681s][info][gc          ] GC(1) Major Collection (Warmup)
[2026-10-03T23:45:53.707+0000][50.681s][info][gc,task     ] GC(1) Using 1 Workers for Young Generation
[2026-10-03T23:45:53.707+0000][50.681s][info][gc,task     ] GC(1) Using 1 Workers for Old Generation
[2026-10-03T23:45:53.707+0000][50.681s][info][gc,phases   ] GC(1) Y: Young Generation
[2026-10-03T23:45:53.707+0000][50.681s][info][gc,phases   ] GC(1) Y: Pause Mark Start (Major) 0.010ms
[2026-10-03T23:45:53.803+0000][50.777s][info][gc,phases   ] GC(1) Y: Concurrent Mark 94.641ms
[2026-10-03T23:45:53.803+0000][50.777s][info][gc,phases   ] GC(1) Y: Pause Mark End 0.011ms
[2026-10-03T23:45:53.803+0000][50.777s][info][gc,phases   ] GC(1) Y: Concurrent Mark Free 0.001ms
[2026-10-03T23:45:53.803+0000][50.777s][info][gc,phases   ] GC(1) Y: Concurrent Reset Relocation Set 0.003ms
[2026-10-03T23:45:53.803+0000][50.777s][info][gc,reloc    ] GC(1) Y: Using tenuring threshold: 2 (Computed)
[2026-10-03T23:45:53.819+0000][50.793s][info][gc,phases   ] GC(1) Y: Concurrent Select Relocation Set 16.075ms
[2026-10-03T23:45:53.819+0000][50.793s][info][gc,phases   ] GC(1) Y: Pause Relocate Start 0.008ms
[2026-10-03T23:45:53.850+0000][50.824s][info][gc,phases   ] GC(1) Y: Concurrent Relocate 31.401ms
[2026-10-03T23:45:53.850+0000][50.824s][info][gc,alloc    ] GC(1) Y:                         Mark Start        Mark End      Relocate Start    Relocate End   
[2026-10-03T23:45:53.850+0000][50.824s][info][gc,alloc    ] GC(1) Y: Allocation Stalls:          0                0                0                0         
[2026-10-03T23:45:53.850+0000][50.824s][info][gc,load     ] GC(1) Y: Load: 1.14 (23%) / 1.43 (29%) / 1.08 (22%)
[2026-10-03T23:45:53.850+0000][50.824s][info][gc,mmu      ] GC(1) Y: MMU: 2ms/99.1%, 5ms/99.7%, 10ms/99.8%, 20ms/99.9%, 50ms/99.9%, 100ms/100.0%
[2026-10-03T23:45:53.850+0000][50.824s][info][gc,marking  ] GC(1) Y: Mark: 1 stripe(s), 2 proactive flush(es), 1 terminate flush(es), 0 completion(s), 0 continuation(s) 
[2026-10-03T23:45:53.850+0000][50.824s][info][gc,nmethod  ] GC(1) Y: NMethods: 4046 registered, 673 unregistered
[2026-10-03T23:45:53.850+0000][50.824s][info][gc,metaspace] GC(1) Y: Metaspace: 23M used, 24M committed, 1088M reserved
[2026-10-03T23:45:53.850+0000][50.824s][info][gc,reloc    ] GC(1) Y:                        Candidates     Selected     In-Place         Size        Empty    Relocated 
[2026-10-03T23:45:53.850+0000][50.824s][info][gc,reloc    ] GC(1) Y: Small Pages:                  124           93            0         248M          12M          17M 
[2026-10-03T23:45:53.850+0000][50.824s][info][gc,reloc    ] GC(1) Y: Medium Pages:                   2            1            0          64M           0M           3M 
[2026-10-03T23:45:53.850+0000][50.824s][info][gc,reloc    ] GC(1) Y: Large Pages:                    0            0            0           0M           0M           0M 
[2026-10-03T23:45:53.850+0000][50.824s][info][gc,reloc    ] GC(1) Y: Forwarding Usage: 9M
[2026-10-03T23:45:53.850+0000][50.824s][info][gc,reloc    ] GC(1) Y: Age Table:
[2026-10-03T23:45:53.850+0000][50.824s][info][gc,reloc    ] GC(1) Y:                    Live             Garbage             Small              Medium             Large        
[2026-10-03T23:45:53.850+0000][50.824s][info][gc,reloc    ] GC(1) Y: Eden              26M (1%)          229M (7%)         112 / 92             1 / 0              0 / 0        
[2026-10-03T23:45:53.850+0000][50.825s][info][gc,reloc    ] GC(1) Y: Survivor 1        20M (1%)           35M (1%)          12 / 1              1 / 1              0 / 0        
[2026-10-03T23:45:53.850+0000][50.825s][info][gc,heap     ] GC(1) Y: Min Capacity: 512M(17%)
[2026-10-03T23:45:53.850+0000][50.825s][info][gc,heap     ] GC(1) Y: Max Capacity: 3072M(100%)
[2026-10-03T23:45:53.850+0000][50.825s][info][gc,heap     ] GC(1) Y: Soft Max Capacity: 3072M(100%)
[2026-10-03T23:45:53.850+0000][50.825s][info][gc,heap     ] GC(1) Y: Heap Statistics:
[2026-10-03T23:45:53.850+0000][50.825s][info][gc,heap     ] GC(1) Y:                Mark Start          Mark End        Relocate Start      Relocate End           High               Low         
[2026-10-03T23:45:53.850+0000][50.825s][info][gc,heap     ] GC(1) Y:  Capacity:      512M (17%)         512M (17%)         512M (17%)         512M (17%)         512M (17%)         512M (17%)    
[2026-10-03T23:45:53.850+0000][50.825s][info][gc,heap     ] GC(1) Y:      Free:     2760M (90%)        2720M (89%)        2722M (89%)        2888M (94%)        2890M (94%)        2686M (87%)    
[2026-10-03T23:45:53.850+0000][50.825s][info][gc,heap     ] GC(1) Y:      Used:      312M (10%)         352M (11%)         350M (11%)         184M (6%)          386M (13%)         182M (6%)     
[2026-10-03T23:45:53.850+0000][50.825s][info][gc,heap     ] GC(1) Y: Young Generation Statistics:
[2026-10-03T23:45:53.850+0000][50.825s][info][gc,heap     ] GC(1) Y:                Mark Start          Mark End        Relocate Start      Relocate End    
[2026-10-03T23:45:53.850+0000][50.825s][info][gc,heap     ] GC(1) Y:      Used:      312M (10%)         352M (11%)         350M (11%)         184M (6%)     
[2026-10-03T23:45:53.850+0000][50.825s][info][gc,heap     ] GC(1) Y:      Live:         -                46M (2%)           46M (2%)           46M (2%)     
[2026-10-03T23:45:53.850+0000][50.825s][info][gc,heap     ] GC(1) Y:   Garbage:         -               265M (9%)          253M (8%)            3M (0%)     
[2026-10-03T23:45:53.850+0000][50.825s][info][gc,heap     ] GC(1) Y: Allocated:         -                40M (1%)           50M (2%)          133M (4%)     
[2026-10-03T23:45:53.850+0000][50.825s][info][gc,heap     ] GC(1) Y: Reclaimed:         -                  -                12M (0%)          261M (9%)     
[2026-10-03T23:45:53.850+0000][50.825s][info][gc,heap     ] GC(1) Y:  Promoted:         -                  -                 0M (0%)            0M (0%)     
[2026-10-03T23:45:53.850+0000][50.825s][info][gc,heap     ] GC(1) Y: Compacted:         -                  -                  -                26M (1%)     
[2026-10-03T23:45:53.850+0000][50.825s][info][gc,phases   ] GC(1) Y: Young Generation 312M(10%)->184M(6%) 0.143s
[2026-10-03T23:45:53.850+0000][50.825s][info][gc,phases   ] GC(1) O: Old Generation
[2026-10-03T23:45:53.851+0000][50.825s][info][gc,phases   ] GC(1) O: Concurrent Mark 0.450ms
[2026-10-03T23:45:53.851+0000][50.825s][info][gc,phases   ] GC(1) O: Pause Mark End 0.012ms
[2026-10-03T23:45:53.851+0000][50.825s][info][gc,phases   ] GC(1) O: Concurrent Mark Free 0.000ms
[2026-10-03T23:45:53.862+0000][50.836s][info][gc,phases   ] GC(1) O: Concurrent Process Non-Strong 11.276ms
[2026-10-03T23:45:53.862+0000][50.836s][info][gc,phases   ] GC(1) O: Concurrent Reset Relocation Set 0.000ms
[2026-10-03T23:45:53.863+0000][50.837s][info][gc,phases   ] GC(1) O: Concurrent Select Relocation Set 0.202ms
[2026-10-03T23:45:53.863+0000][50.837s][info][gc,task     ] GC(1) O: Using 1 Workers for Old Generation
[2026-10-03T23:45:53.864+0000][50.838s][info][gc,task     ] GC(1) O: Using 1 Workers for Old Generation
[2026-10-03T23:45:53.864+0000][50.838s][info][gc,phases   ] GC(1) O: Concurrent Remap Roots 1.659ms
[2026-10-03T23:45:53.864+0000][50.838s][info][gc,phases   ] GC(1) O: Pause Relocate Start 0.007ms
[2026-10-03T23:45:53.868+0000][50.842s][info][gc,phases   ] GC(1) O: Concurrent Relocate 3.824ms
[2026-10-03T23:45:53.868+0000][50.842s][info][gc,alloc    ] GC(1) O:                         Mark Start        Mark End      Relocate Start    Relocate End   
[2026-10-03T23:45:53.868+0000][50.842s][info][gc,alloc    ] GC(1) O: Allocation Stalls:          0                0                0                0         
[2026-10-03T23:45:53.868+0000][50.842s][info][gc,load     ] GC(1) O: Load: 1.14 (23%) / 1.43 (29%) / 1.08 (22%)
[2026-10-03T23:45:53.868+0000][50.842s][info][gc,mmu      ] GC(1) O: MMU: 2ms/99.1%, 5ms/99.7%, 10ms/99.8%, 20ms/99.9%, 50ms/99.9%, 100ms/100.0%
[2026-10-03T23:45:53.868+0000][50.842s][info][gc,marking  ] GC(1) O: Mark: 1 stripe(s), 1 proactive flush(es), 1 terminate flush(es), 0 completion(s), 0 continuation(s) 
[2026-10-03T23:45:53.868+0000][50.842s][info][gc,nmethod  ] GC(1) O: NMethods: 3894 registered, 825 unregistered
[2026-10-03T23:45:53.868+0000][50.842s][info][gc,metaspace] GC(1) O: Metaspace: 23M used, 24M committed, 1088M reserved
[2026-10-03T23:45:53.868+0000][50.842s][info][gc,ref      ] GC(1) O:                       Encountered   Discovered     Enqueued 
[2026-10-03T23:45:53.868+0000][50.842s][info][gc,ref      ] GC(1) O: Soft References:             3075            0            0 
[2026-10-03T23:45:53.868+0000][50.842s][info][gc,ref      ] GC(1) O: Weak References:             1782            0            0 
[2026-10-03T23:45:53.868+0000][50.842s][info][gc,ref      ] GC(1) O: Final References:              33            0            0 
[2026-10-03T23:45:53.868+0000][50.842s][info][gc,ref      ] GC(1) O: Phantom References:           576            0            0 
[2026-10-03T23:45:53.868+0000][50.842s][info][gc,heap     ] GC(1) O: Min Capacity: 512M(17%)
[2026-10-03T23:45:53.868+0000][50.842s][info][gc,heap     ] GC(1) O: Max Capacity: 3072M(100%)
[2026-10-03T23:45:53.868+0000][50.842s][info][gc,heap     ] GC(1) O: Soft Max Capacity: 3072M(100%)
[2026-10-03T23:45:53.868+0000][50.842s][info][gc,heap     ] GC(1) O: Heap Statistics:
[2026-10-03T23:45:53.868+0000][50.842s][info][gc,heap     ] GC(1) O:                Mark Start          Mark End        Relocate Start      Relocate End           High               Low         
[2026-10-03T23:45:53.868+0000][50.842s][info][gc,heap     ] GC(1) O:  Capacity:      512M (17%)         512M (17%)         512M (17%)         512M (17%)         512M (17%)         512M (17%)    
[2026-10-03T23:45:53.868+0000][50.842s][info][gc,heap     ] GC(1) O:      Free:     2760M (90%)        2888M (94%)        2880M (94%)        2878M (94%)        2890M (94%)        2686M (87%)    
[2026-10-03T23:45:53.868+0000][50.842s][info][gc,heap     ] GC(1) O:      Used:      312M (10%)         184M (6%)          192M (6%)          194M (6%)          386M (13%)         182M (6%)     
[2026-10-03T23:45:53.868+0000][50.842s][info][gc,heap     ] GC(1) O: Old Generation Statistics:
[2026-10-03T23:45:53.868+0000][50.842s][info][gc,heap     ] GC(1) O:                Mark Start          Mark End        Relocate Start      Relocate End    
[2026-10-03T23:45:53.868+0000][50.842s][info][gc,heap     ] GC(1) O:      Used:        0M (0%)            0M (0%)            0M (0%)            0M (0%)     
[2026-10-03T23:45:53.868+0000][50.842s][info][gc,heap     ] GC(1) O:      Live:         -                 0M (0%)            0M (0%)            0M (0%)     
[2026-10-03T23:45:53.868+0000][50.842s][info][gc,heap     ] GC(1) O:   Garbage:         -                 0M (0%)            0M (0%)            0M (0%)     
[2026-10-03T23:45:53.868+0000][50.842s][info][gc,heap     ] GC(1) O: Allocated:         -                 0M (0%)            0M (0%)            0M (0%)     
[2026-10-03T23:45:53.868+0000][50.842s][info][gc,heap     ] GC(1) O: Reclaimed:         -                  -                 0M (0%)            0M (0%)     
[2026-10-03T23:45:53.868+0000][50.842s][info][gc,heap     ] GC(1) O: Compacted:         -                  -                  -                 0M (0%)     
[2026-10-03T23:45:53.868+0000][50.842s][info][gc,phases   ] GC(1) O: Old Generation 184M(6%)->194M(6%) 0.018s
[2026-10-03T23:45:53.868+0000][50.842s][info][gc          ] GC(1) Major Collection (Warmup) 312M(10%)->194M(6%) 0.161s
[2026-10-03T23:45:55.478+0000][52.452s][info][gc          ] GC(2) Major Collection (Metadata GC Threshold)
[2026-10-03T23:45:55.478+0000][52.452s][info][gc,task     ] GC(2) Using 1 Workers for Young Generation
[2026-10-03T23:45:55.478+0000][52.452s][info][gc,task     ] GC(2) Using 1 Workers for Old Generation
[2026-10-03T23:45:55.478+0000][52.452s][info][gc,phases   ] GC(2) Y: Young Generation
[2026-10-03T23:45:55.478+0000][52.452s][info][gc,phases   ] GC(2) Y: Pause Mark Start (Major) 0.014ms
[2026-10-03T23:45:55.653+0000][52.627s][info][gc,phases   ] GC(2) Y: Concurrent Mark 175.053ms
[2026-10-03T23:45:55.653+0000][52.627s][info][gc,phases   ] GC(2) Y: Pause Mark End 0.017ms
[2026-10-03T23:45:55.653+0000][52.627s][info][gc,phases   ] GC(2) Y: Concurrent Mark Free 0.003ms
[2026-10-03T23:45:55.653+0000][52.627s][info][gc,phases   ] GC(2) Y: Concurrent Reset Relocation Set 0.017ms
[2026-10-03T23:45:55.653+0000][52.627s][info][gc,reloc    ] GC(2) Y: Using tenuring threshold: 3 (Computed)
[2026-10-03T23:45:55.656+0000][52.630s][info][gc,phases   ] GC(2) Y: Concurrent Select Relocation Set 2.879ms
[2026-10-03T23:45:55.656+0000][52.630s][info][gc,phases   ] GC(2) Y: Pause Relocate Start 0.009ms
[2026-10-03T23:45:55.700+0000][52.674s][info][gc,phases   ] GC(2) Y: Concurrent Relocate 44.197ms
[2026-10-03T23:45:55.700+0000][52.675s][info][gc,alloc    ] GC(2) Y:                         Mark Start        Mark End      Relocate Start    Relocate End   
[2026-10-03T23:45:55.700+0000][52.675s][info][gc,alloc    ] GC(2) Y: Allocation Stalls:          0                0                0                0         
[2026-10-03T23:45:55.700+0000][52.675s][info][gc,load     ] GC(2) Y: Load: 1.45 (29%) / 1.49 (30%) / 1.10 (22%)
[2026-10-03T23:45:55.700+0000][52.675s][info][gc,mmu      ] GC(2) Y: MMU: 2ms/99.1%, 5ms/99.5%, 10ms/99.7%, 20ms/99.9%, 50ms/99.9%, 100ms/100.0%
[2026-10-03T23:45:55.700+0000][52.675s][info][gc,marking  ] GC(2) Y: Mark: 1 stripe(s), 2 proactive flush(es), 1 terminate flush(es), 0 completion(s), 0 continuation(s) 
[2026-10-03T23:45:55.700+0000][52.675s][info][gc,nmethod  ] GC(2) Y: NMethods: 5847 registered, 0 unregistered
[2026-10-03T23:45:55.700+0000][52.675s][info][gc,metaspace] GC(2) Y: Metaspace: 42M used, 43M committed, 1088M reserved
[2026-10-03T23:45:55.700+0000][52.675s][info][gc,reloc    ] GC(2) Y:                        Candidates     Selected     In-Place         Size        Empty    Relocated 
[2026-10-03T23:45:55.700+0000][52.675s][info][gc,reloc    ] GC(2) Y: Small Pages:                  239          194            0         478M           4M          25M 
[2026-10-03T23:45:55.700+0000][52.675s][info][gc,reloc    ] GC(2) Y: Medium Pages:                   3            2            0          96M           0M           3M 
[2026-10-03T23:45:55.700+0000][52.675s][info][gc,reloc    ] GC(2) Y: Large Pages:                    1            0            0          12M           0M           0M 
[2026-10-03T23:45:55.701+0000][52.675s][info][gc,reloc    ] GC(2) Y: Forwarding Usage: 13M
[2026-10-03T23:45:55.701+0000][52.675s][info][gc,reloc    ] GC(2) Y: Age Table:
[2026-10-03T23:45:55.701+0000][52.675s][info][gc,reloc    ] GC(2) Y:                    Live             Garbage             Small              Medium             Large        
[2026-10-03T23:45:55.701+0000][52.675s][info][gc,reloc    ] GC(2) Y: Eden              46M (2%)          419M (14%)        211 / 191            1 / 0              1 / 0        
[2026-10-03T23:45:55.701+0000][52.675s][info][gc,reloc    ] GC(2) Y: Survivor 1        23M (1%)           40M (1%)          16 / 2              1 / 1              0 / 0        
[2026-10-03T23:45:55.701+0000][52.675s][info][gc,reloc    ] GC(2) Y: Survivor 2        20M (1%)           35M (1%)          12 / 1              1 / 1              0 / 0        
[2026-10-03T23:45:55.701+0000][52.675s][info][gc,heap     ] GC(2) Y: Min Capacity: 512M(17%)
[2026-10-03T23:45:55.701+0000][52.675s][info][gc,heap     ] GC(2) Y: Max Capacity: 3072M(100%)
[2026-10-03T23:45:55.701+0000][52.675s][info][gc,heap     ] GC(2) Y: Soft Max Capacity: 3072M(100%)
[2026-10-03T23:45:55.701+0000][52.675s][info][gc,heap     ] GC(2) Y: Heap Statistics:
[2026-10-03T23:45:55.701+0000][52.675s][info][gc,heap     ] GC(2) Y:                Mark Start          Mark End        Relocate Start      Relocate End           High               Low         
[2026-10-03T23:45:55.701+0000][52.675s][info][gc,heap     ] GC(2) Y:  Capacity:      586M (19%)         614M (20%)         614M (20%)         648M (21%)         648M (21%)         586M (19%)    
[2026-10-03T23:45:55.701+0000][52.675s][info][gc,heap     ] GC(2) Y:      Free:     2486M (81%)        2458M (80%)        2462M (80%)        2840M (92%)        2840M (92%)        2424M (79%)    
[2026-10-03T23:45:55.701+0000][52.675s][info][gc,heap     ] GC(2) Y:      Used:      586M (19%)         614M (20%)         610M (20%)         232M (8%)          648M (21%)         232M (8%)     
[2026-10-03T23:45:55.701+0000][52.675s][info][gc,heap     ] GC(2) Y: Young Generation Statistics:
[2026-10-03T23:45:55.701+0000][52.675s][info][gc,heap     ] GC(2) Y:                Mark Start          Mark End        Relocate Start      Relocate End    
[2026-10-03T23:45:55.701+0000][52.675s][info][gc,heap     ] GC(2) Y:      Used:      586M (19%)         614M (20%)         610M (20%)         232M (8%)     
[2026-10-03T23:45:55.701+0000][52.675s][info][gc,heap     ] GC(2) Y:      Live:         -                90M (3%)           90M (3%)           90M (3%)     
[2026-10-03T23:45:55.701+0000][52.675s][info][gc,heap     ] GC(2) Y:   Garbage:         -               495M (16%)         491M (16%)           6M (0%)     
[2026-10-03T23:45:55.701+0000][52.675s][info][gc,heap     ] GC(2) Y: Allocated:         -                28M (1%)           28M (1%)          134M (4%)     
[2026-10-03T23:45:55.701+0000][52.675s][info][gc,heap     ] GC(2) Y: Reclaimed:         -                  -                 4M (0%)          488M (16%)    
[2026-10-03T23:45:55.701+0000][52.675s][info][gc,heap     ] GC(2) Y:  Promoted:         -                  -                 0M (0%)            0M (0%)     
[2026-10-03T23:45:55.701+0000][52.675s][info][gc,heap     ] GC(2) Y: Compacted:         -                  -                  -                37M (1%)     
[2026-10-03T23:45:55.701+0000][52.675s][info][gc,phases   ] GC(2) Y: Young Generation 586M(19%)->232M(8%) 0.223s
[2026-10-03T23:45:55.701+0000][52.675s][info][gc,phases   ] GC(2) O: Old Generation
[2026-10-03T23:45:55.701+0000][52.675s][info][gc,phases   ] GC(2) O: Concurrent Mark 0.510ms
[2026-10-03T23:45:55.701+0000][52.675s][info][gc,phases   ] GC(2) O: Pause Mark End 0.014ms
[2026-10-03T23:45:55.701+0000][52.675s][info][gc,phases   ] GC(2) O: Concurrent Mark Free 0.000ms
[2026-10-03T23:45:55.723+0000][52.698s][info][gc,phases   ] GC(2) O: Concurrent Process Non-Strong 22.162ms
[2026-10-03T23:45:55.723+0000][52.698s][info][gc,phases   ] GC(2) O: Concurrent Reset Relocation Set 0.000ms
[2026-10-03T23:45:55.724+0000][52.698s][info][gc,phases   ] GC(2) O: Concurrent Select Relocation Set 0.898ms
[2026-10-03T23:45:55.724+0000][52.698s][info][gc,task     ] GC(2) O: Using 1 Workers for Old Generation
[2026-10-03T23:45:55.729+0000][52.703s][info][gc,task     ] GC(2) O: Using 1 Workers for Old Generation
[2026-10-03T23:45:55.729+0000][52.703s][info][gc,phases   ] GC(2) O: Concurrent Remap Roots 4.913ms
[2026-10-03T23:45:55.729+0000][52.704s][info][gc,phases   ] GC(2) O: Pause Relocate Start 0.013ms
[2026-10-03T23:45:55.729+0000][52.704s][info][gc,phases   ] GC(2) O: Concurrent Relocate 0.018ms
[2026-10-03T23:45:55.730+0000][52.704s][info][gc,alloc    ] GC(2) O:                         Mark Start        Mark End      Relocate Start    Relocate End   
[2026-10-03T23:45:55.730+0000][52.704s][info][gc,alloc    ] GC(2) O: Allocation Stalls:          0                0                0                0         
[2026-10-03T23:45:55.730+0000][52.704s][info][gc,load     ] GC(2) O: Load: 1.45 (29%) / 1.49 (30%) / 1.10 (22%)
[2026-10-03T23:45:55.730+0000][52.704s][info][gc,mmu      ] GC(2) O: MMU: 2ms/99.1%, 5ms/99.5%, 10ms/99.7%, 20ms/99.9%, 50ms/99.9%, 100ms/99.9%
[2026-10-03T23:45:55.730+0000][52.704s][info][gc,marking  ] GC(2) O: Mark: 1 stripe(s), 1 proactive flush(es), 1 terminate flush(es), 0 completion(s), 0 continuation(s) 
[2026-10-03T23:45:55.730+0000][52.704s][info][gc,nmethod  ] GC(2) O: NMethods: 5429 registered, 448 unregistered
[2026-10-03T23:45:55.730+0000][52.704s][info][gc,metaspace] GC(2) O: Metaspace: 42M used, 43M committed, 1088M reserved
[2026-10-03T23:45:55.730+0000][52.704s][info][gc,ref      ] GC(2) O:                       Encountered   Discovered     Enqueued 
[2026-10-03T23:45:55.730+0000][52.704s][info][gc,ref      ] GC(2) O: Soft References:             3405            0            0 
[2026-10-03T23:45:55.730+0000][52.704s][info][gc,ref      ] GC(2) O: Weak References:             8486            0            0 
[2026-10-03T23:45:55.730+0000][52.704s][info][gc,ref      ] GC(2) O: Final References:              34            0            0 
[2026-10-03T23:45:55.730+0000][52.704s][info][gc,ref      ] GC(2) O: Phantom References:           619            0            0 
[2026-10-03T23:45:55.730+0000][52.704s][info][gc,heap     ] GC(2) O: Min Capacity: 512M(17%)
[2026-10-03T23:45:55.730+0000][52.704s][info][gc,heap     ] GC(2) O: Max Capacity: 3072M(100%)
[2026-10-03T23:45:55.730+0000][52.704s][info][gc,heap     ] GC(2) O: Soft Max Capacity: 3072M(100%)
[2026-10-03T23:45:55.730+0000][52.704s][info][gc,heap     ] GC(2) O: Heap Statistics:
[2026-10-03T23:45:55.730+0000][52.704s][info][gc,heap     ] GC(2) O:                Mark Start          Mark End        Relocate Start      Relocate End           High               Low         
[2026-10-03T23:45:55.730+0000][52.704s][info][gc,heap     ] GC(2) O:  Capacity:      586M (19%)         648M (21%)         648M (21%)         648M (21%)         648M (21%)         586M (19%)    
[2026-10-03T23:45:55.730+0000][52.704s][info][gc,heap     ] GC(2) O:      Free:     2486M (81%)        2840M (92%)        2838M (92%)        2838M (92%)        2840M (92%)        2424M (79%)    
[2026-10-03T23:45:55.730+0000][52.704s][info][gc,heap     ] GC(2) O:      Used:      586M (19%)         232M (8%)          234M (8%)          234M (8%)          648M (21%)         232M (8%)     
[2026-10-03T23:45:55.730+0000][52.704s][info][gc,heap     ] GC(2) O: Old Generation Statistics:
[2026-10-03T23:45:55.730+0000][52.704s][info][gc,heap     ] GC(2) O:                Mark Start          Mark End        Relocate Start      Relocate End    
[2026-10-03T23:45:55.730+0000][52.704s][info][gc,heap     ] GC(2) O:      Used:        0M (0%)            0M (0%)            0M (0%)            0M (0%)     
[2026-10-03T23:45:55.730+0000][52.704s][info][gc,heap     ] GC(2) O:      Live:         -                 0M (0%)            0M (0%)            0M (0%)     
[2026-10-03T23:45:55.730+0000][52.704s][info][gc,heap     ] GC(2) O:   Garbage:         -                 0M (0%)            0M (0%)            0M (0%)     
[2026-10-03T23:45:55.730+0000][52.704s][info][gc,heap     ] GC(2) O: Allocated:         -                 0M (0%)            0M (0%)            0M (0%)     
[2026-10-03T23:45:55.730+0000][52.704s][info][gc,heap     ] GC(2) O: Reclaimed:         -                  -                 0M (0%)            0M (0%)     
[2026-10-03T23:45:55.730+0000][52.704s][info][gc,heap     ] GC(2) O: Compacted:         -                  -                  -                 0M (0%)     
[2026-10-03T23:45:55.730+0000][52.704s][info][gc,phases   ] GC(2) O: Old Generation 232M(8%)->234M(8%) 0.029s
[2026-10-03T23:45:55.730+0000][52.704s][info][gc          ] GC(2) Major Collection (Metadata GC Threshold) 586M(19%)->234M(8%) 0.252s
[2026-10-03T23:45:56.835+0000][53.809s][info][gc          ] GC(3) Major Collection (Warmup)
[2026-10-03T23:45:56.835+0000][53.809s][info][gc,task     ] GC(3) Using 1 Workers for Young Generation
[2026-10-03T23:45:56.835+0000][53.809s][info][gc,task     ] GC(3) Using 1 Workers for Old Generation
[2026-10-03T23:45:56.835+0000][53.809s][info][gc,phases   ] GC(3) Y: Young Generation
[2026-10-03T23:45:56.835+0000][53.809s][info][gc,phases   ] GC(3) Y: Pause Mark Start (Major) 0.011ms
[2026-10-03T23:45:57.064+0000][54.038s][info][gc,phases   ] GC(3) Y: Concurrent Mark 228.330ms
[2026-10-03T23:45:57.064+0000][54.038s][info][gc,phases   ] GC(3) Y: Pause Mark End 0.047ms
[2026-10-03T23:45:57.064+0000][54.038s][info][gc,phases   ] GC(3) Y: Concurrent Mark Free 0.001ms
[2026-10-03T23:45:57.064+0000][54.038s][info][gc,phases   ] GC(3) Y: Concurrent Reset Relocation Set 0.008ms
[2026-10-03T23:45:57.064+0000][54.038s][info][gc,reloc    ] GC(3) Y: Using tenuring threshold: 4 (Computed)
[2026-10-03T23:45:57.065+0000][54.039s][info][gc,phases   ] GC(3) Y: Concurrent Select Relocation Set 0.906ms
[2026-10-03T23:45:57.065+0000][54.039s][info][gc,phases   ] GC(3) Y: Pause Relocate Start 0.008ms
[2026-10-03T23:45:57.105+0000][54.079s][info][gc,phases   ] GC(3) Y: Concurrent Relocate 39.410ms
[2026-10-03T23:45:57.105+0000][54.079s][info][gc,alloc    ] GC(3) Y:                         Mark Start        Mark End      Relocate Start    Relocate End   
[2026-10-03T23:45:57.105+0000][54.079s][info][gc,alloc    ] GC(3) Y: Allocation Stalls:          0                0                0                0         
[2026-10-03T23:45:57.105+0000][54.079s][info][gc,load     ] GC(3) Y: Load: 1.45 (29%) / 1.49 (30%) / 1.10 (22%)
[2026-10-03T23:45:57.105+0000][54.079s][info][gc,mmu      ] GC(3) Y: MMU: 2ms/97.3%, 5ms/98.9%, 10ms/99.5%, 20ms/99.7%, 50ms/99.9%, 100ms/99.9%
[2026-10-03T23:45:57.105+0000][54.079s][info][gc,marking  ] GC(3) Y: Mark: 1 stripe(s), 2 proactive flush(es), 1 terminate flush(es), 0 completion(s), 0 continuation(s) 
[2026-10-03T23:45:57.105+0000][54.079s][info][gc,nmethod  ] GC(3) Y: NMethods: 6938 registered, 448 unregistered
[2026-10-03T23:45:57.105+0000][54.079s][info][gc,metaspace] GC(3) Y: Metaspace: 50M used, 50M committed, 1088M reserved
[2026-10-03T23:45:57.105+0000][54.079s][info][gc,reloc    ] GC(3) Y:                        Candidates     Selected     In-Place         Size        Empty    Relocated 
[2026-10-03T23:45:57.105+0000][54.079s][info][gc,reloc    ] GC(3) Y: Small Pages:                  254          197            0         508M           2M          25M 
[2026-10-03T23:45:57.105+0000][54.079s][info][gc,reloc    ] GC(3) Y: Medium Pages:                   3            2            0          96M           0M           3M 
[2026-10-03T23:45:57.105+0000][54.079s][info][gc,reloc    ] GC(3) Y: Large Pages:                    1            0            0          12M           0M           0M 
[2026-10-03T23:45:57.105+0000][54.079s][info][gc,reloc    ] GC(3) Y: Forwarding Usage: 11M
[2026-10-03T23:45:57.105+0000][54.079s][info][gc,reloc    ] GC(3) Y: Age Table:
[2026-10-03T23:45:57.105+0000][54.079s][info][gc,reloc    ] GC(3) Y:                    Live             Garbage             Small              Medium             Large        
[2026-10-03T23:45:57.105+0000][54.079s][info][gc,reloc    ] GC(3) Y: Eden              26M (1%)          389M (13%)        208 / 192            0 / 0              0 / 0        
[2026-10-03T23:45:57.105+0000][54.079s][info][gc,reloc    ] GC(3) Y: Survivor 1        46M (2%)           35M (1%)          19 / 1              1 / 1              1 / 0        
[2026-10-03T23:45:57.105+0000][54.079s][info][gc,reloc    ] GC(3) Y: Survivor 2        23M (1%)           38M (1%)          15 / 1              1 / 0              0 / 0        
[2026-10-03T23:45:57.105+0000][54.079s][info][gc,reloc    ] GC(3) Y: Survivor 3        20M (1%)           35M (1%)          12 / 3              1 / 1              0 / 0        
[2026-10-03T23:45:57.105+0000][54.079s][info][gc,heap     ] GC(3) Y: Min Capacity: 512M(17%)
[2026-10-03T23:45:57.105+0000][54.079s][info][gc,heap     ] GC(3) Y: Max Capacity: 3072M(100%)
[2026-10-03T23:45:57.105+0000][54.079s][info][gc,heap     ] GC(3) Y: Soft Max Capacity: 3072M(100%)
[2026-10-03T23:45:57.105+0000][54.079s][info][gc,heap     ] GC(3) Y: Heap Statistics:
[2026-10-03T23:45:57.105+0000][54.079s][info][gc,heap     ] GC(3) Y:                Mark Start          Mark End        Relocate Start      Relocate End           High               Low         
[2026-10-03T23:45:57.105+0000][54.079s][info][gc,heap     ] GC(3) Y:  Capacity:      648M (21%)         680M (22%)         680M (22%)         722M (24%)         722M (24%)         648M (21%)    
[2026-10-03T23:45:57.105+0000][54.079s][info][gc,heap     ] GC(3) Y:      Free:     2456M (80%)        2394M (78%)        2396M (78%)        2760M (90%)        2760M (90%)        2350M (76%)    
[2026-10-03T23:45:57.105+0000][54.079s][info][gc,heap     ] GC(3) Y:      Used:      616M (20%)         678M (22%)         676M (22%)         312M (10%)         722M (24%)         312M (10%)    
[2026-10-03T23:45:57.105+0000][54.079s][info][gc,heap     ] GC(3) Y: Young Generation Statistics:
[2026-10-03T23:45:57.105+0000][54.079s][info][gc,heap     ] GC(3) Y:                Mark Start          Mark End        Relocate Start      Relocate End    
[2026-10-03T23:45:57.105+0000][54.079s][info][gc,heap     ] GC(3) Y:      Used:      616M (20%)         678M (22%)         676M (22%)         312M (10%)    
[2026-10-03T23:45:57.105+0000][54.079s][info][gc,heap     ] GC(3) Y:      Live:         -               116M (4%)          116M (4%)          116M (4%)     
[2026-10-03T23:45:57.105+0000][54.079s][info][gc,heap     ] GC(3) Y:   Garbage:         -               499M (16%)         497M (16%)           6M (0%)     
[2026-10-03T23:45:57.105+0000][54.079s][info][gc,heap     ] GC(3) Y: Allocated:         -                62M (2%)           62M (2%)          188M (6%)     
[2026-10-03T23:45:57.105+0000][54.079s][info][gc,heap     ] GC(3) Y: Reclaimed:         -                  -                 2M (0%)          492M (16%)    
[2026-10-03T23:45:57.105+0000][54.079s][info][gc,heap     ] GC(3) Y:  Promoted:         -                  -                 0M (0%)            0M (0%)     
[2026-10-03T23:45:57.105+0000][54.079s][info][gc,heap     ] GC(3) Y: Compacted:         -                  -                  -                33M (1%)     
[2026-10-03T23:45:57.105+0000][54.079s][info][gc,phases   ] GC(3) Y: Young Generation 616M(20%)->312M(10%) 0.270s
[2026-10-03T23:45:57.105+0000][54.079s][info][gc,phases   ] GC(3) O: Old Generation
[2026-10-03T23:45:57.105+0000][54.079s][info][gc,phases   ] GC(3) O: Concurrent Mark 0.253ms
[2026-10-03T23:45:57.105+0000][54.079s][info][gc,phases   ] GC(3) O: Pause Mark End 0.010ms
[2026-10-03T23:45:57.105+0000][54.079s][info][gc,phases   ] GC(3) O: Concurrent Mark Free 0.000ms
[2026-10-03T23:45:57.121+0000][54.095s][info][gc,phases   ] GC(3) O: Concurrent Process Non-Strong 15.594ms
[2026-10-03T23:45:57.121+0000][54.095s][info][gc,phases   ] GC(3) O: Concurrent Reset Relocation Set 0.000ms
[2026-10-03T23:45:57.121+0000][54.095s][info][gc,phases   ] GC(3) O: Concurrent Select Relocation Set 0.155ms
[2026-10-03T23:45:57.121+0000][54.095s][info][gc,task     ] GC(3) O: Using 1 Workers for Old Generation
[2026-10-03T23:45:57.124+0000][54.098s][info][gc,task     ] GC(3) O: Using 1 Workers for Old Generation
[2026-10-03T23:45:57.124+0000][54.098s][info][gc,phases   ] GC(3) O: Concurrent Remap Roots 2.881ms
[2026-10-03T23:45:57.124+0000][54.098s][info][gc,phases   ] GC(3) O: Pause Relocate Start 0.008ms
[2026-10-03T23:45:57.124+0000][54.098s][info][gc,phases   ] GC(3) O: Concurrent Relocate 0.010ms
[2026-10-03T23:45:57.124+0000][54.098s][info][gc,alloc    ] GC(3) O:                         Mark Start        Mark End      Relocate Start    Relocate End   
[2026-10-03T23:45:57.124+0000][54.098s][info][gc,alloc    ] GC(3) O: Allocation Stalls:          0                0                0                0         
[2026-10-03T23:45:57.124+0000][54.098s][info][gc,load     ] GC(3) O: Load: 1.45 (29%) / 1.49 (30%) / 1.10 (22%)
[2026-10-03T23:45:57.124+0000][54.098s][info][gc,mmu      ] GC(3) O: MMU: 2ms/97.3%, 5ms/98.9%, 10ms/99.5%, 20ms/99.7%, 50ms/99.9%, 100ms/99.9%
[2026-10-03T23:45:57.124+0000][54.098s][info][gc,marking  ] GC(3) O: Mark: 1 stripe(s), 1 proactive flush(es), 1 terminate flush(es), 0 completion(s), 0 continuation(s) 
[2026-10-03T23:45:57.124+0000][54.098s][info][gc,nmethod  ] GC(3) O: NMethods: 6404 registered, 989 unregistered
[2026-10-03T23:45:57.124+0000][54.098s][info][gc,metaspace] GC(3) O: Metaspace: 50M used, 51M committed, 1088M reserved
[2026-10-03T23:45:57.124+0000][54.098s][info][gc,ref      ] GC(3) O:                       Encountered   Discovered     Enqueued 
[2026-10-03T23:45:57.124+0000][54.098s][info][gc,ref      ] GC(3) O: Soft References:             3484            0            0 
[2026-10-03T23:45:57.124+0000][54.098s][info][gc,ref      ] GC(3) O: Weak References:            13007            0            0 
[2026-10-03T23:45:57.124+0000][54.098s][info][gc,ref      ] GC(3) O: Final References:              34            0            0 
[2026-10-03T23:45:57.124+0000][54.098s][info][gc,ref      ] GC(3) O: Phantom References:           619            0            0 
[2026-10-03T23:45:57.124+0000][54.098s][info][gc,heap     ] GC(3) O: Min Capacity: 512M(17%)
[2026-10-03T23:45:57.124+0000][54.098s][info][gc,heap     ] GC(3) O: Max Capacity: 3072M(100%)
[2026-10-03T23:45:57.124+0000][54.098s][info][gc,heap     ] GC(3) O: Soft Max Capacity: 3072M(100%)
[2026-10-03T23:45:57.124+0000][54.098s][info][gc,heap     ] GC(3) O: Heap Statistics:
[2026-10-03T23:45:57.124+0000][54.098s][info][gc,heap     ] GC(3) O:                Mark Start          Mark End        Relocate Start      Relocate End           High               Low         
[2026-10-03T23:45:57.124+0000][54.098s][info][gc,heap     ] GC(3) O:  Capacity:      648M (21%)         722M (24%)         722M (24%)         722M (24%)         722M (24%)         648M (21%)    
[2026-10-03T23:45:57.124+0000][54.098s][info][gc,heap     ] GC(3) O:      Free:     2456M (80%)        2760M (90%)        2758M (90%)        2758M (90%)        2760M (90%)        2350M (76%)    
[2026-10-03T23:45:57.124+0000][54.098s][info][gc,heap     ] GC(3) O:      Used:      616M (20%)         312M (10%)         314M (10%)         314M (10%)         722M (24%)         312M (10%)    
[2026-10-03T23:45:57.124+0000][54.098s][info][gc,heap     ] GC(3) O: Old Generation Statistics:
[2026-10-03T23:45:57.124+0000][54.098s][info][gc,heap     ] GC(3) O:                Mark Start          Mark End        Relocate Start      Relocate End    
[2026-10-03T23:45:57.124+0000][54.098s][info][gc,heap     ] GC(3) O:      Used:        0M (0%)            0M (0%)            0M (0%)            0M (0%)     
[2026-10-03T23:45:57.124+0000][54.098s][info][gc,heap     ] GC(3) O:      Live:         -                 0M (0%)            0M (0%)            0M (0%)     
[2026-10-03T23:45:57.124+0000][54.098s][info][gc,heap     ] GC(3) O:   Garbage:         -                 0M (0%)            0M (0%)            0M (0%)     
[2026-10-03T23:45:57.124+0000][54.098s][info][gc,heap     ] GC(3) O: Allocated:         -                 0M (0%)            0M (0%)            0M (0%)     
[2026-10-03T23:45:57.124+0000][54.098s][info][gc,heap     ] GC(3) O: Reclaimed:         -                  -                 0M (0%)            0M (0%)     
[2026-10-03T23:45:57.124+0000][54.098s][info][gc,heap     ] GC(3) O: Compacted:         -                  -                  -                 0M (0%)     
[2026-10-03T23:45:57.124+0000][54.098s][info][gc,phases   ] GC(3) O: Old Generation 312M(10%)->314M(10%) 0.019s
[2026-10-03T23:45:57.124+0000][54.098s][info][gc          ] GC(3) Major Collection (Warmup) 616M(20%)->314M(10%) 0.289s
[2026-10-03T23:45:59.808+0000][56.782s][info][gc          ] GC(4) Major Collection (Warmup)
[2026-10-03T23:45:59.808+0000][56.782s][info][gc,task     ] GC(4) Using 1 Workers for Young Generation
[2026-10-03T23:45:59.808+0000][56.782s][info][gc,task     ] GC(4) Using 1 Workers for Old Generation
[2026-10-03T23:45:59.808+0000][56.782s][info][gc,phases   ] GC(4) Y: Young Generation
[2026-10-03T23:45:59.808+0000][56.782s][info][gc,phases   ] GC(4) Y: Pause Mark Start (Major) 0.010ms
[2026-10-03T23:46:00.144+0000][57.118s][info][gc,phases   ] GC(4) Y: Concurrent Mark 335.670ms
[2026-10-03T23:46:00.144+0000][57.118s][info][gc,phases   ] GC(4) Y: Pause Mark End 0.016ms
[2026-10-03T23:46:00.146+0000][57.120s][info][gc,phases   ] GC(4) Y: Concurrent Mark Free 0.002ms
[2026-10-03T23:46:00.146+0000][57.120s][info][gc,phases   ] GC(4) Y: Concurrent Reset Relocation Set 0.014ms
[2026-10-03T23:46:00.146+0000][57.120s][info][gc,reloc    ] GC(4) Y: Using tenuring threshold: 5 (Computed)
[2026-10-03T23:46:00.153+0000][57.127s][info][gc,phases   ] GC(4) Y: Concurrent Select Relocation Set 6.659ms
[2026-10-03T23:46:00.153+0000][57.127s][info][gc,phases   ] GC(4) Y: Pause Relocate Start 0.009ms
[2026-10-03T23:46:00.227+0000][57.201s][info][gc,phases   ] GC(4) Y: Concurrent Relocate 70.665ms
[2026-10-03T23:46:00.227+0000][57.201s][info][gc,alloc    ] GC(4) Y:                         Mark Start        Mark End      Relocate Start    Relocate End   
[2026-10-03T23:46:00.227+0000][57.201s][info][gc,alloc    ] GC(4) Y: Allocation Stalls:          0                0                0                0         
[2026-10-03T23:46:00.227+0000][57.201s][info][gc,load     ] GC(4) Y: Load: 1.45 (29%) / 1.49 (30%) / 1.10 (22%)
[2026-10-03T23:46:00.227+0000][57.201s][info][gc,mmu      ] GC(4) Y: MMU: 2ms/97.3%, 5ms/98.9%, 10ms/99.5%, 20ms/99.7%, 50ms/99.9%, 100ms/99.9%
[2026-10-03T23:46:00.227+0000][57.201s][info][gc,marking  ] GC(4) Y: Mark: 1 stripe(s), 2 proactive flush(es), 1 terminate flush(es), 0 completion(s), 0 continuation(s) 
[2026-10-03T23:46:00.227+0000][57.201s][info][gc,nmethod  ] GC(4) Y: NMethods: 8935 registered, 989 unregistered
[2026-10-03T23:46:00.227+0000][57.201s][info][gc,metaspace] GC(4) Y: Metaspace: 87M used, 88M committed, 1152M reserved
[2026-10-03T23:46:00.227+0000][57.201s][info][gc,reloc    ] GC(4) Y:                        Candidates     Selected     In-Place         Size        Empty    Relocated 
[2026-10-03T23:46:00.227+0000][57.201s][info][gc,reloc    ] GC(4) Y: Small Pages:                  392          312            0         784M           2M          39M 
[2026-10-03T23:46:00.227+0000][57.201s][info][gc,reloc    ] GC(4) Y: Medium Pages:                   4            3            0         128M           0M           4M 
[2026-10-03T23:46:00.227+0000][57.201s][info][gc,reloc    ] GC(4) Y: Large Pages:                    1            0            0          12M           0M           0M 
[2026-10-03T23:46:00.227+0000][57.201s][info][gc,reloc    ] GC(4) Y: Forwarding Usage: 20M
[2026-10-03T23:46:00.227+0000][57.201s][info][gc,reloc    ] GC(4) Y: Age Table:
[2026-10-03T23:46:00.227+0000][57.201s][info][gc,reloc    ] GC(4) Y:                    Live             Garbage             Small              Medium             Large        
[2026-10-03T23:46:00.227+0000][57.201s][info][gc,reloc    ] GC(4) Y: Eden              45M (1%)          640M (21%)        327 / 300            1 / 1              0 / 0        
[2026-10-03T23:46:00.227+0000][57.201s][info][gc,reloc    ] GC(4) Y: Survivor 1        26M (1%)            5M (0%)          16 / 3              0 / 0              0 / 0        
[2026-10-03T23:46:00.227+0000][57.201s][info][gc,reloc    ] GC(4) Y: Survivor 2        45M (1%)           38M (1%)          20 / 3              1 / 0              1 / 0        
[2026-10-03T23:46:00.227+0000][57.201s][info][gc,reloc    ] GC(4) Y: Survivor 3        22M (1%)           39M (1%)          15 / 2              1 / 1              0 / 0        
[2026-10-03T23:46:00.227+0000][57.201s][info][gc,reloc    ] GC(4) Y: Survivor 4        20M (1%)           39M (1%)          14 / 4              1 / 1              0 / 0        
[2026-10-03T23:46:00.227+0000][57.201s][info][gc,heap     ] GC(4) Y: Min Capacity: 512M(17%)
[2026-10-03T23:46:00.227+0000][57.201s][info][gc,heap     ] GC(4) Y: Max Capacity: 3072M(100%)
[2026-10-03T23:46:00.227+0000][57.201s][info][gc,heap     ] GC(4) Y: Soft Max Capacity: 3072M(100%)
[2026-10-03T23:46:00.227+0000][57.201s][info][gc,heap     ] GC(4) Y: Heap Statistics:
[2026-10-03T23:46:00.227+0000][57.201s][info][gc,heap     ] GC(4) Y:                Mark Start          Mark End        Relocate Start      Relocate End           High               Low         
[2026-10-03T23:46:00.227+0000][57.201s][info][gc,heap     ] GC(4) Y:  Capacity:      924M (30%)         980M (32%)         980M (32%)        1058M (34%)        1058M (34%)         924M (30%)    
[2026-10-03T23:46:00.227+0000][57.201s][info][gc,heap     ] GC(4) Y:      Free:     2148M (70%)        2092M (68%)        2092M (68%)        2664M (87%)        2664M (87%)        2014M (66%)    
[2026-10-03T23:46:00.227+0000][57.201s][info][gc,heap     ] GC(4) Y:      Used:      924M (30%)         980M (32%)         980M (32%)         408M (13%)        1058M (34%)         408M (13%)    
[2026-10-03T23:46:00.227+0000][57.201s][info][gc,heap     ] GC(4) Y: Young Generation Statistics:
[2026-10-03T23:46:00.227+0000][57.201s][info][gc,heap     ] GC(4) Y:                Mark Start          Mark End        Relocate Start      Relocate End    
[2026-10-03T23:46:00.227+0000][57.201s][info][gc,heap     ] GC(4) Y:      Used:      924M (30%)         980M (32%)         980M (32%)         408M (13%)    
[2026-10-03T23:46:00.227+0000][57.201s][info][gc,heap     ] GC(4) Y:      Live:         -               160M (5%)          160M (5%)          160M (5%)     
[2026-10-03T23:46:00.227+0000][57.201s][info][gc,heap     ] GC(4) Y:   Garbage:         -               763M (25%)         761M (25%)           7M (0%)     
[2026-10-03T23:46:00.227+0000][57.201s][info][gc,heap     ] GC(4) Y: Allocated:         -                56M (2%)           58M (2%)          239M (8%)     
[2026-10-03T23:46:00.227+0000][57.201s][info][gc,heap     ] GC(4) Y: Reclaimed:         -                  -                 2M (0%)          755M (25%)    
[2026-10-03T23:46:00.227+0000][57.201s][info][gc,heap     ] GC(4) Y:  Promoted:         -                  -                 0M (0%)            0M (0%)     
[2026-10-03T23:46:00.227+0000][57.201s][info][gc,heap     ] GC(4) Y: Compacted:         -                  -                  -                52M (2%)     
[2026-10-03T23:46:00.227+0000][57.201s][info][gc,phases   ] GC(4) Y: Young Generation 924M(30%)->408M(13%) 0.419s
[2026-10-03T23:46:00.227+0000][57.201s][info][gc,phases   ] GC(4) O: Old Generation
[2026-10-03T23:46:00.228+0000][57.202s][info][gc,phases   ] GC(4) O: Concurrent Mark 1.329ms
[2026-10-03T23:46:00.228+0000][57.203s][info][gc,phases   ] GC(4) O: Pause Mark End 0.012ms
[2026-10-03T23:46:00.228+0000][57.203s][info][gc,phases   ] GC(4) O: Concurrent Mark Free 0.000ms
[2026-10-03T23:46:00.260+0000][57.234s][info][gc,phases   ] GC(4) O: Concurrent Process Non-Strong 31.845ms
[2026-10-03T23:46:00.260+0000][57.234s][info][gc,phases   ] GC(4) O: Concurrent Reset Relocation Set 0.001ms
[2026-10-03T23:46:00.261+0000][57.235s][info][gc,phases   ] GC(4) O: Concurrent Select Relocation Set 0.996ms
[2026-10-03T23:46:00.261+0000][57.236s][info][gc,task     ] GC(4) O: Using 1 Workers for Old Generation
[2026-10-03T23:46:00.267+0000][57.241s][info][gc,task     ] GC(4) O: Using 1 Workers for Old Generation
[2026-10-03T23:46:00.267+0000][57.241s][info][gc,phases   ] GC(4) O: Concurrent Remap Roots 5.753ms
[2026-10-03T23:46:00.267+0000][57.241s][info][gc,phases   ] GC(4) O: Pause Relocate Start 0.011ms
[2026-10-03T23:46:00.267+0000][57.242s][info][gc,phases   ] GC(4) O: Concurrent Relocate 0.075ms
[2026-10-03T23:46:00.267+0000][57.242s][info][gc,alloc    ] GC(4) O:                         Mark Start        Mark End      Relocate Start    Relocate End   
[2026-10-03T23:46:00.267+0000][57.242s][info][gc,alloc    ] GC(4) O: Allocation Stalls:          0                0                0                0         
[2026-10-03T23:46:00.267+0000][57.242s][info][gc,load     ] GC(4) O: Load: 1.45 (29%) / 1.49 (30%) / 1.10 (22%)
[2026-10-03T23:46:00.267+0000][57.242s][info][gc,mmu      ] GC(4) O: MMU: 2ms/97.3%, 5ms/98.9%, 10ms/99.5%, 20ms/99.7%, 50ms/99.9%, 100ms/99.9%
[2026-10-03T23:46:00.267+0000][57.242s][info][gc,marking  ] GC(4) O: Mark: 1 stripe(s), 1 proactive flush(es), 1 terminate flush(es), 0 completion(s), 0 continuation(s) 
[2026-10-03T23:46:00.267+0000][57.242s][info][gc,nmethod  ] GC(4) O: NMethods: 8082 registered, 1887 unregistered
[2026-10-03T23:46:00.267+0000][57.242s][info][gc,metaspace] GC(4) O: Metaspace: 87M used, 88M committed, 1152M reserved
[2026-10-03T23:46:00.267+0000][57.242s][info][gc,ref      ] GC(4) O:                       Encountered   Discovered     Enqueued 
[2026-10-03T23:46:00.267+0000][57.242s][info][gc,ref      ] GC(4) O: Soft References:             3790            0            0 
[2026-10-03T23:46:00.267+0000][57.242s][info][gc,ref      ] GC(4) O: Weak References:            28848            0            0 
[2026-10-03T23:46:00.267+0000][57.242s][info][gc,ref      ] GC(4) O: Final References:              34            0            0 
[2026-10-03T23:46:00.267+0000][57.242s][info][gc,ref      ] GC(4) O: Phantom References:           627            0            0 
[2026-10-03T23:46:00.267+0000][57.242s][info][gc,heap     ] GC(4) O: Min Capacity: 512M(17%)
[2026-10-03T23:46:00.267+0000][57.242s][info][gc,heap     ] GC(4) O: Max Capacity: 3072M(100%)
[2026-10-03T23:46:00.267+0000][57.242s][info][gc,heap     ] GC(4) O: Soft Max Capacity: 3072M(100%)
[2026-10-03T23:46:00.267+0000][57.242s][info][gc,heap     ] GC(4) O: Heap Statistics:
[2026-10-03T23:46:00.267+0000][57.242s][info][gc,heap     ] GC(4) O:                Mark Start          Mark End        Relocate Start      Relocate End           High               Low         
[2026-10-03T23:46:00.267+0000][57.242s][info][gc,heap     ] GC(4) O:  Capacity:      924M (30%)        1058M (34%)        1058M (34%)        1058M (34%)        1058M (34%)         924M (30%)    
[2026-10-03T23:46:00.267+0000][57.242s][info][gc,heap     ] GC(4) O:      Free:     2148M (70%)        2664M (87%)        2658M (87%)        2658M (87%)        2664M (87%)        2014M (66%)    
[2026-10-03T23:46:00.267+0000][57.242s][info][gc,heap     ] GC(4) O:      Used:      924M (30%)         408M (13%)         414M (13%)         414M (13%)        1058M (34%)         408M (13%)    
[2026-10-03T23:46:00.267+0000][57.242s][info][gc,heap     ] GC(4) O: Old Generation Statistics:
[2026-10-03T23:46:00.267+0000][57.242s][info][gc,heap     ] GC(4) O:                Mark Start          Mark End        Relocate Start      Relocate End    
[2026-10-03T23:46:00.267+0000][57.242s][info][gc,heap     ] GC(4) O:      Used:        0M (0%)            0M (0%)            0M (0%)            0M (0%)     
[2026-10-03T23:46:00.268+0000][57.242s][info][gc,heap     ] GC(4) O:      Live:         -                 0M (0%)            0M (0%)            0M (0%)     
[2026-10-03T23:46:00.268+0000][57.242s][info][gc,heap     ] GC(4) O:   Garbage:         -                 0M (0%)            0M (0%)            0M (0%)     
[2026-10-03T23:46:00.268+0000][57.242s][info][gc,heap     ] GC(4) O: Allocated:         -                 0M (0%)            0M (0%)            0M (0%)     
[2026-10-03T23:46:00.268+0000][57.242s][info][gc,heap     ] GC(4) O: Reclaimed:         -                  -                 0M (0%)            0M (0%)     
[2026-10-03T23:46:00.268+0000][57.242s][info][gc,heap     ] GC(4) O: Compacted:         -                  -                  -                 0M (0%)     
[2026-10-03T23:46:00.268+0000][57.242s][info][gc,phases   ] GC(4) O: Old Generation 408M(13%)->414M(13%) 0.040s
[2026-10-03T23:46:00.268+0000][57.242s][info][gc          ] GC(4) Major Collection (Warmup) 924M(30%)->414M(13%) 0.460s
[2026-10-03T23:46:07.858+0000][64.832s][info][gc          ] GC(5) Minor Collection (Allocation Rate)
[2026-10-03T23:46:07.858+0000][64.832s][info][gc,task     ] GC(5) Using 1 Workers for Young Generation
[2026-10-03T23:46:07.858+0000][64.832s][info][gc,phases   ] GC(5) y: Young Generation
[2026-10-03T23:46:07.858+0000][64.832s][info][gc,phases   ] GC(5) y: Pause Mark Start 0.016ms
[2026-10-03T23:46:08.358+0000][65.332s][info][gc,phases   ] GC(5) y: Concurrent Mark 500.313ms
[2026-10-03T23:46:08.358+0000][65.332s][info][gc,phases   ] GC(5) y: Pause Mark End 0.012ms
[2026-10-03T23:46:08.358+0000][65.332s][info][gc,phases   ] GC(5) y: Concurrent Mark Free 0.002ms
[2026-10-03T23:46:08.358+0000][65.332s][info][gc,phases   ] GC(5) y: Concurrent Reset Relocation Set 0.051ms
[2026-10-03T23:46:08.359+0000][65.333s][info][gc,reloc    ] GC(5) y: Using tenuring threshold: 4 (Computed)
[2026-10-03T23:46:08.377+0000][65.351s][info][gc,phases   ] GC(5) y: Concurrent Select Relocation Set 18.620ms
[2026-10-03T23:46:08.378+0000][65.352s][info][gc,phases   ] GC(5) y: Pause Relocate Start 0.012ms
[2026-10-03T23:46:08.478+0000][65.452s][info][gc,phases   ] GC(5) y: Concurrent Relocate 99.683ms
[2026-10-03T23:46:08.478+0000][65.452s][info][gc,alloc    ] GC(5) y:                         Mark Start        Mark End      Relocate Start    Relocate End   
[2026-10-03T23:46:08.478+0000][65.452s][info][gc,alloc    ] GC(5) y: Allocation Stalls:          0                0                0                0         
[2026-10-03T23:46:08.478+0000][65.452s][info][gc,load     ] GC(5) y: Load: 1.37 (27%) / 1.47 (29%) / 1.10 (22%)
[2026-10-03T23:46:08.478+0000][65.452s][info][gc,mmu      ] GC(5) y: MMU: 2ms/97.3%, 5ms/98.9%, 10ms/99.5%, 20ms/99.7%, 50ms/99.9%, 100ms/99.9%
[2026-10-03T23:46:08.478+0000][65.452s][info][gc,marking  ] GC(5) y: Mark: 1 stripe(s), 2 proactive flush(es), 1 terminate flush(es), 0 completion(s), 0 continuation(s) 
[2026-10-03T23:46:08.478+0000][65.452s][info][gc,nmethod  ] GC(5) y: NMethods: 15301 registered, 0 unregistered
[2026-10-03T23:46:08.478+0000][65.452s][info][gc,metaspace] GC(5) y: Metaspace: 111M used, 112M committed, 1152M reserved
[2026-10-03T23:46:08.478+0000][65.452s][info][gc,reloc    ] GC(5) y:                        Candidates     Selected     In-Place         Size        Empty    Relocated 
[2026-10-03T23:46:08.478+0000][65.452s][info][gc,reloc    ] GC(5) y: Small Pages:                  808          621            0        1616M         146M          50M 
[2026-10-03T23:46:08.478+0000][65.452s][info][gc,reloc    ] GC(5) y: Medium Pages:                   6            4            0         192M          32M           7M 
[2026-10-03T23:46:08.478+0000][65.452s][info][gc,reloc    ] GC(5) y: Large Pages:                    1            0            0          12M           0M           0M 
[2026-10-03T23:46:08.478+0000][65.452s][info][gc,reloc    ] GC(5) y: Forwarding Usage: 22M
[2026-10-03T23:46:08.478+0000][65.452s][info][gc,reloc    ] GC(5) y: Age Table:
[2026-10-03T23:46:08.478+0000][65.452s][info][gc,reloc    ] GC(5) y:                    Live             Garbage             Small              Medium             Large        
[2026-10-03T23:46:08.478+0000][65.452s][info][gc,reloc    ] GC(5) y: Eden              69M (2%)         1406M (46%)        722 / 611            1 / 1              0 / 0        
[2026-10-03T23:46:08.478+0000][65.452s][info][gc,reloc    ] GC(5) y: Survivor 1        43M (1%)           68M (2%)          24 / 2              2 / 1              0 / 0        
[2026-10-03T23:46:08.478+0000][65.452s][info][gc,reloc    ] GC(5) y: Survivor 2        26M (1%)            3M (0%)          15 / 2              0 / 0              0 / 0        
[2026-10-03T23:46:08.478+0000][65.452s][info][gc,reloc    ] GC(5) y: Survivor 3        44M (1%)           37M (1%)          19 / 1              1 / 1              1 / 0        
[2026-10-03T23:46:08.478+0000][65.452s][info][gc,reloc    ] GC(5) y: Survivor 4        21M (1%)           38M (1%)          14 / 1              1 / 0              0 / 0        
[2026-10-03T23:46:08.478+0000][65.452s][info][gc,reloc    ] GC(5) y: Survivor 5        19M (1%)           40M (1%)          14 / 4              1 / 1              0 / 0        
[2026-10-03T23:46:08.478+0000][65.452s][info][gc,heap     ] GC(5) y: Min Capacity: 512M(17%)
[2026-10-03T23:46:08.478+0000][65.452s][info][gc,heap     ] GC(5) y: Max Capacity: 3072M(100%)
[2026-10-03T23:46:08.478+0000][65.452s][info][gc,heap     ] GC(5) y: Soft Max Capacity: 3072M(100%)
[2026-10-03T23:46:08.478+0000][65.452s][info][gc,heap     ] GC(5) y: Heap Statistics:
[2026-10-03T23:46:08.478+0000][65.452s][info][gc,heap     ] GC(5) y:                Mark Start          Mark End        Relocate Start      Relocate End           High               Low         
[2026-10-03T23:46:08.478+0000][65.452s][info][gc,heap     ] GC(5) y:  Capacity:     1820M (59%)        1834M (60%)        1834M (60%)        1834M (60%)        1834M (60%)        1820M (59%)    
[2026-10-03T23:46:08.478+0000][65.452s][info][gc,heap     ] GC(5) y:      Free:     1252M (41%)        1238M (40%)        1416M (46%)        2680M (87%)        2680M (87%)        1238M (40%)    
[2026-10-03T23:46:08.478+0000][65.452s][info][gc,heap     ] GC(5) y:      Used:     1820M (59%)        1834M (60%)        1656M (54%)         392M (13%)        1834M (60%)         392M (13%)    
[2026-10-03T23:46:08.478+0000][65.452s][info][gc,heap     ] GC(5) y: Young Generation Statistics:
[2026-10-03T23:46:08.478+0000][65.452s][info][gc,heap     ] GC(5) y:                Mark Start          Mark End        Relocate Start      Relocate End    
[2026-10-03T23:46:08.478+0000][65.452s][info][gc,heap     ] GC(5) y:      Used:     1820M (59%)        1834M (60%)        1612M (52%)         308M (10%)    
[2026-10-03T23:46:08.478+0000][65.452s][info][gc,heap     ] GC(5) y:      Live:         -               226M (7%)          188M (6%)          184M (6%)     
[2026-10-03T23:46:08.478+0000][65.452s][info][gc,heap     ] GC(5) y:   Garbage:         -              1593M (52%)        1409M (46%)           5M (0%)     
[2026-10-03T23:46:08.478+0000][65.452s][info][gc,heap     ] GC(5) y: Allocated:         -                14M (0%)           14M (0%)          118M (4%)     
[2026-10-03T23:46:08.478+0000][65.452s][info][gc,heap     ] GC(5) y: Reclaimed:         -                  -               184M (6%)         1588M (52%)    
[2026-10-03T23:46:08.478+0000][65.452s][info][gc,heap     ] GC(5) y:  Promoted:         -                  -                37M (1%)           41M (1%)     
[2026-10-03T23:46:08.478+0000][65.452s][info][gc,heap     ] GC(5) y: Compacted:         -                  -                  -                69M (2%)     
[2026-10-03T23:46:08.478+0000][65.452s][info][gc,phases   ] GC(5) y: Young Generation 1820M(59%)->392M(13%) 0.621s
[2026-10-03T23:46:08.478+0000][65.452s][info][gc          ] GC(5) Minor Collection (Allocation Rate) 1820M(59%)->392M(13%) 0.621s
[2026-10-03T23:46:37.711+0000][94.685s][info][gc          ] GC(6) Minor Collection (Allocation Rate)
[2026-10-03T23:46:37.711+0000][94.685s][info][gc,task     ] GC(6) Using 1 Workers for Young Generation
[2026-10-03T23:46:37.711+0000][94.685s][info][gc,phases   ] GC(6) y: Young Generation
[2026-10-03T23:46:37.711+0000][94.685s][info][gc,phases   ] GC(6) y: Pause Mark Start 0.012ms
[2026-10-03T23:46:38.432+0000][95.407s][info][gc,phases   ] GC(6) y: Concurrent Mark 720.161ms
[2026-10-03T23:46:38.433+0000][95.407s][info][gc,phases   ] GC(6) y: Pause Mark End 0.016ms
[2026-10-03T23:46:38.433+0000][95.407s][info][gc,phases   ] GC(6) y: Concurrent Mark Free 0.003ms
[2026-10-03T23:46:38.433+0000][95.407s][info][gc,phases   ] GC(6) y: Concurrent Reset Relocation Set 0.088ms
[2026-10-03T23:46:38.433+0000][95.407s][info][gc,reloc    ] GC(6) y: Using tenuring threshold: 4 (Computed)
[2026-10-03T23:46:38.483+0000][95.457s][info][gc,phases   ] GC(6) y: Concurrent Select Relocation Set 50.519ms
[2026-10-03T23:46:38.484+0000][95.458s][info][gc,phases   ] GC(6) y: Pause Relocate Start 0.011ms
[2026-10-03T23:46:38.675+0000][95.649s][info][gc,phases   ] GC(6) y: Concurrent Relocate 191.256ms
[2026-10-03T23:46:38.675+0000][95.649s][info][gc,alloc    ] GC(6) y:                         Mark Start        Mark End      Relocate Start    Relocate End   
[2026-10-03T23:46:38.675+0000][95.649s][info][gc,alloc    ] GC(6) y: Allocation Stalls:          0                0                0                0         
[2026-10-03T23:46:38.675+0000][95.649s][info][gc,load     ] GC(6) y: Load: 2.63 (53%) / 1.74 (35%) / 1.20 (24%)
[2026-10-03T23:46:38.675+0000][95.649s][info][gc,mmu      ] GC(6) y: MMU: 2ms/97.3%, 5ms/98.9%, 10ms/99.5%, 20ms/99.7%, 50ms/99.9%, 100ms/99.9%
[2026-10-03T23:46:38.675+0000][95.649s][info][gc,marking  ] GC(6) y: Mark: 1 stripe(s), 2 proactive flush(es), 1 terminate flush(es), 0 completion(s), 0 continuation(s) 
[2026-10-03T23:46:38.675+0000][95.649s][info][gc,nmethod  ] GC(6) y: NMethods: 22405 registered, 0 unregistered
[2026-10-03T23:46:38.675+0000][95.649s][info][gc,metaspace] GC(6) y: Metaspace: 123M used, 124M committed, 1152M reserved
[2026-10-03T23:46:38.675+0000][95.649s][info][gc,reloc    ] GC(6) y:                        Candidates     Selected     In-Place         Size        Empty    Relocated 
[2026-10-03T23:46:38.675+0000][95.649s][info][gc,reloc    ] GC(6) y: Small Pages:                 1161          869            0        2322M         316M          70M 
[2026-10-03T23:46:38.675+0000][95.649s][info][gc,reloc    ] GC(6) y: Medium Pages:                   4            3            0         128M           0M           5M 
[2026-10-03T23:46:38.675+0000][95.649s][info][gc,reloc    ] GC(6) y: Large Pages:                    1            0            0          12M           0M           0M 
[2026-10-03T23:46:38.675+0000][95.649s][info][gc,reloc    ] GC(6) y: Forwarding Usage: 37M
[2026-10-03T23:46:38.675+0000][95.649s][info][gc,reloc    ] GC(6) y: Age Table:
[2026-10-03T23:46:38.675+0000][95.649s][info][gc,reloc    ] GC(6) y:                    Live             Garbage             Small              Medium             Large        
[2026-10-03T23:46:38.675+0000][95.649s][info][gc,reloc    ] GC(6) y: Eden              99M (3%)         2068M (67%)       1068 / 858            1 / 1              0 / 0        
[2026-10-03T23:46:38.675+0000][95.649s][info][gc,reloc    ] GC(6) y: Survivor 1        45M (1%)           58M (2%)          36 / 6              1 / 1              0 / 0        
[2026-10-03T23:46:38.675+0000][95.649s][info][gc,reloc    ] GC(6) y: Survivor 2        43M (1%)           36M (1%)          24 / 3              1 / 1              0 / 0        
[2026-10-03T23:46:38.675+0000][95.649s][info][gc,reloc    ] GC(6) y: Survivor 3        26M (1%)            1M (0%)          14 / 1              0 / 0              0 / 0        
[2026-10-03T23:46:38.675+0000][95.649s][info][gc,reloc    ] GC(6) y: Survivor 4        44M (1%)           37M (1%)          19 / 1              1 / 0              1 / 0        
[2026-10-03T23:46:38.675+0000][95.649s][info][gc,heap     ] GC(6) y: Min Capacity: 512M(17%)
[2026-10-03T23:46:38.675+0000][95.649s][info][gc,heap     ] GC(6) y: Max Capacity: 3072M(100%)
[2026-10-03T23:46:38.675+0000][95.649s][info][gc,heap     ] GC(6) y: Soft Max Capacity: 3072M(100%)
[2026-10-03T23:46:38.675+0000][95.649s][info][gc,heap     ] GC(6) y: Heap Statistics:
[2026-10-03T23:46:38.675+0000][95.649s][info][gc,heap     ] GC(6) y:                Mark Start          Mark End        Relocate Start      Relocate End           High               Low         
[2026-10-03T23:46:38.675+0000][95.649s][info][gc,heap     ] GC(6) y:  Capacity:     2546M (83%)        2740M (89%)        2740M (89%)        2772M (90%)        2772M (90%)        2546M (83%)    
[2026-10-03T23:46:38.675+0000][95.649s][info][gc,heap     ] GC(6) y:      Free:      526M (17%)         332M (11%)         642M (21%)        2290M (75%)        2330M (76%)         332M (11%)    
[2026-10-03T23:46:38.675+0000][95.649s][info][gc,heap     ] GC(6) y:      Used:     2546M (83%)        2740M (89%)        2430M (79%)         782M (25%)        2740M (89%)         742M (24%)    
[2026-10-03T23:46:38.675+0000][95.649s][info][gc,heap     ] GC(6) y: Young Generation Statistics:
[2026-10-03T23:46:38.675+0000][95.649s][info][gc,heap     ] GC(6) y:                Mark Start          Mark End        Relocate Start      Relocate End    
[2026-10-03T23:46:38.675+0000][95.649s][info][gc,heap     ] GC(6) y:      Used:     2462M (80%)        2656M (86%)        2298M (75%)         616M (20%)    
[2026-10-03T23:46:38.675+0000][95.649s][info][gc,heap     ] GC(6) y:      Live:         -               259M (8%)          215M (7%)          214M (7%)     
[2026-10-03T23:46:38.675+0000][95.649s][info][gc,heap     ] GC(6) y:   Garbage:         -              2202M (72%)        1882M (61%)           5M (0%)     
[2026-10-03T23:46:38.675+0000][95.649s][info][gc,heap     ] GC(6) y: Allocated:         -               194M (6%)          200M (7%)          395M (13%)    
[2026-10-03T23:46:38.675+0000][95.649s][info][gc,heap     ] GC(6) y: Reclaimed:         -                  -               319M (10%)        2197M (72%)    
[2026-10-03T23:46:38.675+0000][95.649s][info][gc,heap     ] GC(6) y:  Promoted:         -                  -                44M (1%)           44M (1%)     
[2026-10-03T23:46:38.675+0000][95.649s][info][gc,heap     ] GC(6) y: Compacted:         -                  -                  -               106M (3%)     
[2026-10-03T23:46:38.675+0000][95.649s][info][gc,phases   ] GC(6) y: Young Generation 2546M(83%)->782M(25%) 0.964s
[2026-10-03T23:46:38.675+0000][95.649s][info][gc          ] GC(6) Minor Collection (Allocation Rate) 2546M(83%)->782M(25%) 0.964s
[2026-10-03T23:46:38.675+0000][95.649s][info][gc          ] GC(7) Major Collection (CodeCache GC Threshold)
[2026-10-03T23:46:38.675+0000][95.649s][info][gc,task     ] GC(7) Using 1 Workers for Young Generation
[2026-10-03T23:46:38.675+0000][95.649s][info][gc,task     ] GC(7) Using 1 Workers for Old Generation
[2026-10-03T23:46:38.675+0000][95.649s][info][gc,phases   ] GC(7) Y: Young Generation
[2026-10-03T23:46:38.675+0000][95.649s][info][gc,phases   ] GC(7) Y: Pause Mark Start (Major) 0.016ms
[2026-10-03T23:46:39.337+0000][96.311s][info][gc,phases   ] GC(7) Y: Concurrent Mark 661.620ms
[2026-10-03T23:46:39.337+0000][96.311s][info][gc,phases   ] GC(7) Y: Pause Mark End 0.013ms
[2026-10-03T23:46:39.337+0000][96.311s][info][gc,phases   ] GC(7) Y: Concurrent Mark Free 0.002ms
[2026-10-03T23:46:39.337+0000][96.311s][info][gc,phases   ] GC(7) Y: Concurrent Reset Relocation Set 0.057ms
[2026-10-03T23:46:39.337+0000][96.312s][info][gc,reloc    ] GC(7) Y: Using tenuring threshold: 1 (Computed)
[2026-10-03T23:46:39.435+0000][96.409s][info][gc,phases   ] GC(7) Y: Concurrent Select Relocation Set 97.838ms
[2026-10-03T23:46:39.435+0000][96.410s][info][gc,phases   ] GC(7) Y: Pause Relocate Start 0.011ms
[2026-10-03T23:46:39.603+0000][96.578s][info][gc,phases   ] GC(7) Y: Concurrent Relocate 168.026ms
[2026-10-03T23:46:39.604+0000][96.578s][info][gc,alloc    ] GC(7) Y:                         Mark Start        Mark End      Relocate Start    Relocate End   
[2026-10-03T23:46:39.604+0000][96.578s][info][gc,alloc    ] GC(7) Y: Allocation Stalls:          0                0                0                0         
[2026-10-03T23:46:39.604+0000][96.578s][info][gc,load     ] GC(7) Y: Load: 2.63 (53%) / 1.74 (35%) / 1.20 (24%)
[2026-10-03T23:46:39.604+0000][96.578s][info][gc,mmu      ] GC(7) Y: MMU: 2ms/97.3%, 5ms/98.9%, 10ms/99.5%, 20ms/99.7%, 50ms/99.9%, 100ms/99.9%
[2026-10-03T23:46:39.604+0000][96.578s][info][gc,marking  ] GC(7) Y: Mark: 1 stripe(s), 2 proactive flush(es), 1 terminate flush(es), 0 completion(s), 0 continuation(s) 
[2026-10-03T23:46:39.604+0000][96.578s][info][gc,nmethod  ] GC(7) Y: NMethods: 22563 registered, 0 unregistered
[2026-10-03T23:46:39.604+0000][96.578s][info][gc,metaspace] GC(7) Y: Metaspace: 123M used, 124M committed, 1152M reserved
[2026-10-03T23:46:39.604+0000][96.578s][info][gc,reloc    ] GC(7) Y:                        Candidates     Selected     In-Place         Size        Empty    Relocated 
[2026-10-03T23:46:39.604+0000][96.578s][info][gc,reloc    ] GC(7) Y: Small Pages:                  244          117            0         488M          28M          10M 
[2026-10-03T23:46:39.604+0000][96.578s][info][gc,reloc    ] GC(7) Y: Medium Pages:                   4            3            0         128M           0M           5M 
[2026-10-03T23:46:39.604+0000][96.578s][info][gc,reloc    ] GC(7) Y: Large Pages:                    0            0            0           0M           0M           0M 
[2026-10-03T23:46:39.604+0000][96.578s][info][gc,reloc    ] GC(7) Y: Forwarding Usage: 5M
[2026-10-03T23:46:39.604+0000][96.578s][info][gc,reloc    ] GC(7) Y: Age Table:
[2026-10-03T23:46:39.604+0000][96.578s][info][gc,reloc    ] GC(7) Y:                    Live             Garbage             Small              Medium             Large        
[2026-10-03T23:46:39.604+0000][96.578s][info][gc,reloc    ] GC(7) Y: Eden               8M (0%)          261M (9%)         119 / 100            1 / 0              0 / 0        
[2026-10-03T23:46:39.604+0000][96.578s][info][gc,reloc    ] GC(7) Y: Survivor 1        98M (3%)           39M (1%)          53 / 4              1 / 1              0 / 0        
[2026-10-03T23:46:39.604+0000][96.578s][info][gc,reloc    ] GC(7) Y: Survivor 2        45M (1%)           42M (1%)          28 / 4              1 / 1              0 / 0        
[2026-10-03T23:46:39.604+0000][96.578s][info][gc,reloc    ] GC(7) Y: Survivor 3        43M (1%)           42M (1%)          27 / 6              1 / 1              0 / 0        
[2026-10-03T23:46:39.604+0000][96.578s][info][gc,reloc    ] GC(7) Y: Survivor 4        26M (1%)            7M (0%)          17 / 3              0 / 0              0 / 0        
[2026-10-03T23:46:39.604+0000][96.578s][info][gc,heap     ] GC(7) Y: Min Capacity: 512M(17%)
[2026-10-03T23:46:39.604+0000][96.578s][info][gc,heap     ] GC(7) Y: Max Capacity: 3072M(100%)
[2026-10-03T23:46:39.604+0000][96.578s][info][gc,heap     ] GC(7) Y: Soft Max Capacity: 3072M(100%)
[2026-10-03T23:46:39.604+0000][96.578s][info][gc,heap     ] GC(7) Y: Heap Statistics:
[2026-10-03T23:46:39.604+0000][96.578s][info][gc,heap     ] GC(7) Y:                Mark Start          Mark End        Relocate Start      Relocate End           High               Low         
[2026-10-03T23:46:39.604+0000][96.578s][info][gc,heap     ] GC(7) Y:  Capacity:     2772M (90%)        2772M (90%)        2772M (90%)        2772M (90%)        2772M (90%)        2772M (90%)    
[2026-10-03T23:46:39.604+0000][96.578s][info][gc,heap     ] GC(7) Y:      Free:     2290M (75%)        2010M (65%)        2022M (66%)        2250M (73%)        2306M (75%)        1988M (65%)    
[2026-10-03T23:46:39.604+0000][96.578s][info][gc,heap     ] GC(7) Y:      Used:      782M (25%)        1062M (35%)        1050M (34%)         822M (27%)        1084M (35%)         766M (25%)    
[2026-10-03T23:46:39.604+0000][96.578s][info][gc,heap     ] GC(7) Y: Young Generation Statistics:
[2026-10-03T23:46:39.604+0000][96.578s][info][gc,heap     ] GC(7) Y:                Mark Start          Mark End        Relocate Start      Relocate End    
[2026-10-03T23:46:39.604+0000][96.578s][info][gc,heap     ] GC(7) Y:      Used:      616M (20%)         896M (29%)         676M (22%)         402M (13%)    
[2026-10-03T23:46:39.604+0000][96.578s][info][gc,heap     ] GC(7) Y:      Live:         -               222M (7%)           20M (1%)            8M (0%)     
[2026-10-03T23:46:39.604+0000][96.578s][info][gc,heap     ] GC(7) Y:   Garbage:         -               393M (13%)         359M (12%)           0M (0%)     
[2026-10-03T23:46:39.604+0000][96.578s][info][gc,heap     ] GC(7) Y: Allocated:         -               280M (9%)          296M (10%)         393M (13%)    
[2026-10-03T23:46:39.604+0000][96.578s][info][gc,heap     ] GC(7) Y: Reclaimed:         -                  -                34M (1%)          393M (13%)    
[2026-10-03T23:46:39.604+0000][96.578s][info][gc,heap     ] GC(7) Y:  Promoted:         -                  -               201M (7%)          213M (7%)     
[2026-10-03T23:46:39.604+0000][96.578s][info][gc,heap     ] GC(7) Y: Compacted:         -                  -                  -                 8M (0%)     
[2026-10-03T23:46:39.604+0000][96.578s][info][gc,phases   ] GC(7) Y: Young Generation 782M(25%)->822M(27%) 0.928s
[2026-10-03T23:46:39.604+0000][96.578s][info][gc,phases   ] GC(7) O: Old Generation
[2026-10-03T23:46:39.785+0000][96.759s][info][gc,phases   ] GC(7) O: Concurrent Mark 181.395ms
[2026-10-03T23:46:39.785+0000][96.759s][info][gc,phases   ] GC(7) O: Pause Mark End 0.017ms
[2026-10-03T23:46:39.785+0000][96.759s][info][gc,phases   ] GC(7) O: Concurrent Mark Free 0.001ms
[2026-10-03T23:46:39.900+0000][96.874s][info][gc,phases   ] GC(7) O: Concurrent Process Non-Strong 114.240ms
[2026-10-03T23:46:39.900+0000][96.874s][info][gc,phases   ] GC(7) O: Concurrent Reset Relocation Set 0.001ms
[2026-10-03T23:46:39.910+0000][96.884s][info][gc,phases   ] GC(7) O: Concurrent Select Relocation Set 10.017ms
[2026-10-03T23:46:39.910+0000][96.884s][info][gc,task     ] GC(7) O: Using 1 Workers for Old Generation
[2026-10-03T23:46:39.928+0000][96.902s][info][gc,task     ] GC(7) O: Using 1 Workers for Old Generation
[2026-10-03T23:46:39.928+0000][96.902s][info][gc,phases   ] GC(7) O: Concurrent Remap Roots 17.911ms
[2026-10-03T23:46:39.928+0000][96.902s][info][gc,phases   ] GC(7) O: Pause Relocate Start 0.012ms
[2026-10-03T23:46:39.955+0000][96.929s][info][gc,phases   ] GC(7) O: Concurrent Relocate 27.003ms
[2026-10-03T23:46:39.955+0000][96.929s][info][gc,alloc    ] GC(7) O:                         Mark Start        Mark End      Relocate Start    Relocate End   
[2026-10-03T23:46:39.955+0000][96.929s][info][gc,alloc    ] GC(7) O: Allocation Stalls:          0                0                0                0         
[2026-10-03T23:46:39.955+0000][96.929s][info][gc,load     ] GC(7) O: Load: 2.63 (53%) / 1.74 (35%) / 1.20 (24%)
[2026-10-03T23:46:39.955+0000][96.929s][info][gc,mmu      ] GC(7) O: MMU: 2ms/97.3%, 5ms/98.9%, 10ms/99.5%, 20ms/99.7%, 50ms/99.9%, 100ms/99.9%
[2026-10-03T23:46:39.955+0000][96.929s][info][gc,marking  ] GC(7) O: Mark: 1 stripe(s), 2 proactive flush(es), 1 terminate flush(es), 0 completion(s), 0 continuation(s) 
[2026-10-03T23:46:39.955+0000][96.929s][info][gc,nmethod  ] GC(7) O: NMethods: 16469 registered, 6129 unregistered
[2026-10-03T23:46:39.955+0000][96.929s][info][gc,metaspace] GC(7) O: Metaspace: 123M used, 124M committed, 1152M reserved
[2026-10-03T23:46:39.955+0000][96.929s][info][gc,ref      ] GC(7) O:                       Encountered   Discovered     Enqueued 
[2026-10-03T23:46:39.955+0000][96.929s][info][gc,ref      ] GC(7) O: Soft References:             4535            0            0 
[2026-10-03T23:46:39.955+0000][96.929s][info][gc,ref      ] GC(7) O: Weak References:            46912         3261         1350 
[2026-10-03T23:46:39.955+0000][96.929s][info][gc,ref      ] GC(7) O: Final References:              59            1            0 
[2026-10-03T23:46:39.955+0000][96.929s][info][gc,ref      ] GC(7) O: Phantom References:           827          256           51 
[2026-10-03T23:46:39.955+0000][96.929s][info][gc,reloc    ] GC(7) O:                        Candidates     Selected     In-Place         Size        Empty    Relocated 
[2026-10-03T23:46:39.955+0000][96.929s][info][gc,reloc    ] GC(7) O: Small Pages:                   45           11            0          90M           0M           6M 
[2026-10-03T23:46:39.955+0000][96.929s][info][gc,reloc    ] GC(7) O: Medium Pages:                   2            1            0          64M           0M           3M 
[2026-10-03T23:46:39.955+0000][96.929s][info][gc,reloc    ] GC(7) O: Large Pages:                    1            0            0          12M           0M           0M 
[2026-10-03T23:46:39.955+0000][96.929s][info][gc,reloc    ] GC(7) O: Forwarding Usage: 7M
[2026-10-03T23:46:39.955+0000][96.929s][info][gc,heap     ] GC(7) O: Min Capacity: 512M(17%)
[2026-10-03T23:46:39.955+0000][96.929s][info][gc,heap     ] GC(7) O: Max Capacity: 3072M(100%)
[2026-10-03T23:46:39.955+0000][96.929s][info][gc,heap     ] GC(7) O: Soft Max Capacity: 3072M(100%)
[2026-10-03T23:46:39.955+0000][96.929s][info][gc,heap     ] GC(7) O: Heap Statistics:
[2026-10-03T23:46:39.955+0000][96.929s][info][gc,heap     ] GC(7) O:                Mark Start          Mark End        Relocate Start      Relocate End           High               Low         
[2026-10-03T23:46:39.955+0000][96.929s][info][gc,heap     ] GC(7) O:  Capacity:     2772M (90%)        2772M (90%)        2772M (90%)        2772M (90%)        2772M (90%)        2772M (90%)    
[2026-10-03T23:46:39.955+0000][96.929s][info][gc,heap     ] GC(7) O:      Free:     2290M (75%)        2208M (72%)        2182M (71%)        2232M (73%)        2306M (75%)        1988M (65%)    
[2026-10-03T23:46:39.955+0000][96.929s][info][gc,heap     ] GC(7) O:      Used:      782M (25%)         864M (28%)         890M (29%)         840M (27%)        1084M (35%)         766M (25%)    
[2026-10-03T23:46:39.955+0000][96.929s][info][gc,heap     ] GC(7) O: Old Generation Statistics:
[2026-10-03T23:46:39.955+0000][96.929s][info][gc,heap     ] GC(7) O:                Mark Start          Mark End        Relocate Start      Relocate End    
[2026-10-03T23:46:39.955+0000][96.929s][info][gc,heap     ] GC(7) O:      Used:      166M (5%)          420M (14%)         420M (14%)         364M (12%)    
[2026-10-03T23:46:39.955+0000][96.929s][info][gc,heap     ] GC(7) O:      Live:         -                76M (2%)           76M (2%)           76M (2%)     
[2026-10-03T23:46:39.955+0000][96.929s][info][gc,heap     ] GC(7) O:   Garbage:         -                89M (3%)           89M (3%)            4M (0%)     
[2026-10-03T23:46:39.955+0000][96.929s][info][gc,heap     ] GC(7) O: Allocated:         -               254M (8%)          254M (8%)          283M (9%)     
[2026-10-03T23:46:39.955+0000][96.929s][info][gc,heap     ] GC(7) O: Reclaimed:         -                  -                 0M (0%)           85M (3%)     
[2026-10-03T23:46:39.955+0000][96.929s][info][gc,heap     ] GC(7) O: Compacted:         -                  -                  -                24M (1%)     
[2026-10-03T23:46:39.955+0000][96.929s][info][gc,phases   ] GC(7) O: Old Generation 822M(27%)->840M(27%) 0.351s
[2026-10-03T23:46:39.955+0000][96.929s][info][gc          ] GC(7) Major Collection (CodeCache GC Threshold) 782M(25%)->840M(27%) 1.280s
[2026-10-03T23:46:54.692+0000][111.666s][info][gc          ] GC(8) Minor Collection (Allocation Rate)
[2026-10-03T23:46:54.692+0000][111.666s][info][gc,task     ] GC(8) Using 1 Workers for Young Generation
[2026-10-03T23:46:54.692+0000][111.666s][info][gc,phases   ] GC(8) y: Young Generation
[2026-10-03T23:46:54.692+0000][111.667s][info][gc,phases   ] GC(8) y: Pause Mark Start 0.015ms
[2026-10-03T23:46:55.011+0000][111.985s][info][gc,phases   ] GC(8) y: Concurrent Mark 318.060ms
[2026-10-03T23:46:55.011+0000][111.985s][info][gc,phases   ] GC(8) y: Pause Mark End 0.014ms
[2026-10-03T23:46:55.011+0000][111.985s][info][gc,phases   ] GC(8) y: Concurrent Mark Free 0.001ms
[2026-10-03T23:46:55.011+0000][111.985s][info][gc,phases   ] GC(8) y: Concurrent Reset Relocation Set 0.086ms
[2026-10-03T23:46:55.011+0000][111.985s][info][gc,reloc    ] GC(8) y: Using tenuring threshold: 2 (Computed)
[2026-10-03T23:46:55.025+0000][111.999s][info][gc,phases   ] GC(8) y: Concurrent Select Relocation Set 13.858ms
[2026-10-03T23:46:55.025+0000][111.999s][info][gc,phases   ] GC(8) y: Pause Relocate Start 0.013ms
[2026-10-03T23:46:55.176+0000][112.150s][info][gc,phases   ] GC(8) y: Concurrent Relocate 150.835ms
[2026-10-03T23:46:55.176+0000][112.150s][info][gc,alloc    ] GC(8) y:                         Mark Start        Mark End      Relocate Start    Relocate End   
[2026-10-03T23:46:55.176+0000][112.150s][info][gc,alloc    ] GC(8) y: Allocation Stalls:          0                0                0                0         
[2026-10-03T23:46:55.176+0000][112.150s][info][gc,load     ] GC(8) y: Load: 2.91 (58%) / 1.84 (37%) / 1.24 (25%)
[2026-10-03T23:46:55.176+0000][112.150s][info][gc,mmu      ] GC(8) y: MMU: 2ms/97.3%, 5ms/98.9%, 10ms/99.5%, 20ms/99.7%, 50ms/99.9%, 100ms/99.9%
[2026-10-03T23:46:55.176+0000][112.150s][info][gc,marking  ] GC(8) y: Mark: 1 stripe(s), 3 proactive flush(es), 1 terminate flush(es), 0 completion(s), 0 continuation(s) 
[2026-10-03T23:46:55.176+0000][112.150s][info][gc,nmethod  ] GC(8) y: NMethods: 17051 registered, 0 unregistered
[2026-10-03T23:46:55.176+0000][112.150s][info][gc,metaspace] GC(8) y: Metaspace: 123M used, 124M committed, 1152M reserved
[2026-10-03T23:46:55.176+0000][112.150s][info][gc,reloc    ] GC(8) y:                        Candidates     Selected     In-Place         Size        Empty    Relocated 
[2026-10-03T23:46:55.176+0000][112.150s][info][gc,reloc    ] GC(8) y: Small Pages:                  740          502            0        1480M         210M         135M 
[2026-10-03T23:46:55.176+0000][112.150s][info][gc,reloc    ] GC(8) y: Medium Pages:                   2            0            0          64M          64M           0M 
[2026-10-03T23:46:55.176+0000][112.150s][info][gc,reloc    ] GC(8) y: Large Pages:                    0            0            0           0M           0M           0M 
[2026-10-03T23:46:55.176+0000][112.150s][info][gc,reloc    ] GC(8) y: Forwarding Usage: 40M
[2026-10-03T23:46:55.176+0000][112.150s][info][gc,reloc    ] GC(8) y: Age Table:
[2026-10-03T23:46:55.176+0000][112.150s][info][gc,reloc    ] GC(8) y:                    Live             Garbage             Small              Medium             Large        
[2026-10-03T23:46:55.176+0000][112.150s][info][gc,reloc    ] GC(8) y: Eden             224M (7%)         1275M (42%)        734 / 501            1 / 0              0 / 0        
[2026-10-03T23:46:55.176+0000][112.150s][info][gc,reloc    ] GC(8) y: Survivor 1         7M (0%)           36M (1%)           6 / 1              1 / 0              0 / 0        
[2026-10-03T23:46:55.176+0000][112.150s][info][gc,heap     ] GC(8) y: Min Capacity: 512M(17%)
[2026-10-03T23:46:55.176+0000][112.150s][info][gc,heap     ] GC(8) y: Max Capacity: 3072M(100%)
[2026-10-03T23:46:55.176+0000][112.150s][info][gc,heap     ] GC(8) y: Soft Max Capacity: 3072M(100%)
[2026-10-03T23:46:55.176+0000][112.150s][info][gc,heap     ] GC(8) y: Heap Statistics:
[2026-10-03T23:46:55.176+0000][112.150s][info][gc,heap     ] GC(8) y:                Mark Start          Mark End        Relocate Start      Relocate End           High               Low         
[2026-10-03T23:46:55.176+0000][112.150s][info][gc,heap     ] GC(8) y:  Capacity:     2772M (90%)        2772M (90%)        2772M (90%)        2772M (90%)        2772M (90%)        2772M (90%)    
[2026-10-03T23:46:55.176+0000][112.150s][info][gc,heap     ] GC(8) y:      Free:     1164M (38%)         984M (32%)        1258M (41%)        2282M (74%)        2282M (74%)         984M (32%)    
[2026-10-03T23:46:55.176+0000][112.150s][info][gc,heap     ] GC(8) y:      Used:     1908M (62%)        2088M (68%)        1814M (59%)         790M (26%)        2088M (68%)         790M (26%)    
[2026-10-03T23:46:55.176+0000][112.150s][info][gc,heap     ] GC(8) y: Young Generation Statistics:
[2026-10-03T23:46:55.176+0000][112.150s][info][gc,heap     ] GC(8) y:                Mark Start          Mark End        Relocate Start      Relocate End    
[2026-10-03T23:46:55.176+0000][112.150s][info][gc,heap     ] GC(8) y:      Used:     1544M (50%)        1724M (56%)        1450M (47%)         426M (14%)    
[2026-10-03T23:46:55.176+0000][112.150s][info][gc,heap     ] GC(8) y:      Live:         -               232M (8%)          232M (8%)          232M (8%)     
[2026-10-03T23:46:55.176+0000][112.150s][info][gc,heap     ] GC(8) y:   Garbage:         -              1311M (43%)        1037M (34%)           1M (0%)     
[2026-10-03T23:46:55.176+0000][112.150s][info][gc,heap     ] GC(8) y: Allocated:         -               180M (6%)          180M (6%)          192M (6%)     
[2026-10-03T23:46:55.176+0000][112.150s][info][gc,heap     ] GC(8) y: Reclaimed:         -                  -               274M (9%)         1310M (43%)    
[2026-10-03T23:46:55.176+0000][112.150s][info][gc,heap     ] GC(8) y:  Promoted:         -                  -                 0M (0%)            0M (0%)     
[2026-10-03T23:46:55.176+0000][112.150s][info][gc,heap     ] GC(8) y: Compacted:         -                  -                  -               223M (7%)     
[2026-10-03T23:46:55.176+0000][112.150s][info][gc,phases   ] GC(8) y: Young Generation 1908M(62%)->790M(26%) 0.484s
[2026-10-03T23:46:55.176+0000][112.150s][info][gc          ] GC(8) Minor Collection (Allocation Rate) 1908M(62%)->790M(26%) 0.484s
[2026-10-03T23:46:57.144+0000][114.118s][info][gc,exit     ] Stopping ZGC
[2026-10-03T23:46:57.145+0000][114.119s][info][gc,stats    ] === Garbage Collection Statistics =======================================================================================================================
[2026-10-03T23:46:57.145+0000][114.119s][info][gc,stats    ]                                                              Last 10s              Last 10m              Last 10h                Total
[2026-10-03T23:46:57.145+0000][114.119s][info][gc,stats    ]                                                              Avg / Max             Avg / Max             Avg / Max             Avg / Max
[2026-10-03T23:46:57.145+0000][114.119s][info][gc,stats    ]        Contention: Mark Segment Reset Contention                     0 / 0                 0 / 0                 0 / 0                 0 / 0           ops/s
[2026-10-03T23:46:57.145+0000][114.119s][info][gc,stats    ]        Contention: Mark SeqNum Reset Contention                      0 / 1                 0 / 1                 0 / 1                 0 / 1           ops/s
[2026-10-03T23:46:57.145+0000][114.119s][info][gc,stats    ]          Critical: Allocation Stall                                  0 / 0                 0 / 0                 0 / 0                 0 / 0           ops/s
[2026-10-03T23:46:57.145+0000][114.119s][info][gc,stats    ]          Critical: Allocation Stall                              0.000 / 0.000         0.000 / 0.000         0.000 / 0.000         0.000 / 0.000       ms
[2026-10-03T23:46:57.145+0000][114.119s][info][gc,stats    ]          Critical: JNI Critical Stall                                0 / 0                 0 / 1                 0 / 1                 0 / 1           ops/s
[2026-10-03T23:46:57.145+0000][114.119s][info][gc,stats    ]          Critical: JNI Critical Stall                            0.000 / 0.000         0.685 / 1.293         0.685 / 1.293         0.685 / 1.293       ms
[2026-10-03T23:46:57.145+0000][114.119s][info][gc,stats    ]          Critical: Relocation Stall                                  0 / 0                 0 / 0                 0 / 0                 0 / 0           ops/s
[2026-10-03T23:46:57.145+0000][114.119s][info][gc,stats    ]          Critical: Relocation Stall                              0.000 / 0.000         0.000 / 0.000         0.000 / 0.000         0.000 / 0.000       ms
[2026-10-03T23:46:57.145+0000][114.119s][info][gc,stats    ]  Major Collection: Major Collection                              0.000 / 0.000       425.210 / 1279.829    425.210 / 1279.829    425.210 / 1279.829    ms
[2026-10-03T23:46:57.145+0000][114.119s][info][gc,stats    ]            Memory: Allocation Rate                                 100 / 782              68 / 782              68 / 782              68 / 782         MB/s
[2026-10-03T23:46:57.145+0000][114.119s][info][gc,stats    ]            Memory: Defragment                                        0 / 0                 0 / 0                 0 / 0                 0 / 0           ops/s
[2026-10-03T23:46:57.145+0000][114.119s][info][gc,stats    ]            Memory: Mapped Cache Harvest                              0 / 0                 0 / 0                 0 / 0                 0 / 0           MB/s
[2026-10-03T23:46:57.145+0000][114.119s][info][gc,stats    ]            Memory: Out Of Memory                                     0 / 0                 0 / 0                 0 / 0                 0 / 0           ops/s
[2026-10-03T23:46:57.145+0000][114.119s][info][gc,stats    ]            Memory: Uncommit                                          0 / 0                 0 / 0                 0 / 0                 0 / 0           MB/s
[2026-10-03T23:46:57.145+0000][114.119s][info][gc,stats    ]            Memory: Undo Object Allocation Failed                     0 / 0                 0 / 0                 0 / 0                 0 / 0           ops/s
[2026-10-03T23:46:57.145+0000][114.119s][info][gc,stats    ]            Memory: Undo Object Allocation Succeeded                  0 / 0                 0 / 2                 0 / 2                 0 / 2           ops/s
[2026-10-03T23:46:57.145+0000][114.119s][info][gc,stats    ]            Memory: Undo Page Allocation                              0 / 0                 0 / 4                 0 / 4                 0 / 4           ops/s
[2026-10-03T23:46:57.145+0000][114.119s][info][gc,stats    ]  Minor Collection: Minor Collection                            483.905 / 483.905     689.590 / 964.103     689.590 / 964.103     689.590 / 964.103     ms
[2026-10-03T23:46:57.145+0000][114.119s][info][gc,stats    ]    Old Generation: Old Generation                                0.000 / 0.000        80.847 / 351.094      80.847 / 351.094      80.847 / 351.094     ms
[2026-10-03T23:46:57.145+0000][114.119s][info][gc,stats    ]         Old Pause: Pause Mark End                                0.000 / 0.000         0.012 / 0.017         0.012 / 0.017         0.012 / 0.017       ms
[2026-10-03T23:46:57.145+0000][114.119s][info][gc,stats    ]         Old Pause: Pause Relocate Start                          0.000 / 0.000         0.010 / 0.013         0.010 / 0.013         0.010 / 0.013       ms
[2026-10-03T23:46:57.145+0000][114.119s][info][gc,stats    ]         Old Phase: Concurrent Mark                               0.000 / 0.000        30.768 / 181.395      30.768 / 181.395      30.768 / 181.395     ms
[2026-10-03T23:46:57.145+0000][114.119s][info][gc,stats    ]         Old Phase: Concurrent Mark Continue                      0.000 / 0.000         0.000 / 0.000         0.000 / 0.000         0.000 / 0.000       ms
[2026-10-03T23:46:57.145+0000][114.119s][info][gc,stats    ]         Old Phase: Concurrent Mark Free                          0.000 / 0.000         0.000 / 0.001         0.000 / 0.001         0.000 / 0.001       ms
[2026-10-03T23:46:57.145+0000][114.119s][info][gc,stats    ]         Old Phase: Concurrent Process Non-Strong                 0.000 / 0.000        35.651 / 114.240      35.651 / 114.240      35.651 / 114.240     ms
[2026-10-03T23:46:57.145+0000][114.119s][info][gc,stats    ]         Old Phase: Concurrent Relocate                           0.000 / 0.000         6.070 / 27.003        6.070 / 27.003        6.070 / 27.003      ms
[2026-10-03T23:46:57.145+0000][114.119s][info][gc,stats    ]         Old Phase: Concurrent Remap Roots                        0.000 / 0.000         5.859 / 17.911        5.859 / 17.911        5.859 / 17.911      ms
[2026-10-03T23:46:57.145+0000][114.119s][info][gc,stats    ]         Old Phase: Concurrent Reset Relocation Set               0.000 / 0.000         0.001 / 0.001         0.001 / 0.001         0.001 / 0.001       ms
[2026-10-03T23:46:57.145+0000][114.119s][info][gc,stats    ]         Old Phase: Concurrent Select Relocation Set              0.000 / 0.000         2.141 / 10.017        2.141 / 10.017        2.141 / 10.017      ms
[2026-10-03T23:46:57.145+0000][114.119s][info][gc,stats    ]      Old Subphase: Concurrent Classes Purge                      0.000 / 0.000         2.502 / 11.065        2.502 / 11.065        2.502 / 11.065      ms
[2026-10-03T23:46:57.145+0000][114.119s][info][gc,stats    ]      Old Subphase: Concurrent Classes Unlink                     0.000 / 0.000        30.712 / 99.828       30.712 / 99.828       30.712 / 99.828      ms
[2026-10-03T23:46:57.145+0000][114.119s][info][gc,stats    ]      Old Subphase: Concurrent Mark Follow                        0.000 / 0.000        30.462 / 180.772      30.462 / 180.772      30.462 / 180.772     ms
[2026-10-03T23:46:57.145+0000][114.119s][info][gc,stats    ]      Old Subphase: Concurrent Mark Root Colored                  0.000 / 0.000         0.106 / 0.233         0.106 / 0.233         0.106 / 0.233       ms
[2026-10-03T23:46:57.145+0000][114.119s][info][gc,stats    ]      Old Subphase: Concurrent Mark Root Uncolored                0.000 / 0.000         0.132 / 0.302         0.132 / 0.302         0.132 / 0.302       ms
[2026-10-03T23:46:57.145+0000][114.119s][info][gc,stats    ]      Old Subphase: Concurrent Mark Roots                         0.000 / 0.000         0.299 / 0.619         0.299 / 0.619         0.299 / 0.619       ms
[2026-10-03T23:46:57.145+0000][114.119s][info][gc,stats    ]      Old Subphase: Concurrent References Enqueue                 0.000 / 0.000         0.002 / 0.012         0.002 / 0.012         0.002 / 0.012       ms
[2026-10-03T23:46:57.145+0000][114.119s][info][gc,stats    ]      Old Subphase: Concurrent References Process                 0.000 / 0.000         0.123 / 0.596         0.123 / 0.596         0.123 / 0.596       ms
[2026-10-03T23:46:57.145+0000][114.119s][info][gc,stats    ]      Old Subphase: Concurrent Remap Remembered                   0.000 / 0.000         0.920 / 5.514         0.920 / 5.514         0.920 / 5.514       ms
[2026-10-03T23:46:57.145+0000][114.119s][info][gc,stats    ]      Old Subphase: Concurrent Remap Roots Colored                0.000 / 0.000         0.974 / 2.057         0.974 / 2.057         0.974 / 2.057       ms
[2026-10-03T23:46:57.145+0000][114.119s][info][gc,stats    ]      Old Subphase: Concurrent Remap Roots Uncolored              0.000 / 0.000         3.705 / 10.207        3.705 / 10.207        3.705 / 10.207      ms
[2026-10-03T23:46:57.145+0000][114.119s][info][gc,stats    ]      Old Subphase: Concurrent Roots ClassLoaderDataGraph         0.000 / 0.000         0.273 / 0.934         0.273 / 0.934         0.273 / 0.934       ms
[2026-10-03T23:46:57.145+0000][114.119s][info][gc,stats    ]      Old Subphase: Concurrent Roots CodeCache                    0.000 / 0.000         3.700 / 10.193        3.700 / 10.193        3.700 / 10.193      ms
[2026-10-03T23:46:57.145+0000][114.119s][info][gc,stats    ]      Old Subphase: Concurrent Roots JavaThreads                  0.000 / 0.000         0.047 / 0.302         0.047 / 0.302         0.047 / 0.302       ms
[2026-10-03T23:46:57.145+0000][114.119s][info][gc,stats    ]      Old Subphase: Concurrent Roots OopStorageSet                0.000 / 0.000         0.018 / 0.062         0.018 / 0.062         0.018 / 0.062       ms
[2026-10-03T23:46:57.145+0000][114.119s][info][gc,stats    ]      Old Subphase: Concurrent Weak Roots OopStorageSet           0.000 / 0.000         1.097 / 3.401         1.097 / 3.401         1.097 / 3.401       ms
[2026-10-03T23:46:57.145+0000][114.119s][info][gc,stats    ]            System: Java Threads                                     41 / 41               22 / 43               22 / 43               22 / 43          threads
[2026-10-03T23:46:57.145+0000][114.119s][info][gc,stats    ]  Young Generation: Young Generation                              0.000 / 0.000       343.995 / 928.406     343.995 / 928.406     343.995 / 928.406     ms
[2026-10-03T23:46:57.145+0000][114.119s][info][gc,stats    ]  Young Generation: Young Generation                            483.726 / 483.726     689.409 / 963.921     689.409 / 963.921     689.409 / 963.921     ms
[2026-10-03T23:46:57.145+0000][114.119s][info][gc,stats    ]  Young Generation: Young Generation (Collect Roots)              0.000 / 0.000         0.000 / 0.000         0.000 / 0.000         0.000 / 0.000       ms
[2026-10-03T23:46:57.145+0000][114.119s][info][gc,stats    ]  Young Generation: Young Generation (Promote All)                0.000 / 0.000         0.000 / 0.000         0.000 / 0.000         0.000 / 0.000       ms
[2026-10-03T23:46:57.145+0000][114.119s][info][gc,stats    ]       Young Pause: Pause Mark End                                0.014 / 0.014         0.017 / 0.047         0.017 / 0.047         0.017 / 0.047       ms
[2026-10-03T23:46:57.145+0000][114.119s][info][gc,stats    ]       Young Pause: Pause Mark Start                              0.015 / 0.015         0.014 / 0.016         0.014 / 0.016         0.014 / 0.016       ms
[2026-10-03T23:46:57.145+0000][114.119s][info][gc,stats    ]       Young Pause: Pause Mark Start (Major)                      0.000 / 0.000         0.013 / 0.016         0.013 / 0.016         0.013 / 0.016       ms
[2026-10-03T23:46:57.145+0000][114.119s][info][gc,stats    ]       Young Pause: Pause Relocate Start                          0.013 / 0.013         0.010 / 0.013         0.010 / 0.013         0.010 / 0.013       ms
[2026-10-03T23:46:57.145+0000][114.119s][info][gc,stats    ]       Young Phase: Concurrent Mark                             318.060 / 318.060     344.185 / 720.161     344.185 / 720.161     344.185 / 720.161     ms
[2026-10-03T23:46:57.145+0000][114.119s][info][gc,stats    ]       Young Phase: Concurrent Mark Continue                      0.000 / 0.000         0.000 / 0.000         0.000 / 0.000         0.000 / 0.000       ms
[2026-10-03T23:46:57.145+0000][114.119s][info][gc,stats    ]       Young Phase: Concurrent Mark Free                          0.001 / 0.001         0.002 / 0.003         0.002 / 0.003         0.002 / 0.003       ms
[2026-10-03T23:46:57.145+0000][114.119s][info][gc,stats    ]       Young Phase: Concurrent Relocate                         150.835 / 150.835      90.086 / 191.256      90.086 / 191.256      90.086 / 191.256     ms
[2026-10-03T23:46:57.145+0000][114.119s][info][gc,stats    ]       Young Phase: Concurrent Reset Relocation Set               0.086 / 0.086         0.037 / 0.088         0.037 / 0.088         0.037 / 0.088       ms
[2026-10-03T23:46:57.145+0000][114.119s][info][gc,stats    ]       Young Phase: Concurrent Select Relocation Set             13.858 / 13.858       23.211 / 97.838       23.211 / 97.838       23.211 / 97.838      ms
[2026-10-03T23:46:57.145+0000][114.119s][info][gc,stats    ]    Young Subphase: Concurrent Mark Follow                      278.118 / 278.118     324.804 / 687.033     324.804 / 687.033     324.804 / 687.033     ms
[2026-10-03T23:46:57.145+0000][114.119s][info][gc,stats    ]    Young Subphase: Concurrent Mark Root Colored                  3.327 / 3.327         5.258 / 8.936         5.258 / 8.936         5.258 / 8.936       ms
[2026-10-03T23:46:57.145+0000][114.119s][info][gc,stats    ]    Young Subphase: Concurrent Mark Root Uncolored               36.558 / 36.558       14.019 / 36.558       14.019 / 36.558       14.019 / 36.558      ms
[2026-10-03T23:46:57.145+0000][114.119s][info][gc,stats    ]    Young Subphase: Concurrent Mark Roots                        39.939 / 39.939       19.378 / 39.939       19.378 / 39.939       19.378 / 39.939      ms
[2026-10-03T23:46:57.145+0000][114.119s][info][gc,stats    ]    Young Subphase: Concurrent Relocate Remset FP                 0.032 / 0.032        24.946 / 142.410      24.946 / 142.410      24.946 / 142.410     ms
[2026-10-03T23:46:57.145+0000][114.119s][info][gc,stats    ]    Young Subphase: Concurrent Roots ClassLoaderDataGraph         1.016 / 1.016         1.043 / 1.995         1.043 / 1.995         1.043 / 1.995       ms
[2026-10-03T23:46:57.145+0000][114.119s][info][gc,stats    ]    Young Subphase: Concurrent Roots CodeCache                   32.160 / 32.160       12.963 / 32.160       12.963 / 32.160       12.963 / 32.160      ms
[2026-10-03T23:46:57.145+0000][114.119s][info][gc,stats    ]    Young Subphase: Concurrent Roots JavaThreads                  2.203 / 4.395         0.531 / 4.395         0.531 / 4.395         0.531 / 4.395       ms
[2026-10-03T23:46:57.145+0000][114.119s][info][gc,stats    ]    Young Subphase: Concurrent Roots OopStorageSet                0.044 / 0.044         0.094 / 0.179         0.094 / 0.179         0.094 / 0.179       ms
[2026-10-03T23:46:57.145+0000][114.119s][info][gc,stats    ]    Young Subphase: Concurrent Weak Roots OopStorageSet           2.264 / 2.264         4.117 / 7.224         4.117 / 7.224         4.117 / 7.224       ms
[2026-10-03T23:46:57.145+0000][114.119s][info][gc,stats    ] =========================================================================================================================================================
[2026-10-03T23:46:57.145+0000][114.119s][info][gc,exit     ] Heap
[2026-10-03T23:46:57.145+0000][114.119s][info][gc,exit     ]  ZHeap           used 868M, capacity 2772M, max capacity 3072M
[2026-10-03T23:46:57.145+0000][114.119s][info][gc,exit     ]   Cache          1904M (6)
[2026-10-03T23:46:57.145+0000][114.119s][info][gc,exit     ]    size classes  64M (3), 128M (1), 256M (1), 512M (1)
[2026-10-03T23:46:57.145+0000][114.119s][info][gc,exit     ]  Metaspace       used 126594K, committed 127744K, reserved 1179648K
[2026-10-03T23:46:57.145+0000][114.119s][info][gc,exit     ]   class space    used 21098K, committed 21568K, reserved 1048576K
